path,actor_id,emotion,emo_code,filename,path_exists,audio_size_bytes,audio_mtime_ns
/Users/jordanacle/Downloads/archive/Crema/1001_IEO_ANG_HI.wav,1001,angry,ANG,1001_IEO_ANG_HI.wav,True,61972,1611608458000000000
/Users/jordanacle/Downloads/archive/Crema/1001_DFA_HAP_XX.wav,1001,happy,HAP,1001_DFA_HAP_XX.wav,True,59836,1611608458000000000
/Users/jordanacle/Downloads/archive/Crema/1001_IEO_ANG_LO.wav,1001,angry,ANG,1001_IEO_ANG_LO.wav,True,66244,1611608458000000000
/Users/jordanacle/Downloads/archive/Crema/1001_IEO_FEA_LO.wav,1001,fear,FEA,1001_IEO_FEA_LO.wav,True,49160,1611608458000000000
/Users/jordanacle/Downloads/archive/Crema/1001_DFA_FEA_XX.wav,1001,fear,FEA,1001_DFA_FEA_XX.wav,True,69446,1611608458000000000
/Users/jordanacle/Downloads/archive/Crema/1001_IEO_DIS_MD.wav,1001,disgust,DIS,1001_IEO_DIS_MD.wav,True,60904,1611608458000000000
/Users/jordanacle/Downloads/archive/Crema/1001_DFA_SAD_XX.wav,1001,sad,SAD,1001_DFA_SAD_XX.wav,True,64108,1611608458000000000
/Users/jordanacle/Downloads/archive/Crema/1001_DFA_NEU_XX.wav,1001,neutral,NEU,1001_DFA_NEU_XX.wav,True,65176,1611608458000000000
/Users/jordanacle/Downloads/archive/Crema/1001_DFA_DIS_XX.wav,1001,disgust,DIS,1001_DFA_DIS_XX.wav,True,74786,1611608456000000000
/Users/jordanacle/Downloads/archive/Crema/1001_IEO_DIS_LO.wav,1001,disgust,DIS,1001_IEO_DIS_LO.wav,True,64108,1611608458000000000
/Users/jordanacle/Downloads/archive/Crema/1001_IEO_HAP_HI.wav,1001,happy,HAP,1001_IEO_HAP_HI.wav,True,56634,1611608458000000000
/Users/jordanacle/Downloads/archive/Crema/1001_IEO_FEA_MD.wav,1001,fear,FEA,1001_IEO_FEA_MD.wav,True,51296,1611608458000000000
/Users/jordanacle/Downloads/archive/Crema/1001_IEO_HAP_LO.wav,1001,happy,HAP,1001_IEO_HAP_LO.wav,True,54498,1611608458000000000
/Users/jordanacle/Downloads/archive/Crema/1001_IEO_SAD_LO.wav,1001,sad,SAD,1001_IEO_SAD_LO.wav,True,60904,1611608460000000000
/Users/jordanacle/Downloads/archive/Crema/1001_IEO_HAP_MD.wav,1001,happy,HAP,1001_IEO_HAP_MD.wav,True,53430,1611608458000000000
/Users/jordanacle/Downloads/archive/Crema/1001_IEO_SAD_MD.wav,1001,sad,SAD,1001_IEO_SAD_MD.wav,True,55566,1611608460000000000
/Users/jordanacle/Downloads/archive/Crema/1001_IOM_ANG_XX.wav,1001,angry,ANG,1001_IOM_ANG_XX.wav,True,68378,1611608460000000000
/Users/jordanacle/Downloads/archive/Crema/1001_IOM_DIS_XX.wav,1001,disgust,DIS,1001_IOM_DIS_XX.wav,True,72650,1611608460000000000
/Users/jordanacle/Downloads/archive/Crema/1001_IOM_FEA_XX.wav,1001,fear,FEA,1001_IOM_FEA_XX.wav,True,90802,1611608460000000000
/Users/jordanacle/Downloads/archive/Crema/1001_IOM_HAP_XX.wav,1001,happy,HAP,1001_IOM_HAP_XX.wav,True,64108,1611608460000000000
/Users/jordanacle/Downloads/archive/Crema/1001_IOM_SAD_XX.wav,1001,sad,SAD,1001_IOM_SAD_XX.wav,True,61972,1611608460000000000
/Users/jordanacle/Downloads/archive/Crema/1001_ITH_ANG_XX.wav,1001,angry,ANG,1001_ITH_ANG_XX.wav,True,75852,1611608460000000000
/Users/jordanacle/Downloads/archive/Crema/1001_ITH_NEU_XX.wav,1001,neutral,NEU,1001_ITH_NEU_XX.wav,True,83328,1611608460000000000
/Users/jordanacle/Downloads/archive/Crema/1001_ITH_HAP_XX.wav,1001,happy,HAP,1001_ITH_HAP_XX.wav,True,79056,1611608460000000000
/Users/jordanacle/Downloads/archive/Crema/1001_ITS_ANG_XX.wav,1001,angry,ANG,1001_ITS_ANG_XX.wav,True,82260,1611608460000000000
/Users/jordanacle/Downloads/archive/Crema/1001_ITS_DIS_XX.wav,1001,disgust,DIS,1001_ITS_DIS_XX.wav,True,70514,1611608460000000000
/Users/jordanacle/Downloads/archive/Crema/1001_ITS_HAP_XX.wav,1001,happy,HAP,1001_ITS_HAP_XX.wav,True,70514,1611608460000000000
/Users/jordanacle/Downloads/archive/Crema/1001_IWL_ANG_XX.wav,1001,angry,ANG,1001_IWL_ANG_XX.wav,True,101478,1611608460000000000
/Users/jordanacle/Downloads/archive/Crema/1001_ITS_NEU_XX.wav,1001,neutral,NEU,1001_ITS_NEU_XX.wav,True,77988,1611608460000000000
/Users/jordanacle/Downloads/archive/Crema/1001_IWL_DIS_XX.wav,1001,disgust,DIS,1001_IWL_DIS_XX.wav,True,82260,1611608462000000000
/Users/jordanacle/Downloads/archive/Crema/1001_IWL_NEU_XX.wav,1001,neutral,NEU,1001_IWL_NEU_XX.wav,True,90802,1611608462000000000
/Users/jordanacle/Downloads/archive/Crema/1001_IWL_FEA_XX.wav,1001,fear,FEA,1001_IWL_FEA_XX.wav,True,75852,1611608462000000000
/Users/jordanacle/Downloads/archive/Crema/1001_IWL_SAD_XX.wav,1001,sad,SAD,1001_IWL_SAD_XX.wav,True,90802,1611608462000000000
/Users/jordanacle/Downloads/archive/Crema/1001_IWW_ANG_XX.wav,1001,angry,ANG,1001_IWW_ANG_XX.wav,True,72862,1611608462000000000
/Users/jordanacle/Downloads/archive/Crema/1001_IWW_FEA_XX.wav,1001,fear,FEA,1001_IWW_FEA_XX.wav,True,70514,1611608462000000000
/Users/jordanacle/Downloads/archive/Crema/1001_MTI_DIS_XX.wav,1001,disgust,DIS,1001_MTI_DIS_XX.wav,True,94004,1611608462000000000
/Users/jordanacle/Downloads/archive/Crema/1001_IWW_SAD_XX.wav,1001,sad,SAD,1001_IWW_SAD_XX.wav,True,65176,1611608462000000000
/Users/jordanacle/Downloads/archive/Crema/1001_IWW_NEU_XX.wav,1001,neutral,NEU,1001_IWW_NEU_XX.wav,True,72650,1611608462000000000
/Users/jordanacle/Downloads/archive/Crema/1001_IWW_DIS_XX.wav,1001,disgust,DIS,1001_IWW_DIS_XX.wav,True,66244,1611608462000000000
/Users/jordanacle/Downloads/archive/Crema/1001_MTI_FEA_XX.wav,1001,fear,FEA,1001_MTI_FEA_XX.wav,True,75852,1611608462000000000
/Users/jordanacle/Downloads/archive/Crema/1001_MTI_NEU_XX.wav,1001,neutral,NEU,1001_MTI_NEU_XX.wav,True,73718,1611608462000000000
/Users/jordanacle/Downloads/archive/Crema/1001_MTI_HAP_XX.wav,1001,happy,HAP,1001_MTI_HAP_XX.wav,True,75852,1611608462000000000
/Users/jordanacle/Downloads/archive/Crema/1001_MTI_SAD_XX.wav,1001,sad,SAD,1001_MTI_SAD_XX.wav,True,73718,1611608462000000000
/Users/jordanacle/Downloads/archive/Crema/1001_TAI_ANG_XX.wav,1001,angry,ANG,1001_TAI_ANG_XX.wav,True,74786,1611608462000000000
/Users/jordanacle/Downloads/archive/Crema/1001_TIE_ANG_XX.wav,1001,angry,ANG,1001_TIE_ANG_XX.wav,True,99344,1611608464000000000
/Users/jordanacle/Downloads/archive/Crema/1001_TAI_HAP_XX.wav,1001,happy,HAP,1001_TAI_HAP_XX.wav,True,80124,1611608462000000000
/Users/jordanacle/Downloads/archive/Crema/1001_TAI_FEA_XX.wav,1001,fear,FEA,1001_TAI_FEA_XX.wav,True,76920,1611608462000000000
/Users/jordanacle/Downloads/archive/Crema/1001_TAI_NEU_XX.wav,1001,neutral,NEU,1001_TAI_NEU_XX.wav,True,82260,1611608462000000000
/Users/jordanacle/Downloads/archive/Crema/1001_TAI_DIS_XX.wav,1001,disgust,DIS,1001_TAI_DIS_XX.wav,True,87598,1611608462000000000
/Users/jordanacle/Downloads/archive/Crema/1001_TIE_DIS_XX.wav,1001,disgust,DIS,1001_TIE_DIS_XX.wav,True,70514,1611608464000000000
/Users/jordanacle/Downloads/archive/Crema/1001_TIE_HAP_XX.wav,1001,happy,HAP,1001_TIE_HAP_XX.wav,True,73718,1611608464000000000
/Users/jordanacle/Downloads/archive/Crema/1001_TSI_ANG_XX.wav,1001,angry,ANG,1001_TSI_ANG_XX.wav,True,80124,1611608464000000000
/Users/jordanacle/Downloads/archive/Crema/1001_TIE_NEU_XX.wav,1001,neutral,NEU,1001_TIE_NEU_XX.wav,True,81192,1611608464000000000
/Users/jordanacle/Downloads/archive/Crema/1001_TSI_SAD_XX.wav,1001,sad,SAD,1001_TSI_SAD_XX.wav,True,80124,1611608466000000000
/Users/jordanacle/Downloads/archive/Crema/1001_TSI_HAP_XX.wav,1001,happy,HAP,1001_TSI_HAP_XX.wav,True,69446,1611608464000000000
/Users/jordanacle/Downloads/archive/Crema/1001_TSI_FEA_XX.wav,1001,fear,FEA,1001_TSI_FEA_XX.wav,True,60904,1611608464000000000
/Users/jordanacle/Downloads/archive/Crema/1001_WSI_DIS_XX.wav,1001,disgust,DIS,1001_WSI_DIS_XX.wav,True,85462,1611608466000000000
/Users/jordanacle/Downloads/archive/Crema/1001_WSI_FEA_XX.wav,1001,fear,FEA,1001_WSI_FEA_XX.wav,True,74786,1611608466000000000
/Users/jordanacle/Downloads/archive/Crema/1001_TSI_DIS_XX.wav,1001,disgust,DIS,1001_TSI_DIS_XX.wav,True,69446,1611608464000000000
/Users/jordanacle/Downloads/archive/Crema/1001_WSI_HAP_XX.wav,1001,happy,HAP,1001_WSI_HAP_XX.wav,True,72862,1611608468000000000
/Users/jordanacle/Downloads/archive/Crema/1001_WSI_NEU_XX.wav,1001,neutral,NEU,1001_WSI_NEU_XX.wav,True,87598,1611608468000000000
/Users/jordanacle/Downloads/archive/Crema/1001_WSI_SAD_XX.wav,1001,sad,SAD,1001_WSI_SAD_XX.wav,True,74786,1611608468000000000
/Users/jordanacle/Downloads/archive/Crema/1002_DFA_ANG_XX.wav,1002,angry,ANG,1002_DFA_ANG_XX.wav,True,82260,1611608468000000000
/Users/jordanacle/Downloads/archive/Crema/1002_DFA_SAD_XX.wav,1002,sad,SAD,1002_DFA_SAD_XX.wav,True,75852,1611608468000000000
/Users/jordanacle/Downloads/archive/Crema/1002_DFA_NEU_XX.wav,1002,neutral,NEU,1002_DFA_NEU_XX.wav,True,80124,1611608468000000000
/Users/jordanacle/Downloads/archive/Crema/1002_IEO_DIS_HI.wav,1002,disgust,DIS,1002_IEO_DIS_HI.wav,True,96140,1611608470000000000
/Users/jordanacle/Downloads/archive/Crema/1002_IEO_ANG_MD.wav,1002,angry,ANG,1002_IEO_ANG_MD.wav,True,88666,1611608470000000000
/Users/jordanacle/Downloads/archive/Crema/1002_IEO_ANG_LO.wav,1002,angry,ANG,1002_IEO_ANG_LO.wav,True,76920,1611608470000000000
/Users/jordanacle/Downloads/archive/Crema/1002_DFA_HAP_XX.wav,1002,happy,HAP,1002_DFA_HAP_XX.wav,True,70514,1611608468000000000
/Users/jordanacle/Downloads/archive/Crema/1002_IEO_DIS_LO.wav,1002,disgust,DIS,1002_IEO_DIS_LO.wav,True,91870,1611608470000000000
/Users/jordanacle/Downloads/archive/Crema/1002_IEO_FEA_HI.wav,1002,fear,FEA,1002_IEO_FEA_HI.wav,True,102546,1611608470000000000
/Users/jordanacle/Downloads/archive/Crema/1002_IEO_FEA_LO.wav,1002,fear,FEA,1002_IEO_FEA_LO.wav,True,83328,1611608470000000000
/Users/jordanacle/Downloads/archive/Crema/1002_IEO_HAP_HI.wav,1002,happy,HAP,1002_IEO_HAP_HI.wav,True,80124,1611608470000000000
/Users/jordanacle/Downloads/archive/Crema/1002_IEO_HAP_MD.wav,1002,happy,HAP,1002_IEO_HAP_MD.wav,True,72650,1611608470000000000
/Users/jordanacle/Downloads/archive/Crema/1002_IEO_NEU_XX.wav,1002,neutral,NEU,1002_IEO_NEU_XX.wav,True,82260,1611608470000000000
/Users/jordanacle/Downloads/archive/Crema/1002_IOM_DIS_XX.wav,1002,disgust,DIS,1002_IOM_DIS_XX.wav,True,88666,1611608470000000000
/Users/jordanacle/Downloads/archive/Crema/1002_IEO_SAD_LO.wav,1002,sad,SAD,1002_IEO_SAD_LO.wav,True,72650,1611608470000000000
/Users/jordanacle/Downloads/archive/Crema/1002_IOM_ANG_XX.wav,1002,angry,ANG,1002_IOM_ANG_XX.wav,True,90802,1611608470000000000
/Users/jordanacle/Downloads/archive/Crema/1002_IOM_FEA_XX.wav,1002,fear,FEA,1002_IOM_FEA_XX.wav,True,83328,1611608470000000000
/Users/jordanacle/Downloads/archive/Crema/1002_IEO_SAD_HI.wav,1002,sad,SAD,1002_IEO_SAD_HI.wav,True,87598,1611608470000000000
/Users/jordanacle/Downloads/archive/Crema/1002_IOM_NEU_XX.wav,1002,neutral,NEU,1002_IOM_NEU_XX.wav,True,74786,1611608472000000000
/Users/jordanacle/Downloads/archive/Crema/1002_IOM_SAD_XX.wav,1002,sad,SAD,1002_IOM_SAD_XX.wav,True,85462,1611608472000000000
/Users/jordanacle/Downloads/archive/Crema/1002_ITH_DIS_XX.wav,1002,disgust,DIS,1002_ITH_DIS_XX.wav,True,121766,1611608472000000000
/Users/jordanacle/Downloads/archive/Crema/1002_ITH_FEA_XX.wav,1002,fear,FEA,1002_ITH_FEA_XX.wav,True,112156,1611608472000000000
/Users/jordanacle/Downloads/archive/Crema/1002_ITH_HAP_XX.wav,1002,happy,HAP,1002_ITH_HAP_XX.wav,True,88666,1611608472000000000
/Users/jordanacle/Downloads/archive/Crema/1002_ITH_NEU_XX.wav,1002,neutral,NEU,1002_ITH_NEU_XX.wav,True,80124,1611608472000000000
/Users/jordanacle/Downloads/archive/Crema/1002_ITH_SAD_XX.wav,1002,sad,SAD,1002_ITH_SAD_XX.wav,True,87598,1611608472000000000
/Users/jordanacle/Downloads/archive/Crema/1002_ITS_ANG_XX.wav,1002,angry,ANG,1002_ITS_ANG_XX.wav,True,86530,1611608472000000000
/Users/jordanacle/Downloads/archive/Crema/1002_ITS_DIS_XX.wav,1002,disgust,DIS,1002_ITS_DIS_XX.wav,True,90802,1611608472000000000
/Users/jordanacle/Downloads/archive/Crema/1002_ITS_FEA_XX.wav,1002,fear,FEA,1002_ITS_FEA_XX.wav,True,79056,1611608472000000000
/Users/jordanacle/Downloads/archive/Crema/1002_ITS_HAP_XX.wav,1002,happy,HAP,1002_ITS_HAP_XX.wav,True,77988,1611608472000000000
/Users/jordanacle/Downloads/archive/Crema/1002_ITS_NEU_XX.wav,1002,neutral,NEU,1002_ITS_NEU_XX.wav,True,74786,1611608472000000000
/Users/jordanacle/Downloads/archive/Crema/1002_ITS_SAD_XX.wav,1002,sad,SAD,1002_ITS_SAD_XX.wav,True,84394,1611608472000000000
/Users/jordanacle/Downloads/archive/Crema/1002_IWL_ANG_XX.wav,1002,angry,ANG,1002_IWL_ANG_XX.wav,True,83328,1611608472000000000
/Users/jordanacle/Downloads/archive/Crema/1002_IWL_DIS_XX.wav,1002,disgust,DIS,1002_IWL_DIS_XX.wav,True,99344,1611608472000000000
/Users/jordanacle/Downloads/archive/Crema/1002_IWL_SAD_XX.wav,1002,sad,SAD,1002_IWL_SAD_XX.wav,True,86530,1611608472000000000
/Users/jordanacle/Downloads/archive/Crema/1002_IWL_HAP_XX.wav,1002,happy,HAP,1002_IWL_HAP_XX.wav,True,91868,1611608472000000000
/Users/jordanacle/Downloads/archive/Crema/1002_IWL_FEA_XX.wav,1002,fear,FEA,1002_IWL_FEA_XX.wav,True,103614,1611608472000000000
/Users/jordanacle/Downloads/archive/Crema/1002_IWW_ANG_XX.wav,1002,angry,ANG,1002_IWW_ANG_XX.wav,True,76920,1611608472000000000
/Users/jordanacle/Downloads/archive/Crema/1002_IWW_DIS_XX.wav,1002,disgust,DIS,1002_IWW_DIS_XX.wav,True,99344,1611608472000000000
/Users/jordanacle/Downloads/archive/Crema/1002_IWW_FEA_XX.wav,1002,fear,FEA,1002_IWW_FEA_XX.wav,True,83328,1611608472000000000
/Users/jordanacle/Downloads/archive/Crema/1002_IWW_HAP_XX.wav,1002,happy,HAP,1002_IWW_HAP_XX.wav,True,79056,1611608472000000000
/Users/jordanacle/Downloads/archive/Crema/1002_IWW_SAD_XX.wav,1002,sad,SAD,1002_IWW_SAD_XX.wav,True,75852,1611608472000000000
/Users/jordanacle/Downloads/archive/Crema/1002_MTI_ANG_XX.wav,1002,angry,ANG,1002_MTI_ANG_XX.wav,True,87598,1611608472000000000
/Users/jordanacle/Downloads/archive/Crema/1002_MTI_HAP_XX.wav,1002,happy,HAP,1002_MTI_HAP_XX.wav,True,85462,1611608472000000000
/Users/jordanacle/Downloads/archive/Crema/1002_MTI_NEU_XX.wav,1002,neutral,NEU,1002_MTI_NEU_XX.wav,True,91868,1611608472000000000
/Users/jordanacle/Downloads/archive/Crema/1002_TAI_ANG_XX.wav,1002,angry,ANG,1002_TAI_ANG_XX.wav,True,80124,1611608472000000000
/Users/jordanacle/Downloads/archive/Crema/1002_TAI_FEA_XX.wav,1002,fear,FEA,1002_TAI_FEA_XX.wav,True,88666,1611608472000000000
/Users/jordanacle/Downloads/archive/Crema/1002_TAI_HAP_XX.wav,1002,happy,HAP,1002_TAI_HAP_XX.wav,True,81192,1611608472000000000
/Users/jordanacle/Downloads/archive/Crema/1002_TAI_SAD_XX.wav,1002,sad,SAD,1002_TAI_SAD_XX.wav,True,88666,1611608472000000000
/Users/jordanacle/Downloads/archive/Crema/1002_TAI_NEU_XX.wav,1002,neutral,NEU,1002_TAI_NEU_XX.wav,True,84394,1611608472000000000
/Users/jordanacle/Downloads/archive/Crema/1002_TIE_DIS_XX.wav,1002,disgust,DIS,1002_TIE_DIS_XX.wav,True,115360,1611608472000000000
/Users/jordanacle/Downloads/archive/Crema/1002_TIE_FEA_XX.wav,1002,fear,FEA,1002_TIE_FEA_XX.wav,True,100410,1611608472000000000
/Users/jordanacle/Downloads/archive/Crema/1002_TIE_HAP_XX.wav,1002,happy,HAP,1002_TIE_HAP_XX.wav,True,76920,1611608472000000000
/Users/jordanacle/Downloads/archive/Crema/1002_TIE_SAD_XX.wav,1002,sad,SAD,1002_TIE_SAD_XX.wav,True,100410,1611608472000000000
/Users/jordanacle/Downloads/archive/Crema/1002_TSI_ANG_XX.wav,1002,angry,ANG,1002_TSI_ANG_XX.wav,True,77988,1611608472000000000
/Users/jordanacle/Downloads/archive/Crema/1002_TSI_DIS_XX.wav,1002,disgust,DIS,1002_TSI_DIS_XX.wav,True,88666,1611608472000000000
/Users/jordanacle/Downloads/archive/Crema/1002_TSI_FEA_XX.wav,1002,fear,FEA,1002_TSI_FEA_XX.wav,True,74786,1611608472000000000
/Users/jordanacle/Downloads/archive/Crema/1002_TSI_HAP_XX.wav,1002,happy,HAP,1002_TSI_HAP_XX.wav,True,65176,1611608472000000000
/Users/jordanacle/Downloads/archive/Crema/1002_TAI_DIS_XX.wav,1002,disgust,DIS,1002_TAI_DIS_XX.wav,True,102546,1611608472000000000
/Users/jordanacle/Downloads/archive/Crema/1002_TSI_NEU_XX.wav,1002,neutral,NEU,1002_TSI_NEU_XX.wav,True,75852,1611608472000000000
/Users/jordanacle/Downloads/archive/Crema/1002_WSI_ANG_XX.wav,1002,angry,ANG,1002_WSI_ANG_XX.wav,True,83328,1611608472000000000
/Users/jordanacle/Downloads/archive/Crema/1002_TSI_SAD_XX.wav,1002,sad,SAD,1002_TSI_SAD_XX.wav,True,76920,1611608472000000000
/Users/jordanacle/Downloads/archive/Crema/1002_WSI_HAP_XX.wav,1002,happy,HAP,1002_WSI_HAP_XX.wav,True,88666,1611608472000000000
/Users/jordanacle/Downloads/archive/Crema/1002_WSI_SAD_XX.wav,1002,sad,SAD,1002_WSI_SAD_XX.wav,True,87598,1611608472000000000
/Users/jordanacle/Downloads/archive/Crema/1002_WSI_NEU_XX.wav,1002,neutral,NEU,1002_WSI_NEU_XX.wav,True,77988,1611608472000000000
/Users/jordanacle/Downloads/archive/Crema/1003_DFA_ANG_XX.wav,1003,angry,ANG,1003_DFA_ANG_XX.wav,True,100410,1611608472000000000
/Users/jordanacle/Downloads/archive/Crema/1003_DFA_HAP_XX.wav,1003,happy,HAP,1003_DFA_HAP_XX.wav,True,104682,1611608472000000000
/Users/jordanacle/Downloads/archive/Crema/1003_DFA_NEU_XX.wav,1003,neutral,NEU,1003_DFA_NEU_XX.wav,True,103614,1611608472000000000
/Users/jordanacle/Downloads/archive/Crema/1003_IEO_ANG_LO.wav,1003,angry,ANG,1003_IEO_ANG_LO.wav,True,72862,1611608472000000000
/Users/jordanacle/Downloads/archive/Crema/1003_IEO_ANG_MD.wav,1003,angry,ANG,1003_IEO_ANG_MD.wav,True,82260,1611608472000000000
/Users/jordanacle/Downloads/archive/Crema/1003_IEO_DIS_HI.wav,1003,disgust,DIS,1003_IEO_DIS_HI.wav,True,101478,1611608472000000000
/Users/jordanacle/Downloads/archive/Crema/1003_IEO_DIS_LO.wav,1003,disgust,DIS,1003_IEO_DIS_LO.wav,True,64108,1611608472000000000
/Users/jordanacle/Downloads/archive/Crema/1003_IEO_DIS_MD.wav,1003,disgust,DIS,1003_IEO_DIS_MD.wav,True,66244,1611608472000000000
/Users/jordanacle/Downloads/archive/Crema/1003_IEO_FEA_HI.wav,1003,fear,FEA,1003_IEO_FEA_HI.wav,True,88666,1611608472000000000
/Users/jordanacle/Downloads/archive/Crema/1003_IEO_FEA_LO.wav,1003,fear,FEA,1003_IEO_FEA_LO.wav,True,82260,1611608472000000000
/Users/jordanacle/Downloads/archive/Crema/1003_IEO_FEA_MD.wav,1003,fear,FEA,1003_IEO_FEA_MD.wav,True,80124,1611608472000000000
/Users/jordanacle/Downloads/archive/Crema/1003_IEO_HAP_MD.wav,1003,happy,HAP,1003_IEO_HAP_MD.wav,True,73718,1611608472000000000
/Users/jordanacle/Downloads/archive/Crema/1003_IEO_HAP_HI.wav,1003,happy,HAP,1003_IEO_HAP_HI.wav,True,70514,1611608472000000000
/Users/jordanacle/Downloads/archive/Crema/1003_IEO_SAD_HI.wav,1003,sad,SAD,1003_IEO_SAD_HI.wav,True,79056,1611608472000000000
/Users/jordanacle/Downloads/archive/Crema/1003_IEO_SAD_LO.wav,1003,sad,SAD,1003_IEO_SAD_LO.wav,True,80124,1611608472000000000
/Users/jordanacle/Downloads/archive/Crema/1003_IEO_NEU_XX.wav,1003,neutral,NEU,1003_IEO_NEU_XX.wav,True,72650,1611608472000000000
/Users/jordanacle/Downloads/archive/Crema/1003_IOM_ANG_XX.wav,1003,angry,ANG,1003_IOM_ANG_XX.wav,True,87598,1611608472000000000
/Users/jordanacle/Downloads/archive/Crema/1003_IOM_DIS_XX.wav,1003,disgust,DIS,1003_IOM_DIS_XX.wav,True,105750,1611608472000000000
/Users/jordanacle/Downloads/archive/Crema/1003_IOM_FEA_XX.wav,1003,fear,FEA,1003_IOM_FEA_XX.wav,True,85462,1611608472000000000
/Users/jordanacle/Downloads/archive/Crema/1003_IOM_HAP_XX.wav,1003,happy,HAP,1003_IOM_HAP_XX.wav,True,92936,1611608472000000000
/Users/jordanacle/Downloads/archive/Crema/1003_IOM_NEU_XX.wav,1003,neutral,NEU,1003_IOM_NEU_XX.wav,True,102546,1611608472000000000
/Users/jordanacle/Downloads/archive/Crema/1003_IOM_SAD_XX.wav,1003,sad,SAD,1003_IOM_SAD_XX.wav,True,90802,1611608472000000000
/Users/jordanacle/Downloads/archive/Crema/1003_ITH_ANG_XX.wav,1003,angry,ANG,1003_ITH_ANG_XX.wav,True,117494,1611608472000000000
/Users/jordanacle/Downloads/archive/Crema/1003_ITH_DIS_XX.wav,1003,disgust,DIS,1003_ITH_DIS_XX.wav,True,129240,1611608472000000000
/Users/jordanacle/Downloads/archive/Crema/1003_ITH_HAP_XX.wav,1003,happy,HAP,1003_ITH_HAP_XX.wav,True,100410,1611608472000000000
/Users/jordanacle/Downloads/archive/Crema/1003_ITH_SAD_XX.wav,1003,sad,SAD,1003_ITH_SAD_XX.wav,True,116426,1611608472000000000
/Users/jordanacle/Downloads/archive/Crema/1003_ITH_NEU_XX.wav,1003,neutral,NEU,1003_ITH_NEU_XX.wav,True,129240,1611608472000000000
/Users/jordanacle/Downloads/archive/Crema/1003_ITS_FEA_XX.wav,1003,fear,FEA,1003_ITS_FEA_XX.wav,True,100410,1611608472000000000
/Users/jordanacle/Downloads/archive/Crema/1003_ITS_DIS_XX.wav,1003,disgust,DIS,1003_ITS_DIS_XX.wav,True,118562,1611608472000000000
/Users/jordanacle/Downloads/archive/Crema/1003_ITH_FEA_XX.wav,1003,fear,FEA,1003_ITH_FEA_XX.wav,True,113224,1611608472000000000
/Users/jordanacle/Downloads/archive/Crema/1003_ITS_HAP_XX.wav,1003,happy,HAP,1003_ITS_HAP_XX.wav,True,119630,1611608472000000000
/Users/jordanacle/Downloads/archive/Crema/1003_ITS_NEU_XX.wav,1003,neutral,NEU,1003_ITS_NEU_XX.wav,True,119630,1611608472000000000
/Users/jordanacle/Downloads/archive/Crema/1003_ITS_SAD_XX.wav,1003,sad,SAD,1003_ITS_SAD_XX.wav,True,112156,1611608472000000000
/Users/jordanacle/Downloads/archive/Crema/1003_IWL_ANG_XX.wav,1003,angry,ANG,1003_IWL_ANG_XX.wav,True,113224,1611608472000000000
/Users/jordanacle/Downloads/archive/Crema/1003_IWL_DIS_XX.wav,1003,disgust,DIS,1003_IWL_DIS_XX.wav,True,140984,1611608472000000000
/Users/jordanacle/Downloads/archive/Crema/1003_IWL_FEA_XX.wav,1003,fear,FEA,1003_IWL_FEA_XX.wav,True,117494,1611608472000000000
/Users/jordanacle/Downloads/archive/Crema/1003_IWL_HAP_XX.wav,1003,happy,HAP,1003_IWL_HAP_XX.wav,True,124968,1611608472000000000
/Users/jordanacle/Downloads/archive/Crema/1003_IWL_NEU_XX.wav,1003,neutral,NEU,1003_IWL_NEU_XX.wav,True,126036,1611608472000000000
/Users/jordanacle/Downloads/archive/Crema/1003_IWW_ANG_XX.wav,1003,angry,ANG,1003_IWW_ANG_XX.wav,True,108952,1611608472000000000
/Users/jordanacle/Downloads/archive/Crema/1003_IWL_SAD_XX.wav,1003,sad,SAD,1003_IWL_SAD_XX.wav,True,119630,1611608472000000000
/Users/jordanacle/Downloads/archive/Crema/1003_IWW_DIS_XX.wav,1003,disgust,DIS,1003_IWW_DIS_XX.wav,True,99344,1611608472000000000
/Users/jordanacle/Downloads/archive/Crema/1003_IWW_FEA_XX.wav,1003,fear,FEA,1003_IWW_FEA_XX.wav,True,71582,1611608472000000000
/Users/jordanacle/Downloads/archive/Crema/1003_IWW_HAP_XX.wav,1003,happy,HAP,1003_IWW_HAP_XX.wav,True,112156,1611608472000000000
/Users/jordanacle/Downloads/archive/Crema/1003_IWW_SAD_XX.wav,1003,sad,SAD,1003_IWW_SAD_XX.wav,True,86530,1611608472000000000
/Users/jordanacle/Downloads/archive/Crema/1003_MTI_ANG_XX.wav,1003,angry,ANG,1003_MTI_ANG_XX.wav,True,71582,1611608472000000000
/Users/jordanacle/Downloads/archive/Crema/1003_MTI_DIS_XX.wav,1003,disgust,DIS,1003_MTI_DIS_XX.wav,True,135646,1611608472000000000
/Users/jordanacle/Downloads/archive/Crema/1003_MTI_NEU_XX.wav,1003,neutral,NEU,1003_MTI_NEU_XX.wav,True,119630,1611608472000000000
/Users/jordanacle/Downloads/archive/Crema/1003_MTI_HAP_XX.wav,1003,happy,HAP,1003_MTI_HAP_XX.wav,True,105750,1611608472000000000
/Users/jordanacle/Downloads/archive/Crema/1003_TAI_DIS_XX.wav,1003,disgust,DIS,1003_TAI_DIS_XX.wav,True,102546,1611608472000000000
/Users/jordanacle/Downloads/archive/Crema/1003_TAI_FEA_XX.wav,1003,fear,FEA,1003_TAI_FEA_XX.wav,True,100410,1611608472000000000
/Users/jordanacle/Downloads/archive/Crema/1003_TAI_NEU_XX.wav,1003,neutral,NEU,1003_TAI_NEU_XX.wav,True,117494,1611608472000000000
/Users/jordanacle/Downloads/archive/Crema/1003_TAI_HAP_XX.wav,1003,happy,HAP,1003_TAI_HAP_XX.wav,True,100410,1611608472000000000
/Users/jordanacle/Downloads/archive/Crema/1003_TAI_SAD_XX.wav,1003,sad,SAD,1003_TAI_SAD_XX.wav,True,71582,1611608472000000000
/Users/jordanacle/Downloads/archive/Crema/1003_TIE_DIS_XX.wav,1003,disgust,DIS,1003_TIE_DIS_XX.wav,True,136714,1611608474000000000
/Users/jordanacle/Downloads/archive/Crema/1003_TIE_FEA_XX.wav,1003,fear,FEA,1003_TIE_FEA_XX.wav,True,92936,1611608474000000000
/Users/jordanacle/Downloads/archive/Crema/1003_TIE_HAP_XX.wav,1003,happy,HAP,1003_TIE_HAP_XX.wav,True,104682,1611608474000000000
/Users/jordanacle/Downloads/archive/Crema/1003_TIE_NEU_XX.wav,1003,neutral,NEU,1003_TIE_NEU_XX.wav,True,81192,1611608474000000000
/Users/jordanacle/Downloads/archive/Crema/1003_TSI_ANG_XX.wav,1003,angry,ANG,1003_TSI_ANG_XX.wav,True,127104,1611608474000000000
/Users/jordanacle/Downloads/archive/Crema/1003_TSI_DIS_XX.wav,1003,disgust,DIS,1003_TSI_DIS_XX.wav,True,115360,1611608474000000000
/Users/jordanacle/Downloads/archive/Crema/1003_TIE_SAD_XX.wav,1003,sad,SAD,1003_TIE_SAD_XX.wav,True,139918,1611608474000000000
/Users/jordanacle/Downloads/archive/Crema/1003_TSI_FEA_XX.wav,1003,fear,FEA,1003_TSI_FEA_XX.wav,True,103614,1611608474000000000
/Users/jordanacle/Downloads/archive/Crema/1003_TSI_NEU_XX.wav,1003,neutral,NEU,1003_TSI_NEU_XX.wav,True,110020,1611608474000000000
/Users/jordanacle/Downloads/archive/Crema/1003_TSI_SAD_XX.wav,1003,sad,SAD,1003_TSI_SAD_XX.wav,True,95072,1611608474000000000
/Users/jordanacle/Downloads/archive/Crema/1003_WSI_ANG_XX.wav,1003,angry,ANG,1003_WSI_ANG_XX.wav,True,113224,1611608474000000000
/Users/jordanacle/Downloads/archive/Crema/1003_WSI_HAP_XX.wav,1003,happy,HAP,1003_WSI_HAP_XX.wav,True,101478,1611608474000000000
/Users/jordanacle/Downloads/archive/Crema/1003_WSI_NEU_XX.wav,1003,neutral,NEU,1003_WSI_NEU_XX.wav,True,110020,1611608474000000000
/Users/jordanacle/Downloads/archive/Crema/1004_DFA_ANG_XX.wav,1004,angry,ANG,1004_DFA_ANG_XX.wav,True,98276,1611608474000000000
/Users/jordanacle/Downloads/archive/Crema/1004_DFA_HAP_XX.wav,1004,happy,HAP,1004_DFA_HAP_XX.wav,True,87598,1611608474000000000
/Users/jordanacle/Downloads/archive/Crema/1004_IEO_ANG_LO.wav,1004,angry,ANG,1004_IEO_ANG_LO.wav,True,85462,1611608474000000000
/Users/jordanacle/Downloads/archive/Crema/1004_DFA_NEU_XX.wav,1004,neutral,NEU,1004_DFA_NEU_XX.wav,True,99344,1611608474000000000
/Users/jordanacle/Downloads/archive/Crema/1004_IEO_ANG_HI.wav,1004,angry,ANG,1004_IEO_ANG_HI.wav,True,128172,1611608474000000000
/Users/jordanacle/Downloads/archive/Crema/1004_IEO_ANG_MD.wav,1004,angry,ANG,1004_IEO_ANG_MD.wav,True,92936,1611608474000000000
/Users/jordanacle/Downloads/archive/Crema/1004_IEO_DIS_HI.wav,1004,disgust,DIS,1004_IEO_DIS_HI.wav,True,154866,1611608474000000000
/Users/jordanacle/Downloads/archive/Crema/1004_IEO_DIS_LO.wav,1004,disgust,DIS,1004_IEO_DIS_LO.wav,True,77988,1611608474000000000
/Users/jordanacle/Downloads/archive/Crema/1004_IEO_FEA_HI.wav,1004,fear,FEA,1004_IEO_FEA_HI.wav,True,107884,1611608474000000000
/Users/jordanacle/Downloads/archive/Crema/1004_IEO_FEA_LO.wav,1004,fear,FEA,1004_IEO_FEA_LO.wav,True,110020,1611608474000000000
/Users/jordanacle/Downloads/archive/Crema/1004_IEO_HAP_HI.wav,1004,happy,HAP,1004_IEO_HAP_HI.wav,True,94004,1611608474000000000
/Users/jordanacle/Downloads/archive/Crema/1004_IEO_HAP_LO.wav,1004,happy,HAP,1004_IEO_HAP_LO.wav,True,76920,1611608474000000000
/Users/jordanacle/Downloads/archive/Crema/1004_IEO_HAP_MD.wav,1004,happy,HAP,1004_IEO_HAP_MD.wav,True,97208,1611608474000000000
/Users/jordanacle/Downloads/archive/Crema/1004_IEO_NEU_XX.wav,1004,neutral,NEU,1004_IEO_NEU_XX.wav,True,74786,1611608474000000000
/Users/jordanacle/Downloads/archive/Crema/1004_IEO_SAD_HI.wav,1004,sad,SAD,1004_IEO_SAD_HI.wav,True,160204,1611608474000000000
/Users/jordanacle/Downloads/archive/Crema/1004_IEO_SAD_MD.wav,1004,sad,SAD,1004_IEO_SAD_MD.wav,True,129240,1611608474000000000
/Users/jordanacle/Downloads/archive/Crema/1004_IOM_ANG_XX.wav,1004,angry,ANG,1004_IOM_ANG_XX.wav,True,83328,1611608474000000000
/Users/jordanacle/Downloads/archive/Crema/1004_IEO_SAD_LO.wav,1004,sad,SAD,1004_IEO_SAD_LO.wav,True,90802,1611608474000000000
/Users/jordanacle/Downloads/archive/Crema/1004_IOM_FEA_XX.wav,1004,fear,FEA,1004_IOM_FEA_XX.wav,True,77988,1611608474000000000
/Users/jordanacle/Downloads/archive/Crema/1004_IOM_DIS_XX.wav,1004,disgust,DIS,1004_IOM_DIS_XX.wav,True,86530,1611608474000000000
/Users/jordanacle/Downloads/archive/Crema/1004_IOM_SAD_XX.wav,1004,sad,SAD,1004_IOM_SAD_XX.wav,True,91868,1611608474000000000
/Users/jordanacle/Downloads/archive/Crema/1004_IOM_NEU_XX.wav,1004,neutral,NEU,1004_IOM_NEU_XX.wav,True,81192,1611608474000000000
/Users/jordanacle/Downloads/archive/Crema/1004_ITH_DIS_XX.wav,1004,disgust,DIS,1004_ITH_DIS_XX.wav,True,116426,1611608474000000000
/Users/jordanacle/Downloads/archive/Crema/1004_ITH_FEA_XX.wav,1004,fear,FEA,1004_ITH_FEA_XX.wav,True,119630,1611608474000000000
/Users/jordanacle/Downloads/archive/Crema/1004_ITH_NEU_XX.wav,1004,neutral,NEU,1004_ITH_NEU_XX.wav,True,116426,1611608474000000000
/Users/jordanacle/Downloads/archive/Crema/1004_ITH_HAP_XX.wav,1004,happy,HAP,1004_ITH_HAP_XX.wav,True,96140,1611608474000000000
/Users/jordanacle/Downloads/archive/Crema/1004_ITH_SAD_XX.wav,1004,sad,SAD,1004_ITH_SAD_XX.wav,True,113224,1611608474000000000
/Users/jordanacle/Downloads/archive/Crema/1004_ITS_DIS_XX.wav,1004,disgust,DIS,1004_ITS_DIS_XX.wav,True,98276,1611608474000000000
/Users/jordanacle/Downloads/archive/Crema/1004_ITS_FEA_XX.wav,1004,fear,FEA,1004_ITS_FEA_XX.wav,True,87598,1611608474000000000
/Users/jordanacle/Downloads/archive/Crema/1004_ITS_HAP_XX.wav,1004,happy,HAP,1004_ITS_HAP_XX.wav,True,91868,1611608474000000000
/Users/jordanacle/Downloads/archive/Crema/1004_ITS_SAD_XX.wav,1004,sad,SAD,1004_ITS_SAD_XX.wav,True,96140,1611608474000000000
/Users/jordanacle/Downloads/archive/Crema/1004_IWL_ANG_XX.wav,1004,angry,ANG,1004_IWL_ANG_XX.wav,True,101478,1611608474000000000
/Users/jordanacle/Downloads/archive/Crema/1004_ITS_NEU_XX.wav,1004,neutral,NEU,1004_ITS_NEU_XX.wav,True,71582,1611608474000000000
/Users/jordanacle/Downloads/archive/Crema/1004_IWL_DIS_XX.wav,1004,disgust,DIS,1004_IWL_DIS_XX.wav,True,71582,1611608474000000000
/Users/jordanacle/Downloads/archive/Crema/1004_IWL_HAP_XX.wav,1004,happy,HAP,1004_IWL_HAP_XX.wav,True,96140,1611608474000000000
/Users/jordanacle/Downloads/archive/Crema/1004_IWL_FEA_XX.wav,1004,fear,FEA,1004_IWL_FEA_XX.wav,True,107884,1611608474000000000
/Users/jordanacle/Downloads/archive/Crema/1004_IWL_SAD_XX.wav,1004,sad,SAD,1004_IWL_SAD_XX.wav,True,105750,1611608474000000000
/Users/jordanacle/Downloads/archive/Crema/1004_IWW_ANG_XX.wav,1004,angry,ANG,1004_IWW_ANG_XX.wav,True,75852,1611608474000000000
/Users/jordanacle/Downloads/archive/Crema/1004_IWW_DIS_XX.wav,1004,disgust,DIS,1004_IWW_DIS_XX.wav,True,94004,1611608474000000000
/Users/jordanacle/Downloads/archive/Crema/1004_IWW_FEA_XX.wav,1004,fear,FEA,1004_IWW_FEA_XX.wav,True,85462,1611608474000000000
/Users/jordanacle/Downloads/archive/Crema/1004_MTI_ANG_XX.wav,1004,angry,ANG,1004_MTI_ANG_XX.wav,True,105750,1611608474000000000
/Users/jordanacle/Downloads/archive/Crema/1004_IWW_SAD_XX.wav,1004,sad,SAD,1004_IWW_SAD_XX.wav,True,90802,1611608474000000000
/Users/jordanacle/Downloads/archive/Crema/1004_IWW_HAP_XX.wav,1004,happy,HAP,1004_IWW_HAP_XX.wav,True,104682,1611608474000000000
/Users/jordanacle/Downloads/archive/Crema/1004_MTI_HAP_XX.wav,1004,happy,HAP,1004_MTI_HAP_XX.wav,True,102546,1611608474000000000
/Users/jordanacle/Downloads/archive/Crema/1004_MTI_NEU_XX.wav,1004,neutral,NEU,1004_MTI_NEU_XX.wav,True,118562,1611608474000000000
/Users/jordanacle/Downloads/archive/Crema/1004_TAI_FEA_XX.wav,1004,fear,FEA,1004_TAI_FEA_XX.wav,True,94004,1611608474000000000
/Users/jordanacle/Downloads/archive/Crema/1004_TAI_HAP_XX.wav,1004,happy,HAP,1004_TAI_HAP_XX.wav,True,83328,1611608474000000000
/Users/jordanacle/Downloads/archive/Crema/1004_TAI_NEU_XX.wav,1004,neutral,NEU,1004_TAI_NEU_XX.wav,True,111088,1611608474000000000
/Users/jordanacle/Downloads/archive/Crema/1004_TAI_DIS_XX.wav,1004,disgust,DIS,1004_TAI_DIS_XX.wav,True,124968,1611608474000000000
/Users/jordanacle/Downloads/archive/Crema/1004_TIE_FEA_XX.wav,1004,fear,FEA,1004_TIE_FEA_XX.wav,True,88666,1611608474000000000
/Users/jordanacle/Downloads/archive/Crema/1004_TAI_SAD_XX.wav,1004,sad,SAD,1004_TAI_SAD_XX.wav,True,110020,1611608474000000000
/Users/jordanacle/Downloads/archive/Crema/1004_TIE_DIS_XX.wav,1004,disgust,DIS,1004_TIE_DIS_XX.wav,True,138850,1611608474000000000
/Users/jordanacle/Downloads/archive/Crema/1004_TIE_HAP_XX.wav,1004,happy,HAP,1004_TIE_HAP_XX.wav,True,95072,1611608474000000000
/Users/jordanacle/Downloads/archive/Crema/1004_TIE_NEU_XX.wav,1004,neutral,NEU,1004_TIE_NEU_XX.wav,True,74786,1611608474000000000
/Users/jordanacle/Downloads/archive/Crema/1004_TIE_SAD_XX.wav,1004,sad,SAD,1004_TIE_SAD_XX.wav,True,96140,1611608474000000000
/Users/jordanacle/Downloads/archive/Crema/1004_TSI_ANG_XX.wav,1004,angry,ANG,1004_TSI_ANG_XX.wav,True,75852,1611608474000000000
/Users/jordanacle/Downloads/archive/Crema/1004_TSI_FEA_XX.wav,1004,fear,FEA,1004_TSI_FEA_XX.wav,True,92936,1611608474000000000
/Users/jordanacle/Downloads/archive/Crema/1004_TSI_DIS_XX.wav,1004,disgust,DIS,1004_TSI_DIS_XX.wav,True,97208,1611608474000000000
/Users/jordanacle/Downloads/archive/Crema/1004_TSI_HAP_XX.wav,1004,happy,HAP,1004_TSI_HAP_XX.wav,True,74786,1611608474000000000
/Users/jordanacle/Downloads/archive/Crema/1004_TSI_NEU_XX.wav,1004,neutral,NEU,1004_TSI_NEU_XX.wav,True,71582,1611608474000000000
/Users/jordanacle/Downloads/archive/Crema/1004_TSI_SAD_XX.wav,1004,sad,SAD,1004_TSI_SAD_XX.wav,True,77988,1611608474000000000
/Users/jordanacle/Downloads/archive/Crema/1004_WSI_HAP_XX.wav,1004,happy,HAP,1004_WSI_HAP_XX.wav,True,82260,1611608474000000000
/Users/jordanacle/Downloads/archive/Crema/1004_WSI_ANG_XX.wav,1004,angry,ANG,1004_WSI_ANG_XX.wav,True,96140,1611608474000000000
/Users/jordanacle/Downloads/archive/Crema/1004_WSI_NEU_XX.wav,1004,neutral,NEU,1004_WSI_NEU_XX.wav,True,103614,1611608474000000000
/Users/jordanacle/Downloads/archive/Crema/1005_DFA_ANG_XX.wav,1005,angry,ANG,1005_DFA_ANG_XX.wav,True,83328,1611608474000000000
/Users/jordanacle/Downloads/archive/Crema/1005_DFA_FEA_XX.wav,1005,fear,FEA,1005_DFA_FEA_XX.wav,True,79056,1611608474000000000
/Users/jordanacle/Downloads/archive/Crema/1005_DFA_HAP_XX.wav,1005,happy,HAP,1005_DFA_HAP_XX.wav,True,82260,1611608474000000000
/Users/jordanacle/Downloads/archive/Crema/1005_DFA_NEU_XX.wav,1005,neutral,NEU,1005_DFA_NEU_XX.wav,True,99344,1611608474000000000
/Users/jordanacle/Downloads/archive/Crema/1005_IEO_ANG_LO.wav,1005,angry,ANG,1005_IEO_ANG_LO.wav,True,72650,1611608474000000000
/Users/jordanacle/Downloads/archive/Crema/1005_IEO_ANG_MD.wav,1005,angry,ANG,1005_IEO_ANG_MD.wav,True,87598,1611608474000000000
/Users/jordanacle/Downloads/archive/Crema/1005_IEO_FEA_HI.wav,1005,fear,FEA,1005_IEO_FEA_HI.wav,True,76920,1611608474000000000
/Users/jordanacle/Downloads/archive/Crema/1005_IEO_DIS_LO.wav,1005,disgust,DIS,1005_IEO_DIS_LO.wav,True,76920,1611608474000000000
/Users/jordanacle/Downloads/archive/Crema/1005_IEO_DIS_HI.wav,1005,disgust,DIS,1005_IEO_DIS_HI.wav,True,89734,1611608474000000000
/Users/jordanacle/Downloads/archive/Crema/1005_IEO_FEA_LO.wav,1005,fear,FEA,1005_IEO_FEA_LO.wav,True,70514,1611608474000000000
/Users/jordanacle/Downloads/archive/Crema/1005_IEO_HAP_MD.wav,1005,happy,HAP,1005_IEO_HAP_MD.wav,True,69446,1611608474000000000
/Users/jordanacle/Downloads/archive/Crema/1005_IEO_HAP_HI.wav,1005,happy,HAP,1005_IEO_HAP_HI.wav,True,72650,1611608474000000000
/Users/jordanacle/Downloads/archive/Crema/1005_IEO_NEU_XX.wav,1005,neutral,NEU,1005_IEO_NEU_XX.wav,True,67312,1611608474000000000
/Users/jordanacle/Downloads/archive/Crema/1005_IEO_SAD_HI.wav,1005,sad,SAD,1005_IEO_SAD_HI.wav,True,79056,1611608474000000000
/Users/jordanacle/Downloads/archive/Crema/1005_IEO_SAD_LO.wav,1005,sad,SAD,1005_IEO_SAD_LO.wav,True,76920,1611608474000000000
/Users/jordanacle/Downloads/archive/Crema/1005_IOM_ANG_XX.wav,1005,angry,ANG,1005_IOM_ANG_XX.wav,True,107884,1611608474000000000
/Users/jordanacle/Downloads/archive/Crema/1005_IOM_DIS_XX.wav,1005,disgust,DIS,1005_IOM_DIS_XX.wav,True,95072,1611608474000000000
/Users/jordanacle/Downloads/archive/Crema/1005_IOM_FEA_XX.wav,1005,fear,FEA,1005_IOM_FEA_XX.wav,True,102546,1611608474000000000
/Users/jordanacle/Downloads/archive/Crema/1005_IOM_NEU_XX.wav,1005,neutral,NEU,1005_IOM_NEU_XX.wav,True,87598,1611608474000000000
/Users/jordanacle/Downloads/archive/Crema/1005_ITH_DIS_XX.wav,1005,disgust,DIS,1005_ITH_DIS_XX.wav,True,119630,1611608474000000000
/Users/jordanacle/Downloads/archive/Crema/1005_IOM_SAD_XX.wav,1005,sad,SAD,1005_IOM_SAD_XX.wav,True,96140,1611608474000000000
/Users/jordanacle/Downloads/archive/Crema/1005_ITH_HAP_XX.wav,1005,happy,HAP,1005_ITH_HAP_XX.wav,True,104682,1611608474000000000
/Users/jordanacle/Downloads/archive/Crema/1005_ITH_FEA_XX.wav,1005,fear,FEA,1005_ITH_FEA_XX.wav,True,101478,1611608474000000000
/Users/jordanacle/Downloads/archive/Crema/1005_ITH_SAD_XX.wav,1005,sad,SAD,1005_ITH_SAD_XX.wav,True,104682,1611608474000000000
/Users/jordanacle/Downloads/archive/Crema/1005_ITH_NEU_XX.wav,1005,neutral,NEU,1005_ITH_NEU_XX.wav,True,107884,1611608474000000000
/Users/jordanacle/Downloads/archive/Crema/1005_ITS_DIS_XX.wav,1005,disgust,DIS,1005_ITS_DIS_XX.wav,True,100410,1611608474000000000
/Users/jordanacle/Downloads/archive/Crema/1005_ITS_FEA_XX.wav,1005,fear,FEA,1005_ITS_FEA_XX.wav,True,95072,1611608474000000000
/Users/jordanacle/Downloads/archive/Crema/1005_ITS_NEU_XX.wav,1005,neutral,NEU,1005_ITS_NEU_XX.wav,True,100410,1611608474000000000
/Users/jordanacle/Downloads/archive/Crema/1005_ITS_HAP_XX.wav,1005,happy,HAP,1005_ITS_HAP_XX.wav,True,95072,1611608474000000000
/Users/jordanacle/Downloads/archive/Crema/1005_ITS_SAD_XX.wav,1005,sad,SAD,1005_ITS_SAD_XX.wav,True,71582,1611608474000000000
/Users/jordanacle/Downloads/archive/Crema/1005_IWL_DIS_XX.wav,1005,disgust,DIS,1005_IWL_DIS_XX.wav,True,71582,1611608474000000000
/Users/jordanacle/Downloads/archive/Crema/1005_IWL_ANG_XX.wav,1005,angry,ANG,1005_IWL_ANG_XX.wav,True,107884,1611608474000000000
/Users/jordanacle/Downloads/archive/Crema/1005_IWL_HAP_XX.wav,1005,happy,HAP,1005_IWL_HAP_XX.wav,True,96140,1611608474000000000
/Users/jordanacle/Downloads/archive/Crema/1005_IWL_FEA_XX.wav,1005,fear,FEA,1005_IWL_FEA_XX.wav,True,107884,1611608474000000000
/Users/jordanacle/Downloads/archive/Crema/1005_IWL_NEU_XX.wav,1005,neutral,NEU,1005_IWL_NEU_XX.wav,True,103614,1611608474000000000
/Users/jordanacle/Downloads/archive/Crema/1005_IWW_ANG_XX.wav,1005,angry,ANG,1005_IWW_ANG_XX.wav,True,105750,1611608474000000000
/Users/jordanacle/Downloads/archive/Crema/1005_IWL_SAD_XX.wav,1005,sad,SAD,1005_IWL_SAD_XX.wav,True,118562,1611608474000000000
/Users/jordanacle/Downloads/archive/Crema/1005_IWW_DIS_XX.wav,1005,disgust,DIS,1005_IWW_DIS_XX.wav,True,99344,1611608474000000000
/Users/jordanacle/Downloads/archive/Crema/1005_IWW_FEA_XX.wav,1005,fear,FEA,1005_IWW_FEA_XX.wav,True,99344,1611608474000000000
/Users/jordanacle/Downloads/archive/Crema/1005_IWW_HAP_XX.wav,1005,happy,HAP,1005_IWW_HAP_XX.wav,True,86530,1611608474000000000
/Users/jordanacle/Downloads/archive/Crema/1005_IWW_NEU_XX.wav,1005,neutral,NEU,1005_IWW_NEU_XX.wav,True,86530,1611608474000000000
/Users/jordanacle/Downloads/archive/Crema/1005_IWW_SAD_XX.wav,1005,sad,SAD,1005_IWW_SAD_XX.wav,True,74786,1611608474000000000
/Users/jordanacle/Downloads/archive/Crema/1005_MTI_ANG_XX.wav,1005,angry,ANG,1005_MTI_ANG_XX.wav,True,118562,1611608474000000000
/Users/jordanacle/Downloads/archive/Crema/1005_MTI_FEA_XX.wav,1005,fear,FEA,1005_MTI_FEA_XX.wav,True,115360,1611608474000000000
/Users/jordanacle/Downloads/archive/Crema/1005_MTI_NEU_XX.wav,1005,neutral,NEU,1005_MTI_NEU_XX.wav,True,107884,1611608474000000000
/Users/jordanacle/Downloads/archive/Crema/1005_MTI_HAP_XX.wav,1005,happy,HAP,1005_MTI_HAP_XX.wav,True,112156,1611608474000000000
/Users/jordanacle/Downloads/archive/Crema/1005_TAI_FEA_XX.wav,1005,fear,FEA,1005_TAI_FEA_XX.wav,True,81192,1611608474000000000
/Users/jordanacle/Downloads/archive/Crema/1005_TAI_HAP_XX.wav,1005,happy,HAP,1005_TAI_HAP_XX.wav,True,90802,1611608474000000000
/Users/jordanacle/Downloads/archive/Crema/1005_TAI_DIS_XX.wav,1005,disgust,DIS,1005_TAI_DIS_XX.wav,True,116426,1611608474000000000
/Users/jordanacle/Downloads/archive/Crema/1005_TAI_NEU_XX.wav,1005,neutral,NEU,1005_TAI_NEU_XX.wav,True,105750,1611608474000000000
/Users/jordanacle/Downloads/archive/Crema/1005_TIE_FEA_XX.wav,1005,fear,FEA,1005_TIE_FEA_XX.wav,True,82260,1611608474000000000
/Users/jordanacle/Downloads/archive/Crema/1005_TIE_DIS_XX.wav,1005,disgust,DIS,1005_TIE_DIS_XX.wav,True,108952,1611608474000000000
/Users/jordanacle/Downloads/archive/Crema/1005_TAI_SAD_XX.wav,1005,sad,SAD,1005_TAI_SAD_XX.wav,True,116426,1611608474000000000
/Users/jordanacle/Downloads/archive/Crema/1005_TIE_HAP_XX.wav,1005,happy,HAP,1005_TIE_HAP_XX.wav,True,134578,1611608474000000000
/Users/jordanacle/Downloads/archive/Crema/1005_TIE_NEU_XX.wav,1005,neutral,NEU,1005_TIE_NEU_XX.wav,True,91868,1611608474000000000
/Users/jordanacle/Downloads/archive/Crema/1005_TSI_DIS_XX.wav,1005,disgust,DIS,1005_TSI_DIS_XX.wav,True,115360,1611608474000000000
/Users/jordanacle/Downloads/archive/Crema/1005_TIE_SAD_XX.wav,1005,sad,SAD,1005_TIE_SAD_XX.wav,True,150594,1611608474000000000
/Users/jordanacle/Downloads/archive/Crema/1005_TSI_ANG_XX.wav,1005,angry,ANG,1005_TSI_ANG_XX.wav,True,96140,1611608474000000000
/Users/jordanacle/Downloads/archive/Crema/1005_TSI_FEA_XX.wav,1005,fear,FEA,1005_TSI_FEA_XX.wav,True,92936,1611608474000000000
/Users/jordanacle/Downloads/archive/Crema/1005_TSI_NEU_XX.wav,1005,neutral,NEU,1005_TSI_NEU_XX.wav,True,89734,1611608474000000000
/Users/jordanacle/Downloads/archive/Crema/1005_TSI_SAD_XX.wav,1005,sad,SAD,1005_TSI_SAD_XX.wav,True,105750,1611608474000000000
/Users/jordanacle/Downloads/archive/Crema/1005_WSI_ANG_XX.wav,1005,angry,ANG,1005_WSI_ANG_XX.wav,True,108952,1611608474000000000
/Users/jordanacle/Downloads/archive/Crema/1005_WSI_FEA_XX.wav,1005,fear,FEA,1005_WSI_FEA_XX.wav,True,88666,1611608474000000000
/Users/jordanacle/Downloads/archive/Crema/1005_WSI_HAP_XX.wav,1005,happy,HAP,1005_WSI_HAP_XX.wav,True,86530,1611608474000000000
/Users/jordanacle/Downloads/archive/Crema/1005_WSI_NEU_XX.wav,1005,neutral,NEU,1005_WSI_NEU_XX.wav,True,100410,1611608474000000000
/Users/jordanacle/Downloads/archive/Crema/1006_DFA_ANG_XX.wav,1006,angry,ANG,1006_DFA_ANG_XX.wav,True,83328,1611608474000000000
/Users/jordanacle/Downloads/archive/Crema/1006_DFA_DIS_XX.wav,1006,disgust,DIS,1006_DFA_DIS_XX.wav,True,88666,1611608474000000000
/Users/jordanacle/Downloads/archive/Crema/1006_DFA_FEA_XX.wav,1006,fear,FEA,1006_DFA_FEA_XX.wav,True,75852,1611608474000000000
/Users/jordanacle/Downloads/archive/Crema/1006_DFA_HAP_XX.wav,1006,happy,HAP,1006_DFA_HAP_XX.wav,True,73718,1611608474000000000
/Users/jordanacle/Downloads/archive/Crema/1006_DFA_NEU_XX.wav,1006,neutral,NEU,1006_DFA_NEU_XX.wav,True,82260,1611608474000000000
/Users/jordanacle/Downloads/archive/Crema/1006_DFA_SAD_XX.wav,1006,sad,SAD,1006_DFA_SAD_XX.wav,True,85462,1611608474000000000
/Users/jordanacle/Downloads/archive/Crema/1006_IEO_ANG_LO.wav,1006,angry,ANG,1006_IEO_ANG_LO.wav,True,80124,1611608474000000000
/Users/jordanacle/Downloads/archive/Crema/1006_IEO_ANG_HI.wav,1006,angry,ANG,1006_IEO_ANG_HI.wav,True,82260,1611608474000000000
/Users/jordanacle/Downloads/archive/Crema/1006_IEO_DIS_LO.wav,1006,disgust,DIS,1006_IEO_DIS_LO.wav,True,66244,1611608474000000000
/Users/jordanacle/Downloads/archive/Crema/1006_IEO_DIS_MD.wav,1006,disgust,DIS,1006_IEO_DIS_MD.wav,True,96140,1611608474000000000
/Users/jordanacle/Downloads/archive/Crema/1006_IEO_FEA_LO.wav,1006,fear,FEA,1006_IEO_FEA_LO.wav,True,69446,1611608474000000000
/Users/jordanacle/Downloads/archive/Crema/1006_IEO_HAP_HI.wav,1006,happy,HAP,1006_IEO_HAP_HI.wav,True,58770,1611608474000000000
/Users/jordanacle/Downloads/archive/Crema/1006_IEO_FEA_MD.wav,1006,fear,FEA,1006_IEO_FEA_MD.wav,True,73718,1611608474000000000
/Users/jordanacle/Downloads/archive/Crema/1006_IEO_HAP_LO.wav,1006,happy,HAP,1006_IEO_HAP_LO.wav,True,54498,1611608474000000000
/Users/jordanacle/Downloads/archive/Crema/1006_IEO_HAP_MD.wav,1006,happy,HAP,1006_IEO_HAP_MD.wav,True,72650,1611608474000000000
/Users/jordanacle/Downloads/archive/Crema/1006_IEO_SAD_LO.wav,1006,sad,SAD,1006_IEO_SAD_LO.wav,True,58770,1611608474000000000
/Users/jordanacle/Downloads/archive/Crema/1006_IEO_SAD_MD.wav,1006,sad,SAD,1006_IEO_SAD_MD.wav,True,60904,1611608476000000000
/Users/jordanacle/Downloads/archive/Crema/1006_IEO_NEU_XX.wav,1006,neutral,NEU,1006_IEO_NEU_XX.wav,True,67312,1611608474000000000
/Users/jordanacle/Downloads/archive/Crema/1006_IOM_ANG_XX.wav,1006,angry,ANG,1006_IOM_ANG_XX.wav,True,104682,1611608476000000000
/Users/jordanacle/Downloads/archive/Crema/1006_IOM_DIS_XX.wav,1006,disgust,DIS,1006_IOM_DIS_XX.wav,True,103614,1611608476000000000
/Users/jordanacle/Downloads/archive/Crema/1006_IOM_FEA_XX.wav,1006,fear,FEA,1006_IOM_FEA_XX.wav,True,120698,1611608476000000000
/Users/jordanacle/Downloads/archive/Crema/1006_IOM_HAP_XX.wav,1006,happy,HAP,1006_IOM_HAP_XX.wav,True,85462,1611608476000000000
/Users/jordanacle/Downloads/archive/Crema/1006_IOM_SAD_XX.wav,1006,sad,SAD,1006_IOM_SAD_XX.wav,True,96140,1611608476000000000
/Users/jordanacle/Downloads/archive/Crema/1006_ITH_ANG_XX.wav,1006,angry,ANG,1006_ITH_ANG_XX.wav,True,102546,1611608476000000000
/Users/jordanacle/Downloads/archive/Crema/1006_ITH_DIS_XX.wav,1006,disgust,DIS,1006_ITH_DIS_XX.wav,True,134578,1611608476000000000
/Users/jordanacle/Downloads/archive/Crema/1006_ITH_HAP_XX.wav,1006,happy,HAP,1006_ITH_HAP_XX.wav,True,97208,1611608476000000000
/Users/jordanacle/Downloads/archive/Crema/1006_ITH_NEU_XX.wav,1006,neutral,NEU,1006_ITH_NEU_XX.wav,True,110020,1611608476000000000
/Users/jordanacle/Downloads/archive/Crema/1006_ITS_ANG_XX.wav,1006,angry,ANG,1006_ITS_ANG_XX.wav,True,102546,1611608476000000000
/Users/jordanacle/Downloads/archive/Crema/1006_ITH_SAD_XX.wav,1006,sad,SAD,1006_ITH_SAD_XX.wav,True,118562,1611608476000000000
/Users/jordanacle/Downloads/archive/Crema/1006_ITS_HAP_XX.wav,1006,happy,HAP,1006_ITS_HAP_XX.wav,True,88666,1611608476000000000
/Users/jordanacle/Downloads/archive/Crema/1006_IWL_ANG_XX.wav,1006,angry,ANG,1006_IWL_ANG_XX.wav,True,71582,1611608476000000000
/Users/jordanacle/Downloads/archive/Crema/1006_ITS_NEU_XX.wav,1006,neutral,NEU,1006_ITS_NEU_XX.wav,True,96140,1611608476000000000
/Users/jordanacle/Downloads/archive/Crema/1006_IWL_FEA_XX.wav,1006,fear,FEA,1006_IWL_FEA_XX.wav,True,86530,1611608476000000000
/Users/jordanacle/Downloads/archive/Crema/1006_IWL_DIS_XX.wav,1006,disgust,DIS,1006_IWL_DIS_XX.wav,True,111088,1611608476000000000
/Users/jordanacle/Downloads/archive/Crema/1006_IWL_NEU_XX.wav,1006,neutral,NEU,1006_IWL_NEU_XX.wav,True,97208,1611608476000000000
/Users/jordanacle/Downloads/archive/Crema/1006_IWL_SAD_XX.wav,1006,sad,SAD,1006_IWL_SAD_XX.wav,True,100410,1611608476000000000
/Users/jordanacle/Downloads/archive/Crema/1006_IWW_ANG_XX.wav,1006,angry,ANG,1006_IWW_ANG_XX.wav,True,87598,1611608476000000000
/Users/jordanacle/Downloads/archive/Crema/1006_IWW_DIS_XX.wav,1006,disgust,DIS,1006_IWW_DIS_XX.wav,True,117494,1611608476000000000
/Users/jordanacle/Downloads/archive/Crema/1006_IWW_FEA_XX.wav,1006,fear,FEA,1006_IWW_FEA_XX.wav,True,113224,1611608476000000000
/Users/jordanacle/Downloads/archive/Crema/1006_IWW_HAP_XX.wav,1006,happy,HAP,1006_IWW_HAP_XX.wav,True,89734,1611608476000000000
/Users/jordanacle/Downloads/archive/Crema/1006_IWW_NEU_XX.wav,1006,neutral,NEU,1006_IWW_NEU_XX.wav,True,99344,1611608476000000000
/Users/jordanacle/Downloads/archive/Crema/1006_IWW_SAD_XX.wav,1006,sad,SAD,1006_IWW_SAD_XX.wav,True,122834,1611608476000000000
/Users/jordanacle/Downloads/archive/Crema/1006_MTI_ANG_XX.wav,1006,angry,ANG,1006_MTI_ANG_XX.wav,True,120698,1611608476000000000
/Users/jordanacle/Downloads/archive/Crema/1006_MTI_DIS_XX.wav,1006,disgust,DIS,1006_MTI_DIS_XX.wav,True,119630,1611608476000000000
/Users/jordanacle/Downloads/archive/Crema/1006_MTI_HAP_XX.wav,1006,happy,HAP,1006_MTI_HAP_XX.wav,True,115360,1611608476000000000
/Users/jordanacle/Downloads/archive/Crema/1006_MTI_FEA_XX.wav,1006,fear,FEA,1006_MTI_FEA_XX.wav,True,145256,1611608476000000000
/Users/jordanacle/Downloads/archive/Crema/1006_MTI_NEU_XX.wav,1006,neutral,NEU,1006_MTI_NEU_XX.wav,True,130308,1611608476000000000
/Users/jordanacle/Downloads/archive/Crema/1006_MTI_SAD_XX.wav,1006,sad,SAD,1006_MTI_SAD_XX.wav,True,135646,1611608476000000000
/Users/jordanacle/Downloads/archive/Crema/1006_TAI_ANG_XX.wav,1006,angry,ANG,1006_TAI_ANG_XX.wav,True,102546,1611608476000000000
/Users/jordanacle/Downloads/archive/Crema/1006_TAI_HAP_XX.wav,1006,happy,HAP,1006_TAI_HAP_XX.wav,True,124968,1611608476000000000
/Users/jordanacle/Downloads/archive/Crema/1006_TAI_DIS_XX.wav,1006,disgust,DIS,1006_TAI_DIS_XX.wav,True,113224,1611608476000000000
/Users/jordanacle/Downloads/archive/Crema/1006_TAI_NEU_XX.wav,1006,neutral,NEU,1006_TAI_NEU_XX.wav,True,101478,1611608476000000000
/Users/jordanacle/Downloads/archive/Crema/1006_TAI_SAD_XX.wav,1006,sad,SAD,1006_TAI_SAD_XX.wav,True,116426,1611608476000000000
/Users/jordanacle/Downloads/archive/Crema/1006_TIE_ANG_XX.wav,1006,angry,ANG,1006_TIE_ANG_XX.wav,True,133510,1611608476000000000
/Users/jordanacle/Downloads/archive/Crema/1006_TIE_DIS_XX.wav,1006,disgust,DIS,1006_TIE_DIS_XX.wav,True,107884,1611608476000000000
/Users/jordanacle/Downloads/archive/Crema/1006_TIE_FEA_XX.wav,1006,fear,FEA,1006_TIE_FEA_XX.wav,True,101478,1611608476000000000
/Users/jordanacle/Downloads/archive/Crema/1006_TIE_HAP_XX.wav,1006,happy,HAP,1006_TIE_HAP_XX.wav,True,79056,1611608476000000000
/Users/jordanacle/Downloads/archive/Crema/1006_TIE_NEU_XX.wav,1006,neutral,NEU,1006_TIE_NEU_XX.wav,True,79056,1611608476000000000
/Users/jordanacle/Downloads/archive/Crema/1006_TSI_ANG_XX.wav,1006,angry,ANG,1006_TSI_ANG_XX.wav,True,80124,1611608476000000000
/Users/jordanacle/Downloads/archive/Crema/1006_TSI_DIS_XX.wav,1006,disgust,DIS,1006_TSI_DIS_XX.wav,True,104682,1611608476000000000
/Users/jordanacle/Downloads/archive/Crema/1006_TSI_HAP_XX.wav,1006,happy,HAP,1006_TSI_HAP_XX.wav,True,79056,1611608476000000000
/Users/jordanacle/Downloads/archive/Crema/1006_TSI_FEA_XX.wav,1006,fear,FEA,1006_TSI_FEA_XX.wav,True,71582,1611608476000000000
/Users/jordanacle/Downloads/archive/Crema/1006_TSI_SAD_XX.wav,1006,sad,SAD,1006_TSI_SAD_XX.wav,True,98276,1611608476000000000
/Users/jordanacle/Downloads/archive/Crema/1006_WSI_DIS_XX.wav,1006,disgust,DIS,1006_WSI_DIS_XX.wav,True,91868,1611608476000000000
/Users/jordanacle/Downloads/archive/Crema/1006_WSI_ANG_XX.wav,1006,angry,ANG,1006_WSI_ANG_XX.wav,True,87598,1611608476000000000
/Users/jordanacle/Downloads/archive/Crema/1006_WSI_FEA_XX.wav,1006,fear,FEA,1006_WSI_FEA_XX.wav,True,95072,1611608476000000000
/Users/jordanacle/Downloads/archive/Crema/1006_WSI_HAP_XX.wav,1006,happy,HAP,1006_WSI_HAP_XX.wav,True,87598,1611608476000000000
/Users/jordanacle/Downloads/archive/Crema/1006_WSI_NEU_XX.wav,1006,neutral,NEU,1006_WSI_NEU_XX.wav,True,110020,1611608476000000000
/Users/jordanacle/Downloads/archive/Crema/1006_WSI_SAD_XX.wav,1006,sad,SAD,1006_WSI_SAD_XX.wav,True,124968,1611608476000000000
/Users/jordanacle/Downloads/archive/Crema/1007_DFA_DIS_XX.wav,1007,disgust,DIS,1007_DFA_DIS_XX.wav,True,91868,1611608476000000000
/Users/jordanacle/Downloads/archive/Crema/1007_DFA_FEA_XX.wav,1007,fear,FEA,1007_DFA_FEA_XX.wav,True,87598,1611608476000000000
/Users/jordanacle/Downloads/archive/Crema/1007_DFA_HAP_XX.wav,1007,happy,HAP,1007_DFA_HAP_XX.wav,True,70514,1611608476000000000
/Users/jordanacle/Downloads/archive/Crema/1007_DFA_NEU_XX.wav,1007,neutral,NEU,1007_DFA_NEU_XX.wav,True,84394,1611608476000000000
/Users/jordanacle/Downloads/archive/Crema/1007_DFA_SAD_XX.wav,1007,sad,SAD,1007_DFA_SAD_XX.wav,True,69446,1611608476000000000
/Users/jordanacle/Downloads/archive/Crema/1007_IEO_DIS_HI.wav,1007,disgust,DIS,1007_IEO_DIS_HI.wav,True,72650,1611608476000000000
/Users/jordanacle/Downloads/archive/Crema/1007_IEO_ANG_LO.wav,1007,angry,ANG,1007_IEO_ANG_LO.wav,True,58770,1611608476000000000
/Users/jordanacle/Downloads/archive/Crema/1007_IEO_ANG_HI.wav,1007,angry,ANG,1007_IEO_ANG_HI.wav,True,77988,1611608476000000000
/Users/jordanacle/Downloads/archive/Crema/1007_IEO_DIS_LO.wav,1007,disgust,DIS,1007_IEO_DIS_LO.wav,True,61972,1611608476000000000
/Users/jordanacle/Downloads/archive/Crema/1007_IEO_DIS_MD.wav,1007,disgust,DIS,1007_IEO_DIS_MD.wav,True,65176,1611608476000000000
/Users/jordanacle/Downloads/archive/Crema/1007_IEO_FEA_HI.wav,1007,fear,FEA,1007_IEO_FEA_HI.wav,True,63040,1611608476000000000
/Users/jordanacle/Downloads/archive/Crema/1007_IEO_FEA_LO.wav,1007,fear,FEA,1007_IEO_FEA_LO.wav,True,73718,1611608476000000000
/Users/jordanacle/Downloads/archive/Crema/1007_IEO_HAP_HI.wav,1007,happy,HAP,1007_IEO_HAP_HI.wav,True,58770,1611608476000000000
/Users/jordanacle/Downloads/archive/Crema/1007_IEO_FEA_MD.wav,1007,fear,FEA,1007_IEO_FEA_MD.wav,True,95072,1611608476000000000
/Users/jordanacle/Downloads/archive/Crema/1007_IEO_HAP_LO.wav,1007,happy,HAP,1007_IEO_HAP_LO.wav,True,54498,1611608476000000000
/Users/jordanacle/Downloads/archive/Crema/1007_IEO_HAP_MD.wav,1007,happy,HAP,1007_IEO_HAP_MD.wav,True,67312,1611608476000000000
/Users/jordanacle/Downloads/archive/Crema/1007_IEO_SAD_LO.wav,1007,sad,SAD,1007_IEO_SAD_LO.wav,True,68378,1611608476000000000
/Users/jordanacle/Downloads/archive/Crema/1007_IEO_SAD_MD.wav,1007,sad,SAD,1007_IEO_SAD_MD.wav,True,77988,1611608476000000000
/Users/jordanacle/Downloads/archive/Crema/1007_IOM_DIS_XX.wav,1007,disgust,DIS,1007_IOM_DIS_XX.wav,True,118562,1611608476000000000
/Users/jordanacle/Downloads/archive/Crema/1007_IOM_ANG_XX.wav,1007,angry,ANG,1007_IOM_ANG_XX.wav,True,113224,1611608476000000000
/Users/jordanacle/Downloads/archive/Crema/1007_IOM_FEA_XX.wav,1007,fear,FEA,1007_IOM_FEA_XX.wav,True,107884,1611608476000000000
/Users/jordanacle/Downloads/archive/Crema/1007_IOM_HAP_XX.wav,1007,happy,HAP,1007_IOM_HAP_XX.wav,True,121766,1611608476000000000
/Users/jordanacle/Downloads/archive/Crema/1007_IOM_SAD_XX.wav,1007,sad,SAD,1007_IOM_SAD_XX.wav,True,86530,1611608476000000000
/Users/jordanacle/Downloads/archive/Crema/1007_ITH_ANG_XX.wav,1007,angry,ANG,1007_ITH_ANG_XX.wav,True,110020,1611608476000000000
/Users/jordanacle/Downloads/archive/Crema/1007_ITH_HAP_XX.wav,1007,happy,HAP,1007_ITH_HAP_XX.wav,True,103614,1611608476000000000
/Users/jordanacle/Downloads/archive/Crema/1007_ITH_NEU_XX.wav,1007,neutral,NEU,1007_ITH_NEU_XX.wav,True,152730,1611608476000000000
/Users/jordanacle/Downloads/archive/Crema/1007_ITS_ANG_XX.wav,1007,angry,ANG,1007_ITS_ANG_XX.wav,True,112156,1611608476000000000
/Users/jordanacle/Downloads/archive/Crema/1007_ITS_HAP_XX.wav,1007,happy,HAP,1007_ITS_HAP_XX.wav,True,71582,1611608476000000000
/Users/jordanacle/Downloads/archive/Crema/1007_ITS_DIS_XX.wav,1007,disgust,DIS,1007_ITS_DIS_XX.wav,True,144188,1611608476000000000
/Users/jordanacle/Downloads/archive/Crema/1007_ITS_NEU_XX.wav,1007,neutral,NEU,1007_ITS_NEU_XX.wav,True,110020,1611608476000000000
/Users/jordanacle/Downloads/archive/Crema/1007_IWL_ANG_XX.wav,1007,angry,ANG,1007_IWL_ANG_XX.wav,True,110020,1611608476000000000
/Users/jordanacle/Downloads/archive/Crema/1007_IWL_DIS_XX.wav,1007,disgust,DIS,1007_IWL_DIS_XX.wav,True,124968,1611608476000000000
/Users/jordanacle/Downloads/archive/Crema/1007_IWL_FEA_XX.wav,1007,fear,FEA,1007_IWL_FEA_XX.wav,True,108952,1611608476000000000
/Users/jordanacle/Downloads/archive/Crema/1007_IWL_HAP_XX.wav,1007,happy,HAP,1007_IWL_HAP_XX.wav,True,102546,1611608476000000000
/Users/jordanacle/Downloads/archive/Crema/1007_IWL_NEU_XX.wav,1007,neutral,NEU,1007_IWL_NEU_XX.wav,True,98276,1611608476000000000
/Users/jordanacle/Downloads/archive/Crema/1007_IWL_SAD_XX.wav,1007,sad,SAD,1007_IWL_SAD_XX.wav,True,71582,1611608476000000000
/Users/jordanacle/Downloads/archive/Crema/1007_IWW_ANG_XX.wav,1007,angry,ANG,1007_IWW_ANG_XX.wav,True,90802,1611608476000000000
/Users/jordanacle/Downloads/archive/Crema/1007_IWW_DIS_XX.wav,1007,disgust,DIS,1007_IWW_DIS_XX.wav,True,94004,1611608476000000000
/Users/jordanacle/Downloads/archive/Crema/1007_IWW_FEA_XX.wav,1007,fear,FEA,1007_IWW_FEA_XX.wav,True,71582,1611608476000000000
/Users/jordanacle/Downloads/archive/Crema/1007_IWW_NEU_XX.wav,1007,neutral,NEU,1007_IWW_NEU_XX.wav,True,104682,1611608476000000000
/Users/jordanacle/Downloads/archive/Crema/1007_IWW_SAD_XX.wav,1007,sad,SAD,1007_IWW_SAD_XX.wav,True,119630,1611608476000000000
/Users/jordanacle/Downloads/archive/Crema/1007_MTI_DIS_XX.wav,1007,disgust,DIS,1007_MTI_DIS_XX.wav,True,130308,1611608476000000000
/Users/jordanacle/Downloads/archive/Crema/1007_MTI_FEA_XX.wav,1007,fear,FEA,1007_MTI_FEA_XX.wav,True,102546,1611608476000000000
/Users/jordanacle/Downloads/archive/Crema/1007_MTI_NEU_XX.wav,1007,neutral,NEU,1007_MTI_NEU_XX.wav,True,108952,1611608476000000000
/Users/jordanacle/Downloads/archive/Crema/1007_MTI_SAD_XX.wav,1007,sad,SAD,1007_MTI_SAD_XX.wav,True,108952,1611608476000000000
/Users/jordanacle/Downloads/archive/Crema/1007_MTI_HAP_XX.wav,1007,happy,HAP,1007_MTI_HAP_XX.wav,True,107884,1611608476000000000
/Users/jordanacle/Downloads/archive/Crema/1007_TAI_ANG_XX.wav,1007,angry,ANG,1007_TAI_ANG_XX.wav,True,103614,1611608476000000000
/Users/jordanacle/Downloads/archive/Crema/1007_TAI_DIS_XX.wav,1007,disgust,DIS,1007_TAI_DIS_XX.wav,True,97208,1611608476000000000
/Users/jordanacle/Downloads/archive/Crema/1007_TIE_ANG_XX.wav,1007,angry,ANG,1007_TIE_ANG_XX.wav,True,147392,1611608476000000000
/Users/jordanacle/Downloads/archive/Crema/1007_TAI_HAP_XX.wav,1007,happy,HAP,1007_TAI_HAP_XX.wav,True,108952,1611608476000000000
/Users/jordanacle/Downloads/archive/Crema/1007_TAI_NEU_XX.wav,1007,neutral,NEU,1007_TAI_NEU_XX.wav,True,115360,1611608476000000000
/Users/jordanacle/Downloads/archive/Crema/1007_TIE_HAP_XX.wav,1007,happy,HAP,1007_TIE_HAP_XX.wav,True,84394,1611608476000000000
/Users/jordanacle/Downloads/archive/Crema/1007_TSI_ANG_XX.wav,1007,angry,ANG,1007_TSI_ANG_XX.wav,True,72650,1611608476000000000
/Users/jordanacle/Downloads/archive/Crema/1007_TIE_NEU_XX.wav,1007,neutral,NEU,1007_TIE_NEU_XX.wav,True,105750,1611608476000000000
/Users/jordanacle/Downloads/archive/Crema/1007_TSI_DIS_XX.wav,1007,disgust,DIS,1007_TSI_DIS_XX.wav,True,94004,1611608476000000000
/Users/jordanacle/Downloads/archive/Crema/1007_TSI_FEA_XX.wav,1007,fear,FEA,1007_TSI_FEA_XX.wav,True,89734,1611608476000000000
/Users/jordanacle/Downloads/archive/Crema/1007_TSI_HAP_XX.wav,1007,happy,HAP,1007_TSI_HAP_XX.wav,True,67312,1611608476000000000
/Users/jordanacle/Downloads/archive/Crema/1007_TSI_NEU_XX.wav,1007,neutral,NEU,1007_TSI_NEU_XX.wav,True,95072,1611608476000000000
/Users/jordanacle/Downloads/archive/Crema/1007_TSI_SAD_XX.wav,1007,sad,SAD,1007_TSI_SAD_XX.wav,True,100410,1611608476000000000
/Users/jordanacle/Downloads/archive/Crema/1007_WSI_FEA_XX.wav,1007,fear,FEA,1007_WSI_FEA_XX.wav,True,101478,1611608476000000000
/Users/jordanacle/Downloads/archive/Crema/1007_WSI_DIS_XX.wav,1007,disgust,DIS,1007_WSI_DIS_XX.wav,True,127104,1611608476000000000
/Users/jordanacle/Downloads/archive/Crema/1007_WSI_HAP_XX.wav,1007,happy,HAP,1007_WSI_HAP_XX.wav,True,97208,1611608476000000000
/Users/jordanacle/Downloads/archive/Crema/1007_WSI_SAD_XX.wav,1007,sad,SAD,1007_WSI_SAD_XX.wav,True,110020,1611608476000000000
/Users/jordanacle/Downloads/archive/Crema/1007_WSI_NEU_XX.wav,1007,neutral,NEU,1007_WSI_NEU_XX.wav,True,139918,1611608476000000000
/Users/jordanacle/Downloads/archive/Crema/1008_DFA_DIS_XX.wav,1008,disgust,DIS,1008_DFA_DIS_XX.wav,True,116426,1611608476000000000
/Users/jordanacle/Downloads/archive/Crema/1008_DFA_HAP_XX.wav,1008,happy,HAP,1008_DFA_HAP_XX.wav,True,102546,1611608476000000000
/Users/jordanacle/Downloads/archive/Crema/1008_DFA_FEA_XX.wav,1008,fear,FEA,1008_DFA_FEA_XX.wav,True,82260,1611608476000000000
/Users/jordanacle/Downloads/archive/Crema/1008_DFA_NEU_XX.wav,1008,neutral,NEU,1008_DFA_NEU_XX.wav,True,76920,1611608476000000000
/Users/jordanacle/Downloads/archive/Crema/1008_DFA_SAD_XX.wav,1008,sad,SAD,1008_DFA_SAD_XX.wav,True,119630,1611608476000000000
/Users/jordanacle/Downloads/archive/Crema/1008_IEO_ANG_HI.wav,1008,angry,ANG,1008_IEO_ANG_HI.wav,True,91870,1611608476000000000
/Users/jordanacle/Downloads/archive/Crema/1008_IEO_ANG_LO.wav,1008,angry,ANG,1008_IEO_ANG_LO.wav,True,73718,1611608476000000000
/Users/jordanacle/Downloads/archive/Crema/1008_IEO_ANG_MD.wav,1008,angry,ANG,1008_IEO_ANG_MD.wav,True,82260,1611608476000000000
/Users/jordanacle/Downloads/archive/Crema/1008_IEO_DIS_LO.wav,1008,disgust,DIS,1008_IEO_DIS_LO.wav,True,84394,1611608476000000000
/Users/jordanacle/Downloads/archive/Crema/1008_IEO_DIS_MD.wav,1008,disgust,DIS,1008_IEO_DIS_MD.wav,True,100410,1611608476000000000
/Users/jordanacle/Downloads/archive/Crema/1008_IEO_FEA_LO.wav,1008,fear,FEA,1008_IEO_FEA_LO.wav,True,79056,1611608476000000000
/Users/jordanacle/Downloads/archive/Crema/1008_IEO_FEA_MD.wav,1008,fear,FEA,1008_IEO_FEA_MD.wav,True,64108,1611608476000000000
/Users/jordanacle/Downloads/archive/Crema/1008_IEO_HAP_HI.wav,1008,happy,HAP,1008_IEO_HAP_HI.wav,True,83328,1611608476000000000
/Users/jordanacle/Downloads/archive/Crema/1008_IEO_HAP_LO.wav,1008,happy,HAP,1008_IEO_HAP_LO.wav,True,70514,1611608476000000000
/Users/jordanacle/Downloads/archive/Crema/1008_IEO_HAP_MD.wav,1008,happy,HAP,1008_IEO_HAP_MD.wav,True,76920,1611608476000000000
/Users/jordanacle/Downloads/archive/Crema/1008_IEO_SAD_HI.wav,1008,sad,SAD,1008_IEO_SAD_HI.wav,True,104682,1611608476000000000
/Users/jordanacle/Downloads/archive/Crema/1008_IEO_SAD_MD.wav,1008,sad,SAD,1008_IEO_SAD_MD.wav,True,79056,1611608476000000000
/Users/jordanacle/Downloads/archive/Crema/1008_IEO_SAD_LO.wav,1008,sad,SAD,1008_IEO_SAD_LO.wav,True,94004,1611608476000000000
/Users/jordanacle/Downloads/archive/Crema/1008_IOM_ANG_XX.wav,1008,angry,ANG,1008_IOM_ANG_XX.wav,True,117494,1611608476000000000
/Users/jordanacle/Downloads/archive/Crema/1008_IOM_DIS_XX.wav,1008,disgust,DIS,1008_IOM_DIS_XX.wav,True,116426,1611608476000000000
/Users/jordanacle/Downloads/archive/Crema/1008_IOM_FEA_XX.wav,1008,fear,FEA,1008_IOM_FEA_XX.wav,True,121766,1611608476000000000
/Users/jordanacle/Downloads/archive/Crema/1008_IOM_HAP_XX.wav,1008,happy,HAP,1008_IOM_HAP_XX.wav,True,84394,1611608476000000000
/Users/jordanacle/Downloads/archive/Crema/1008_IOM_SAD_XX.wav,1008,sad,SAD,1008_IOM_SAD_XX.wav,True,118562,1611608476000000000
/Users/jordanacle/Downloads/archive/Crema/1008_ITH_ANG_XX.wav,1008,angry,ANG,1008_ITH_ANG_XX.wav,True,135646,1611608476000000000
/Users/jordanacle/Downloads/archive/Crema/1008_ITH_HAP_XX.wav,1008,happy,HAP,1008_ITH_HAP_XX.wav,True,71582,1611608476000000000
/Users/jordanacle/Downloads/archive/Crema/1008_ITH_NEU_XX.wav,1008,neutral,NEU,1008_ITH_NEU_XX.wav,True,99344,1611608476000000000
/Users/jordanacle/Downloads/archive/Crema/1008_ITS_HAP_XX.wav,1008,happy,HAP,1008_ITS_HAP_XX.wav,True,85462,1611608476000000000
/Users/jordanacle/Downloads/archive/Crema/1008_ITS_ANG_XX.wav,1008,angry,ANG,1008_ITS_ANG_XX.wav,True,101478,1611608476000000000
/Users/jordanacle/Downloads/archive/Crema/1008_IWL_DIS_XX.wav,1008,disgust,DIS,1008_IWL_DIS_XX.wav,True,113224,1611608476000000000
/Users/jordanacle/Downloads/archive/Crema/1008_IWL_ANG_XX.wav,1008,angry,ANG,1008_IWL_ANG_XX.wav,True,123902,1611608476000000000
/Users/jordanacle/Downloads/archive/Crema/1008_ITS_NEU_XX.wav,1008,neutral,NEU,1008_ITS_NEU_XX.wav,True,101478,1611608476000000000
/Users/jordanacle/Downloads/archive/Crema/1008_IWL_FEA_XX.wav,1008,fear,FEA,1008_IWL_FEA_XX.wav,True,105750,1611608476000000000
/Users/jordanacle/Downloads/archive/Crema/1008_IWL_NEU_XX.wav,1008,neutral,NEU,1008_IWL_NEU_XX.wav,True,85462,1611608476000000000
/Users/jordanacle/Downloads/archive/Crema/1008_IWL_SAD_XX.wav,1008,sad,SAD,1008_IWL_SAD_XX.wav,True,126036,1611608476000000000
/Users/jordanacle/Downloads/archive/Crema/1008_IWW_ANG_XX.wav,1008,angry,ANG,1008_IWW_ANG_XX.wav,True,111088,1611608476000000000
/Users/jordanacle/Downloads/archive/Crema/1008_IWW_DIS_XX.wav,1008,disgust,DIS,1008_IWW_DIS_XX.wav,True,71582,1611608476000000000
/Users/jordanacle/Downloads/archive/Crema/1008_IWW_NEU_XX.wav,1008,neutral,NEU,1008_IWW_NEU_XX.wav,True,84394,1611608476000000000
/Users/jordanacle/Downloads/archive/Crema/1008_IWW_FEA_XX.wav,1008,fear,FEA,1008_IWW_FEA_XX.wav,True,86530,1611608476000000000
/Users/jordanacle/Downloads/archive/Crema/1008_IWW_SAD_XX.wav,1008,sad,SAD,1008_IWW_SAD_XX.wav,True,98276,1611608476000000000
/Users/jordanacle/Downloads/archive/Crema/1008_MTI_DIS_XX.wav,1008,disgust,DIS,1008_MTI_DIS_XX.wav,True,122834,1611608476000000000
/Users/jordanacle/Downloads/archive/Crema/1008_MTI_FEA_XX.wav,1008,fear,FEA,1008_MTI_FEA_XX.wav,True,114292,1611608476000000000
/Users/jordanacle/Downloads/archive/Crema/1008_MTI_HAP_XX.wav,1008,happy,HAP,1008_MTI_HAP_XX.wav,True,103614,1611608476000000000
/Users/jordanacle/Downloads/archive/Crema/1008_MTI_NEU_XX.wav,1008,neutral,NEU,1008_MTI_NEU_XX.wav,True,92936,1611608476000000000
/Users/jordanacle/Downloads/archive/Crema/1008_MTI_SAD_XX.wav,1008,sad,SAD,1008_MTI_SAD_XX.wav,True,115360,1611608476000000000
/Users/jordanacle/Downloads/archive/Crema/1008_TAI_ANG_XX.wav,1008,angry,ANG,1008_TAI_ANG_XX.wav,True,121766,1611608476000000000
/Users/jordanacle/Downloads/archive/Crema/1008_TAI_HAP_XX.wav,1008,happy,HAP,1008_TAI_HAP_XX.wav,True,102546,1611608476000000000
/Users/jordanacle/Downloads/archive/Crema/1008_TAI_NEU_XX.wav,1008,neutral,NEU,1008_TAI_NEU_XX.wav,True,116426,1611608476000000000
/Users/jordanacle/Downloads/archive/Crema/1008_TSI_DIS_XX.wav,1008,disgust,DIS,1008_TSI_DIS_XX.wav,True,97208,1611608478000000000
/Users/jordanacle/Downloads/archive/Crema/1008_TIE_HAP_XX.wav,1008,happy,HAP,1008_TIE_HAP_XX.wav,True,108952,1611608478000000000
/Users/jordanacle/Downloads/archive/Crema/1008_TIE_NEU_XX.wav,1008,neutral,NEU,1008_TIE_NEU_XX.wav,True,97208,1611608478000000000
/Users/jordanacle/Downloads/archive/Crema/1008_TIE_ANG_XX.wav,1008,angry,ANG,1008_TIE_ANG_XX.wav,True,159136,1611608478000000000
/Users/jordanacle/Downloads/archive/Crema/1008_TSI_ANG_XX.wav,1008,angry,ANG,1008_TSI_ANG_XX.wav,True,95072,1611608478000000000
/Users/jordanacle/Downloads/archive/Crema/1008_TSI_FEA_XX.wav,1008,fear,FEA,1008_TSI_FEA_XX.wav,True,74786,1611608478000000000
/Users/jordanacle/Downloads/archive/Crema/1008_TSI_HAP_XX.wav,1008,happy,HAP,1008_TSI_HAP_XX.wav,True,101478,1611608478000000000
/Users/jordanacle/Downloads/archive/Crema/1008_TSI_NEU_XX.wav,1008,neutral,NEU,1008_TSI_NEU_XX.wav,True,117494,1611608478000000000
/Users/jordanacle/Downloads/archive/Crema/1008_TSI_SAD_XX.wav,1008,sad,SAD,1008_TSI_SAD_XX.wav,True,96140,1611608478000000000
/Users/jordanacle/Downloads/archive/Crema/1009_DFA_DIS_XX.wav,1009,disgust,DIS,1009_DFA_DIS_XX.wav,True,82260,1611608478000000000
/Users/jordanacle/Downloads/archive/Crema/1009_DFA_FEA_XX.wav,1009,fear,FEA,1009_DFA_FEA_XX.wav,True,81192,1611608478000000000
/Users/jordanacle/Downloads/archive/Crema/1009_DFA_HAP_XX.wav,1009,happy,HAP,1009_DFA_HAP_XX.wav,True,76920,1611608478000000000
/Users/jordanacle/Downloads/archive/Crema/1009_DFA_NEU_XX.wav,1009,neutral,NEU,1009_DFA_NEU_XX.wav,True,76920,1611608478000000000
/Users/jordanacle/Downloads/archive/Crema/1009_DFA_SAD_XX.wav,1009,sad,SAD,1009_DFA_SAD_XX.wav,True,99344,1611608478000000000
/Users/jordanacle/Downloads/archive/Crema/1009_IEO_ANG_HI.wav,1009,angry,ANG,1009_IEO_ANG_HI.wav,True,88666,1611608478000000000
/Users/jordanacle/Downloads/archive/Crema/1009_IEO_ANG_LO.wav,1009,angry,ANG,1009_IEO_ANG_LO.wav,True,77988,1611608478000000000
/Users/jordanacle/Downloads/archive/Crema/1009_IEO_DIS_LO.wav,1009,disgust,DIS,1009_IEO_DIS_LO.wav,True,73718,1611608478000000000
/Users/jordanacle/Downloads/archive/Crema/1009_IEO_DIS_MD.wav,1009,disgust,DIS,1009_IEO_DIS_MD.wav,True,60904,1611608478000000000
/Users/jordanacle/Downloads/archive/Crema/1009_IEO_FEA_MD.wav,1009,fear,FEA,1009_IEO_FEA_MD.wav,True,58770,1611608478000000000
/Users/jordanacle/Downloads/archive/Crema/1009_IEO_FEA_LO.wav,1009,fear,FEA,1009_IEO_FEA_LO.wav,True,61972,1611608478000000000
/Users/jordanacle/Downloads/archive/Crema/1009_IEO_HAP_HI.wav,1009,happy,HAP,1009_IEO_HAP_HI.wav,True,87598,1611608478000000000
/Users/jordanacle/Downloads/archive/Crema/1009_IEO_HAP_MD.wav,1009,happy,HAP,1009_IEO_HAP_MD.wav,True,83328,1611608478000000000
/Users/jordanacle/Downloads/archive/Crema/1009_IEO_HAP_LO.wav,1009,happy,HAP,1009_IEO_HAP_LO.wav,True,87598,1611608478000000000
/Users/jordanacle/Downloads/archive/Crema/1009_IEO_NEU_XX.wav,1009,neutral,NEU,1009_IEO_NEU_XX.wav,True,81192,1611608478000000000
/Users/jordanacle/Downloads/archive/Crema/1009_IEO_SAD_LO.wav,1009,sad,SAD,1009_IEO_SAD_LO.wav,True,82260,1611608478000000000
/Users/jordanacle/Downloads/archive/Crema/1009_IOM_ANG_XX.wav,1009,angry,ANG,1009_IOM_ANG_XX.wav,True,90802,1611608478000000000
/Users/jordanacle/Downloads/archive/Crema/1009_IEO_SAD_MD.wav,1009,sad,SAD,1009_IEO_SAD_MD.wav,True,81192,1611608478000000000
/Users/jordanacle/Downloads/archive/Crema/1009_IOM_DIS_XX.wav,1009,disgust,DIS,1009_IOM_DIS_XX.wav,True,94004,1611608478000000000
/Users/jordanacle/Downloads/archive/Crema/1009_IOM_FEA_XX.wav,1009,fear,FEA,1009_IOM_FEA_XX.wav,True,80124,1611608478000000000
/Users/jordanacle/Downloads/archive/Crema/1009_IOM_HAP_XX.wav,1009,happy,HAP,1009_IOM_HAP_XX.wav,True,75852,1611608478000000000
/Users/jordanacle/Downloads/archive/Crema/1009_IOM_SAD_XX.wav,1009,sad,SAD,1009_IOM_SAD_XX.wav,True,96140,1611608478000000000
/Users/jordanacle/Downloads/archive/Crema/1009_ITH_ANG_XX.wav,1009,angry,ANG,1009_ITH_ANG_XX.wav,True,90802,1611608478000000000
/Users/jordanacle/Downloads/archive/Crema/1009_ITH_HAP_XX.wav,1009,happy,HAP,1009_ITH_HAP_XX.wav,True,76920,1611608478000000000
/Users/jordanacle/Downloads/archive/Crema/1009_ITS_ANG_XX.wav,1009,angry,ANG,1009_ITS_ANG_XX.wav,True,117494,1611608478000000000
/Users/jordanacle/Downloads/archive/Crema/1009_ITH_NEU_XX.wav,1009,neutral,NEU,1009_ITH_NEU_XX.wav,True,100410,1611608478000000000
/Users/jordanacle/Downloads/archive/Crema/1009_ITS_FEA_XX.wav,1009,fear,FEA,1009_ITS_FEA_XX.wav,True,81192,1611608478000000000
/Users/jordanacle/Downloads/archive/Crema/1009_ITS_HAP_XX.wav,1009,happy,HAP,1009_ITS_HAP_XX.wav,True,82260,1611608478000000000
/Users/jordanacle/Downloads/archive/Crema/1009_ITS_NEU_XX.wav,1009,neutral,NEU,1009_ITS_NEU_XX.wav,True,89734,1611608478000000000
/Users/jordanacle/Downloads/archive/Crema/1009_ITS_SAD_XX.wav,1009,sad,SAD,1009_ITS_SAD_XX.wav,True,99344,1611608478000000000
/Users/jordanacle/Downloads/archive/Crema/1009_IWL_ANG_XX.wav,1009,angry,ANG,1009_IWL_ANG_XX.wav,True,102546,1611608478000000000
/Users/jordanacle/Downloads/archive/Crema/1009_IWL_DIS_XX.wav,1009,disgust,DIS,1009_IWL_DIS_XX.wav,True,102546,1611608478000000000
/Users/jordanacle/Downloads/archive/Crema/1009_IWL_FEA_XX.wav,1009,fear,FEA,1009_IWL_FEA_XX.wav,True,77988,1611608478000000000
/Users/jordanacle/Downloads/archive/Crema/1009_IWL_HAP_XX.wav,1009,happy,HAP,1009_IWL_HAP_XX.wav,True,103614,1611608478000000000
/Users/jordanacle/Downloads/archive/Crema/1009_IWL_NEU_XX.wav,1009,neutral,NEU,1009_IWL_NEU_XX.wav,True,88666,1611608478000000000
/Users/jordanacle/Downloads/archive/Crema/1009_IWL_SAD_XX.wav,1009,sad,SAD,1009_IWL_SAD_XX.wav,True,98276,1611608478000000000
/Users/jordanacle/Downloads/archive/Crema/1009_IWW_ANG_XX.wav,1009,angry,ANG,1009_IWW_ANG_XX.wav,True,101478,1611608478000000000
/Users/jordanacle/Downloads/archive/Crema/1009_IWW_DIS_XX.wav,1009,disgust,DIS,1009_IWW_DIS_XX.wav,True,114292,1611608478000000000
/Users/jordanacle/Downloads/archive/Crema/1009_IWW_FEA_XX.wav,1009,fear,FEA,1009_IWW_FEA_XX.wav,True,84394,1611608478000000000
/Users/jordanacle/Downloads/archive/Crema/1009_IWW_NEU_XX.wav,1009,neutral,NEU,1009_IWW_NEU_XX.wav,True,77988,1611608478000000000
/Users/jordanacle/Downloads/archive/Crema/1009_IWW_SAD_XX.wav,1009,sad,SAD,1009_IWW_SAD_XX.wav,True,88666,1611608478000000000
/Users/jordanacle/Downloads/archive/Crema/1009_TAI_DIS_XX.wav,1009,disgust,DIS,1009_TAI_DIS_XX.wav,True,105750,1611608478000000000
/Users/jordanacle/Downloads/archive/Crema/1009_TAI_ANG_XX.wav,1009,angry,ANG,1009_TAI_ANG_XX.wav,True,77988,1611608478000000000
/Users/jordanacle/Downloads/archive/Crema/1009_TAI_FEA_XX.wav,1009,fear,FEA,1009_TAI_FEA_XX.wav,True,91868,1611608478000000000
/Users/jordanacle/Downloads/archive/Crema/1009_TAI_HAP_XX.wav,1009,happy,HAP,1009_TAI_HAP_XX.wav,True,86530,1611608478000000000
/Users/jordanacle/Downloads/archive/Crema/1009_TAI_NEU_XX.wav,1009,neutral,NEU,1009_TAI_NEU_XX.wav,True,90802,1611608478000000000
/Users/jordanacle/Downloads/archive/Crema/1009_TIE_ANG_XX.wav,1009,angry,ANG,1009_TIE_ANG_XX.wav,True,94004,1611608478000000000
/Users/jordanacle/Downloads/archive/Crema/1009_TIE_HAP_XX.wav,1009,happy,HAP,1009_TIE_HAP_XX.wav,True,85462,1611608478000000000
/Users/jordanacle/Downloads/archive/Crema/1009_TIE_NEU_XX.wav,1009,neutral,NEU,1009_TIE_NEU_XX.wav,True,85462,1611608478000000000
/Users/jordanacle/Downloads/archive/Crema/1009_TSI_ANG_XX.wav,1009,angry,ANG,1009_TSI_ANG_XX.wav,True,74786,1611608478000000000
/Users/jordanacle/Downloads/archive/Crema/1009_TSI_FEA_XX.wav,1009,fear,FEA,1009_TSI_FEA_XX.wav,True,73718,1611608478000000000
/Users/jordanacle/Downloads/archive/Crema/1009_TSI_HAP_XX.wav,1009,happy,HAP,1009_TSI_HAP_XX.wav,True,82260,1611608478000000000
/Users/jordanacle/Downloads/archive/Crema/1009_TSI_SAD_XX.wav,1009,sad,SAD,1009_TSI_SAD_XX.wav,True,80124,1611608478000000000
/Users/jordanacle/Downloads/archive/Crema/1009_TSI_DIS_XX.wav,1009,disgust,DIS,1009_TSI_DIS_XX.wav,True,79056,1611608478000000000
/Users/jordanacle/Downloads/archive/Crema/1009_WSI_DIS_XX.wav,1009,disgust,DIS,1009_WSI_DIS_XX.wav,True,91868,1611608478000000000
/Users/jordanacle/Downloads/archive/Crema/1009_WSI_FEA_XX.wav,1009,fear,FEA,1009_WSI_FEA_XX.wav,True,88666,1611608478000000000
/Users/jordanacle/Downloads/archive/Crema/1009_WSI_HAP_XX.wav,1009,happy,HAP,1009_WSI_HAP_XX.wav,True,85462,1611608478000000000
/Users/jordanacle/Downloads/archive/Crema/1009_WSI_SAD_XX.wav,1009,sad,SAD,1009_WSI_SAD_XX.wav,True,91868,1611608478000000000
/Users/jordanacle/Downloads/archive/Crema/1009_WSI_NEU_XX.wav,1009,neutral,NEU,1009_WSI_NEU_XX.wav,True,86530,1611608478000000000
/Users/jordanacle/Downloads/archive/Crema/1010_DFA_ANG_XX.wav,1010,angry,ANG,1010_DFA_ANG_XX.wav,True,70514,1611608478000000000
/Users/jordanacle/Downloads/archive/Crema/1010_DFA_HAP_XX.wav,1010,happy,HAP,1010_DFA_HAP_XX.wav,True,60904,1611608478000000000
/Users/jordanacle/Downloads/archive/Crema/1010_DFA_FEA_XX.wav,1010,fear,FEA,1010_DFA_FEA_XX.wav,True,72650,1611608478000000000
/Users/jordanacle/Downloads/archive/Crema/1010_DFA_NEU_XX.wav,1010,neutral,NEU,1010_DFA_NEU_XX.wav,True,81192,1611608478000000000
/Users/jordanacle/Downloads/archive/Crema/1010_IEO_ANG_LO.wav,1010,angry,ANG,1010_IEO_ANG_LO.wav,True,73718,1611608478000000000
/Users/jordanacle/Downloads/archive/Crema/1010_IEO_ANG_MD.wav,1010,angry,ANG,1010_IEO_ANG_MD.wav,True,79056,1611608478000000000
/Users/jordanacle/Downloads/archive/Crema/1010_IEO_DIS_LO.wav,1010,disgust,DIS,1010_IEO_DIS_LO.wav,True,84394,1611608478000000000
/Users/jordanacle/Downloads/archive/Crema/1010_IEO_FEA_HI.wav,1010,fear,FEA,1010_IEO_FEA_HI.wav,True,98276,1611608478000000000
/Users/jordanacle/Downloads/archive/Crema/1010_IEO_DIS_HI.wav,1010,disgust,DIS,1010_IEO_DIS_HI.wav,True,105750,1611608478000000000
/Users/jordanacle/Downloads/archive/Crema/1010_IEO_FEA_LO.wav,1010,fear,FEA,1010_IEO_FEA_LO.wav,True,73090,1611608478000000000
/Users/jordanacle/Downloads/archive/Crema/1010_IEO_HAP_HI.wav,1010,happy,HAP,1010_IEO_HAP_HI.wav,True,66244,1611608478000000000
/Users/jordanacle/Downloads/archive/Crema/1010_IEO_HAP_LO.wav,1010,happy,HAP,1010_IEO_HAP_LO.wav,True,77988,1611608478000000000
/Users/jordanacle/Downloads/archive/Crema/1010_IEO_NEU_XX.wav,1010,neutral,NEU,1010_IEO_NEU_XX.wav,True,72650,1611608478000000000
/Users/jordanacle/Downloads/archive/Crema/1010_IEO_HAP_MD.wav,1010,happy,HAP,1010_IEO_HAP_MD.wav,True,77988,1611608478000000000
/Users/jordanacle/Downloads/archive/Crema/1010_IEO_SAD_HI.wav,1010,sad,SAD,1010_IEO_SAD_HI.wav,True,110020,1611608478000000000
/Users/jordanacle/Downloads/archive/Crema/1010_IEO_SAD_LO.wav,1010,sad,SAD,1010_IEO_SAD_LO.wav,True,64108,1611608478000000000
/Users/jordanacle/Downloads/archive/Crema/1010_IOM_ANG_XX.wav,1010,angry,ANG,1010_IOM_ANG_XX.wav,True,83328,1611608478000000000
/Users/jordanacle/Downloads/archive/Crema/1010_IOM_DIS_XX.wav,1010,disgust,DIS,1010_IOM_DIS_XX.wav,True,87598,1611608478000000000
/Users/jordanacle/Downloads/archive/Crema/1010_IOM_FEA_XX.wav,1010,fear,FEA,1010_IOM_FEA_XX.wav,True,79056,1611608478000000000
/Users/jordanacle/Downloads/archive/Crema/1010_IOM_NEU_XX.wav,1010,neutral,NEU,1010_IOM_NEU_XX.wav,True,91868,1611608478000000000
/Users/jordanacle/Downloads/archive/Crema/1010_IOM_SAD_XX.wav,1010,sad,SAD,1010_IOM_SAD_XX.wav,True,76920,1611608478000000000
/Users/jordanacle/Downloads/archive/Crema/1010_ITH_DIS_XX.wav,1010,disgust,DIS,1010_ITH_DIS_XX.wav,True,107884,1611608478000000000
/Users/jordanacle/Downloads/archive/Crema/1010_ITH_FEA_XX.wav,1010,fear,FEA,1010_ITH_FEA_XX.wav,True,74786,1611608478000000000
/Users/jordanacle/Downloads/archive/Crema/1010_ITH_HAP_XX.wav,1010,happy,HAP,1010_ITH_HAP_XX.wav,True,90802,1611608478000000000
/Users/jordanacle/Downloads/archive/Crema/1010_ITH_NEU_XX.wav,1010,neutral,NEU,1010_ITH_NEU_XX.wav,True,85462,1611608478000000000
/Users/jordanacle/Downloads/archive/Crema/1010_ITH_SAD_XX.wav,1010,sad,SAD,1010_ITH_SAD_XX.wav,True,91868,1611608478000000000
/Users/jordanacle/Downloads/archive/Crema/1010_ITS_DIS_XX.wav,1010,disgust,DIS,1010_ITS_DIS_XX.wav,True,99344,1611608478000000000
/Users/jordanacle/Downloads/archive/Crema/1010_ITS_FEA_XX.wav,1010,fear,FEA,1010_ITS_FEA_XX.wav,True,92936,1611608478000000000
/Users/jordanacle/Downloads/archive/Crema/1010_ITS_HAP_XX.wav,1010,happy,HAP,1010_ITS_HAP_XX.wav,True,63040,1611608478000000000
/Users/jordanacle/Downloads/archive/Crema/1010_ITS_NEU_XX.wav,1010,neutral,NEU,1010_ITS_NEU_XX.wav,True,80124,1611608478000000000
/Users/jordanacle/Downloads/archive/Crema/1010_ITS_SAD_XX.wav,1010,sad,SAD,1010_ITS_SAD_XX.wav,True,100410,1611608478000000000
/Users/jordanacle/Downloads/archive/Crema/1010_IWL_ANG_XX.wav,1010,angry,ANG,1010_IWL_ANG_XX.wav,True,96140,1611608478000000000
/Users/jordanacle/Downloads/archive/Crema/1010_IWL_FEA_XX.wav,1010,fear,FEA,1010_IWL_FEA_XX.wav,True,91868,1611608478000000000
/Users/jordanacle/Downloads/archive/Crema/1010_IWL_DIS_XX.wav,1010,disgust,DIS,1010_IWL_DIS_XX.wav,True,91868,1611608478000000000
/Users/jordanacle/Downloads/archive/Crema/1010_IWL_HAP_XX.wav,1010,happy,HAP,1010_IWL_HAP_XX.wav,True,74786,1611608478000000000
/Users/jordanacle/Downloads/archive/Crema/1010_IWL_SAD_XX.wav,1010,sad,SAD,1010_IWL_SAD_XX.wav,True,75852,1611608478000000000
/Users/jordanacle/Downloads/archive/Crema/1010_IWL_NEU_XX.wav,1010,neutral,NEU,1010_IWL_NEU_XX.wav,True,118562,1611608478000000000
/Users/jordanacle/Downloads/archive/Crema/1010_IWW_ANG_XX.wav,1010,angry,ANG,1010_IWW_ANG_XX.wav,True,72862,1611608478000000000
/Users/jordanacle/Downloads/archive/Crema/1010_IWW_DIS_XX.wav,1010,disgust,DIS,1010_IWW_DIS_XX.wav,True,83328,1611608478000000000
/Users/jordanacle/Downloads/archive/Crema/1010_IWW_FEA_XX.wav,1010,fear,FEA,1010_IWW_FEA_XX.wav,True,115360,1611608478000000000
/Users/jordanacle/Downloads/archive/Crema/1010_IWW_HAP_XX.wav,1010,happy,HAP,1010_IWW_HAP_XX.wav,True,91868,1611608478000000000
/Users/jordanacle/Downloads/archive/Crema/1010_IWW_SAD_XX.wav,1010,sad,SAD,1010_IWW_SAD_XX.wav,True,89734,1611608478000000000
/Users/jordanacle/Downloads/archive/Crema/1010_MTI_ANG_XX.wav,1010,angry,ANG,1010_MTI_ANG_XX.wav,True,95072,1611608478000000000
/Users/jordanacle/Downloads/archive/Crema/1010_MTI_HAP_XX.wav,1010,happy,HAP,1010_MTI_HAP_XX.wav,True,75852,1611608478000000000
/Users/jordanacle/Downloads/archive/Crema/1010_MTI_NEU_XX.wav,1010,neutral,NEU,1010_MTI_NEU_XX.wav,True,90802,1611608478000000000
/Users/jordanacle/Downloads/archive/Crema/1010_TAI_DIS_XX.wav,1010,disgust,DIS,1010_TAI_DIS_XX.wav,True,98276,1611608478000000000
/Users/jordanacle/Downloads/archive/Crema/1010_TAI_FEA_XX.wav,1010,fear,FEA,1010_TAI_FEA_XX.wav,True,86530,1611608478000000000
/Users/jordanacle/Downloads/archive/Crema/1010_TAI_HAP_XX.wav,1010,happy,HAP,1010_TAI_HAP_XX.wav,True,75852,1611608478000000000
/Users/jordanacle/Downloads/archive/Crema/1010_TAI_NEU_XX.wav,1010,neutral,NEU,1010_TAI_NEU_XX.wav,True,98276,1611608478000000000
/Users/jordanacle/Downloads/archive/Crema/1010_TAI_SAD_XX.wav,1010,sad,SAD,1010_TAI_SAD_XX.wav,True,92936,1611608478000000000
/Users/jordanacle/Downloads/archive/Crema/1010_TIE_FEA_XX.wav,1010,fear,FEA,1010_TIE_FEA_XX.wav,True,88666,1611608478000000000
/Users/jordanacle/Downloads/archive/Crema/1010_TIE_DIS_XX.wav,1010,disgust,DIS,1010_TIE_DIS_XX.wav,True,126036,1611608478000000000
/Users/jordanacle/Downloads/archive/Crema/1010_TIE_HAP_XX.wav,1010,happy,HAP,1010_TIE_HAP_XX.wav,True,95072,1611608478000000000
/Users/jordanacle/Downloads/archive/Crema/1010_TIE_NEU_XX.wav,1010,neutral,NEU,1010_TIE_NEU_XX.wav,True,84394,1611608478000000000
/Users/jordanacle/Downloads/archive/Crema/1010_TIE_SAD_XX.wav,1010,sad,SAD,1010_TIE_SAD_XX.wav,True,107884,1611608478000000000
/Users/jordanacle/Downloads/archive/Crema/1010_TSI_ANG_XX.wav,1010,angry,ANG,1010_TSI_ANG_XX.wav,True,77988,1611608478000000000
/Users/jordanacle/Downloads/archive/Crema/1010_TSI_FEA_XX.wav,1010,fear,FEA,1010_TSI_FEA_XX.wav,True,70514,1611608478000000000
/Users/jordanacle/Downloads/archive/Crema/1010_TSI_DIS_XX.wav,1010,disgust,DIS,1010_TSI_DIS_XX.wav,True,87598,1611608478000000000
/Users/jordanacle/Downloads/archive/Crema/1010_TSI_NEU_XX.wav,1010,neutral,NEU,1010_TSI_NEU_XX.wav,True,67312,1611608478000000000
/Users/jordanacle/Downloads/archive/Crema/1010_TSI_SAD_XX.wav,1010,sad,SAD,1010_TSI_SAD_XX.wav,True,72862,1611608478000000000
/Users/jordanacle/Downloads/archive/Crema/1010_WSI_ANG_XX.wav,1010,angry,ANG,1010_WSI_ANG_XX.wav,True,101478,1611608478000000000
/Users/jordanacle/Downloads/archive/Crema/1010_WSI_FEA_XX.wav,1010,fear,FEA,1010_WSI_FEA_XX.wav,True,100410,1611608478000000000
/Users/jordanacle/Downloads/archive/Crema/1010_WSI_HAP_XX.wav,1010,happy,HAP,1010_WSI_HAP_XX.wav,True,70514,1611608478000000000
/Users/jordanacle/Downloads/archive/Crema/1010_WSI_NEU_XX.wav,1010,neutral,NEU,1010_WSI_NEU_XX.wav,True,82260,1611608478000000000
/Users/jordanacle/Downloads/archive/Crema/1011_DFA_ANG_XX.wav,1011,angry,ANG,1011_DFA_ANG_XX.wav,True,95072,1611608478000000000
/Users/jordanacle/Downloads/archive/Crema/1011_DFA_HAP_XX.wav,1011,happy,HAP,1011_DFA_HAP_XX.wav,True,65176,1611608478000000000
/Users/jordanacle/Downloads/archive/Crema/1011_DFA_NEU_XX.wav,1011,neutral,NEU,1011_DFA_NEU_XX.wav,True,79056,1611608478000000000
/Users/jordanacle/Downloads/archive/Crema/1011_IEO_ANG_HI.wav,1011,angry,ANG,1011_IEO_ANG_HI.wav,True,110020,1611608478000000000
/Users/jordanacle/Downloads/archive/Crema/1011_IEO_ANG_MD.wav,1011,angry,ANG,1011_IEO_ANG_MD.wav,True,80124,1611608478000000000
/Users/jordanacle/Downloads/archive/Crema/1011_IEO_DIS_HI.wav,1011,disgust,DIS,1011_IEO_DIS_HI.wav,True,88666,1611608478000000000
/Users/jordanacle/Downloads/archive/Crema/1011_IEO_ANG_LO.wav,1011,angry,ANG,1011_IEO_ANG_LO.wav,True,97208,1611608478000000000
/Users/jordanacle/Downloads/archive/Crema/1011_IEO_DIS_LO.wav,1011,disgust,DIS,1011_IEO_DIS_LO.wav,True,88666,1611608478000000000
/Users/jordanacle/Downloads/archive/Crema/1011_IEO_FEA_HI.wav,1011,fear,FEA,1011_IEO_FEA_HI.wav,True,83328,1611608478000000000
/Users/jordanacle/Downloads/archive/Crema/1011_IEO_FEA_LO.wav,1011,fear,FEA,1011_IEO_FEA_LO.wav,True,89734,1611608478000000000
/Users/jordanacle/Downloads/archive/Crema/1011_IEO_HAP_HI.wav,1011,happy,HAP,1011_IEO_HAP_HI.wav,True,81192,1611608478000000000
/Users/jordanacle/Downloads/archive/Crema/1011_IEO_HAP_LO.wav,1011,happy,HAP,1011_IEO_HAP_LO.wav,True,67312,1611608478000000000
/Users/jordanacle/Downloads/archive/Crema/1011_IEO_NEU_XX.wav,1011,neutral,NEU,1011_IEO_NEU_XX.wav,True,55566,1611608478000000000
/Users/jordanacle/Downloads/archive/Crema/1011_IEO_HAP_MD.wav,1011,happy,HAP,1011_IEO_HAP_MD.wav,True,69446,1611608478000000000
/Users/jordanacle/Downloads/archive/Crema/1011_IEO_SAD_LO.wav,1011,sad,SAD,1011_IEO_SAD_LO.wav,True,77988,1611608478000000000
/Users/jordanacle/Downloads/archive/Crema/1011_IEO_SAD_HI.wav,1011,sad,SAD,1011_IEO_SAD_HI.wav,True,104682,1611608478000000000
/Users/jordanacle/Downloads/archive/Crema/1011_IOM_ANG_XX.wav,1011,angry,ANG,1011_IOM_ANG_XX.wav,True,84394,1611608478000000000
/Users/jordanacle/Downloads/archive/Crema/1011_IEO_SAD_MD.wav,1011,sad,SAD,1011_IEO_SAD_MD.wav,True,74786,1611608478000000000
/Users/jordanacle/Downloads/archive/Crema/1011_IOM_DIS_XX.wav,1011,disgust,DIS,1011_IOM_DIS_XX.wav,True,90802,1611608478000000000
/Users/jordanacle/Downloads/archive/Crema/1011_IOM_FEA_XX.wav,1011,fear,FEA,1011_IOM_FEA_XX.wav,True,87598,1611608478000000000
/Users/jordanacle/Downloads/archive/Crema/1011_IOM_HAP_XX.wav,1011,happy,HAP,1011_IOM_HAP_XX.wav,True,77988,1611608478000000000
/Users/jordanacle/Downloads/archive/Crema/1011_IOM_NEU_XX.wav,1011,neutral,NEU,1011_IOM_NEU_XX.wav,True,68378,1611608478000000000
/Users/jordanacle/Downloads/archive/Crema/1011_ITH_DIS_XX.wav,1011,disgust,DIS,1011_ITH_DIS_XX.wav,True,91868,1611608478000000000
/Users/jordanacle/Downloads/archive/Crema/1011_IOM_SAD_XX.wav,1011,sad,SAD,1011_IOM_SAD_XX.wav,True,81192,1611608478000000000
/Users/jordanacle/Downloads/archive/Crema/1011_ITH_FEA_XX.wav,1011,fear,FEA,1011_ITH_FEA_XX.wav,True,73718,1611608478000000000
/Users/jordanacle/Downloads/archive/Crema/1011_ITH_NEU_XX.wav,1011,neutral,NEU,1011_ITH_NEU_XX.wav,True,90802,1611608478000000000
/Users/jordanacle/Downloads/archive/Crema/1011_ITH_HAP_XX.wav,1011,happy,HAP,1011_ITH_HAP_XX.wav,True,81192,1611608478000000000
/Users/jordanacle/Downloads/archive/Crema/1011_ITS_DIS_XX.wav,1011,disgust,DIS,1011_ITS_DIS_XX.wav,True,101478,1611608478000000000
/Users/jordanacle/Downloads/archive/Crema/1011_ITH_SAD_XX.wav,1011,sad,SAD,1011_ITH_SAD_XX.wav,True,73718,1611608478000000000
/Users/jordanacle/Downloads/archive/Crema/1011_ITS_FEA_XX.wav,1011,fear,FEA,1011_ITS_FEA_XX.wav,True,80124,1611608478000000000
/Users/jordanacle/Downloads/archive/Crema/1011_ITS_NEU_XX.wav,1011,neutral,NEU,1011_ITS_NEU_XX.wav,True,77988,1611608478000000000
/Users/jordanacle/Downloads/archive/Crema/1011_ITS_HAP_XX.wav,1011,happy,HAP,1011_ITS_HAP_XX.wav,True,74786,1611608478000000000
/Users/jordanacle/Downloads/archive/Crema/1011_ITS_SAD_XX.wav,1011,sad,SAD,1011_ITS_SAD_XX.wav,True,87598,1611608478000000000
/Users/jordanacle/Downloads/archive/Crema/1011_IWL_ANG_XX.wav,1011,angry,ANG,1011_IWL_ANG_XX.wav,True,84394,1611608478000000000
/Users/jordanacle/Downloads/archive/Crema/1011_IWL_DIS_XX.wav,1011,disgust,DIS,1011_IWL_DIS_XX.wav,True,72650,1611608478000000000
/Users/jordanacle/Downloads/archive/Crema/1011_IWL_HAP_XX.wav,1011,happy,HAP,1011_IWL_HAP_XX.wav,True,72862,1611608478000000000
/Users/jordanacle/Downloads/archive/Crema/1011_IWL_FEA_XX.wav,1011,fear,FEA,1011_IWL_FEA_XX.wav,True,77988,1611608478000000000
/Users/jordanacle/Downloads/archive/Crema/1011_IWL_SAD_XX.wav,1011,sad,SAD,1011_IWL_SAD_XX.wav,True,91868,1611608478000000000
/Users/jordanacle/Downloads/archive/Crema/1011_IWW_ANG_XX.wav,1011,angry,ANG,1011_IWW_ANG_XX.wav,True,84394,1611608478000000000
/Users/jordanacle/Downloads/archive/Crema/1011_IWW_DIS_XX.wav,1011,disgust,DIS,1011_IWW_DIS_XX.wav,True,99344,1611608478000000000
/Users/jordanacle/Downloads/archive/Crema/1011_IWW_HAP_XX.wav,1011,happy,HAP,1011_IWW_HAP_XX.wav,True,68378,1611608478000000000
/Users/jordanacle/Downloads/archive/Crema/1011_IWW_FEA_XX.wav,1011,fear,FEA,1011_IWW_FEA_XX.wav,True,74786,1611608478000000000
/Users/jordanacle/Downloads/archive/Crema/1011_IWW_SAD_XX.wav,1011,sad,SAD,1011_IWW_SAD_XX.wav,True,72862,1611608478000000000
/Users/jordanacle/Downloads/archive/Crema/1011_MTI_ANG_XX.wav,1011,angry,ANG,1011_MTI_ANG_XX.wav,True,92936,1611608478000000000
/Users/jordanacle/Downloads/archive/Crema/1011_MTI_HAP_XX.wav,1011,happy,HAP,1011_MTI_HAP_XX.wav,True,88666,1611608478000000000
/Users/jordanacle/Downloads/archive/Crema/1011_MTI_NEU_XX.wav,1011,neutral,NEU,1011_MTI_NEU_XX.wav,True,90802,1611608478000000000
/Users/jordanacle/Downloads/archive/Crema/1011_TAI_DIS_XX.wav,1011,disgust,DIS,1011_TAI_DIS_XX.wav,True,90802,1611608478000000000
/Users/jordanacle/Downloads/archive/Crema/1011_TAI_FEA_XX.wav,1011,fear,FEA,1011_TAI_FEA_XX.wav,True,84394,1611608478000000000
/Users/jordanacle/Downloads/archive/Crema/1011_TAI_HAP_XX.wav,1011,happy,HAP,1011_TAI_HAP_XX.wav,True,70514,1611608478000000000
/Users/jordanacle/Downloads/archive/Crema/1011_TAI_NEU_XX.wav,1011,neutral,NEU,1011_TAI_NEU_XX.wav,True,86530,1611608478000000000
/Users/jordanacle/Downloads/archive/Crema/1011_TAI_SAD_XX.wav,1011,sad,SAD,1011_TAI_SAD_XX.wav,True,74786,1611608478000000000
/Users/jordanacle/Downloads/archive/Crema/1011_TIE_DIS_XX.wav,1011,disgust,DIS,1011_TIE_DIS_XX.wav,True,139918,1611608478000000000
/Users/jordanacle/Downloads/archive/Crema/1011_TIE_FEA_XX.wav,1011,fear,FEA,1011_TIE_FEA_XX.wav,True,88666,1611608478000000000
/Users/jordanacle/Downloads/archive/Crema/1011_TIE_HAP_XX.wav,1011,happy,HAP,1011_TIE_HAP_XX.wav,True,79056,1611608478000000000
/Users/jordanacle/Downloads/archive/Crema/1011_TIE_NEU_XX.wav,1011,neutral,NEU,1011_TIE_NEU_XX.wav,True,72862,1611608478000000000
/Users/jordanacle/Downloads/archive/Crema/1011_TIE_SAD_XX.wav,1011,sad,SAD,1011_TIE_SAD_XX.wav,True,120698,1611608478000000000
/Users/jordanacle/Downloads/archive/Crema/1011_TSI_ANG_XX.wav,1011,angry,ANG,1011_TSI_ANG_XX.wav,True,90802,1611608478000000000
/Users/jordanacle/Downloads/archive/Crema/1011_TSI_DIS_XX.wav,1011,disgust,DIS,1011_TSI_DIS_XX.wav,True,86530,1611608478000000000
/Users/jordanacle/Downloads/archive/Crema/1011_TSI_HAP_XX.wav,1011,happy,HAP,1011_TSI_HAP_XX.wav,True,70514,1611608478000000000
/Users/jordanacle/Downloads/archive/Crema/1011_TSI_FEA_XX.wav,1011,fear,FEA,1011_TSI_FEA_XX.wav,True,83328,1611608478000000000
/Users/jordanacle/Downloads/archive/Crema/1011_TSI_NEU_XX.wav,1011,neutral,NEU,1011_TSI_NEU_XX.wav,True,79056,1611608480000000000
/Users/jordanacle/Downloads/archive/Crema/1011_TSI_SAD_XX.wav,1011,sad,SAD,1011_TSI_SAD_XX.wav,True,76920,1611608480000000000
/Users/jordanacle/Downloads/archive/Crema/1011_WSI_ANG_XX.wav,1011,angry,ANG,1011_WSI_ANG_XX.wav,True,111088,1611608480000000000
/Users/jordanacle/Downloads/archive/Crema/1011_WSI_HAP_XX.wav,1011,happy,HAP,1011_WSI_HAP_XX.wav,True,74786,1611608480000000000
/Users/jordanacle/Downloads/archive/Crema/1011_WSI_NEU_XX.wav,1011,neutral,NEU,1011_WSI_NEU_XX.wav,True,94004,1611608480000000000
/Users/jordanacle/Downloads/archive/Crema/1012_DFA_DIS_XX.wav,1012,disgust,DIS,1012_DFA_DIS_XX.wav,True,66244,1611608480000000000
/Users/jordanacle/Downloads/archive/Crema/1012_DFA_HAP_XX.wav,1012,happy,HAP,1012_DFA_HAP_XX.wav,True,74786,1611608480000000000
/Users/jordanacle/Downloads/archive/Crema/1012_DFA_FEA_XX.wav,1012,fear,FEA,1012_DFA_FEA_XX.wav,True,66244,1611608480000000000
/Users/jordanacle/Downloads/archive/Crema/1012_DFA_NEU_XX.wav,1012,neutral,NEU,1012_DFA_NEU_XX.wav,True,73718,1611608480000000000
/Users/jordanacle/Downloads/archive/Crema/1012_DFA_SAD_XX.wav,1012,sad,SAD,1012_DFA_SAD_XX.wav,True,72650,1611608480000000000
/Users/jordanacle/Downloads/archive/Crema/1012_IEO_ANG_LO.wav,1012,angry,ANG,1012_IEO_ANG_LO.wav,True,70514,1611608480000000000
/Users/jordanacle/Downloads/archive/Crema/1012_IEO_ANG_HI.wav,1012,angry,ANG,1012_IEO_ANG_HI.wav,True,68378,1611608480000000000
/Users/jordanacle/Downloads/archive/Crema/1012_IEO_DIS_HI.wav,1012,disgust,DIS,1012_IEO_DIS_HI.wav,True,91870,1611608480000000000
/Users/jordanacle/Downloads/archive/Crema/1012_IEO_DIS_LO.wav,1012,disgust,DIS,1012_IEO_DIS_LO.wav,True,72650,1611608480000000000
/Users/jordanacle/Downloads/archive/Crema/1012_IEO_DIS_MD.wav,1012,disgust,DIS,1012_IEO_DIS_MD.wav,True,87598,1611608480000000000
/Users/jordanacle/Downloads/archive/Crema/1012_IEO_FEA_LO.wav,1012,fear,FEA,1012_IEO_FEA_LO.wav,True,64108,1611608480000000000
/Users/jordanacle/Downloads/archive/Crema/1012_IEO_FEA_HI.wav,1012,fear,FEA,1012_IEO_FEA_HI.wav,True,88666,1611608480000000000
/Users/jordanacle/Downloads/archive/Crema/1012_IEO_FEA_MD.wav,1012,fear,FEA,1012_IEO_FEA_MD.wav,True,95072,1611608480000000000
/Users/jordanacle/Downloads/archive/Crema/1012_IEO_HAP_HI.wav,1012,happy,HAP,1012_IEO_HAP_HI.wav,True,87598,1611608480000000000
/Users/jordanacle/Downloads/archive/Crema/1012_IEO_HAP_LO.wav,1012,happy,HAP,1012_IEO_HAP_LO.wav,True,85462,1611608480000000000
/Users/jordanacle/Downloads/archive/Crema/1012_IEO_HAP_MD.wav,1012,happy,HAP,1012_IEO_HAP_MD.wav,True,70514,1611608480000000000
/Users/jordanacle/Downloads/archive/Crema/1012_IOM_ANG_XX.wav,1012,angry,ANG,1012_IOM_ANG_XX.wav,True,66244,1611608480000000000
/Users/jordanacle/Downloads/archive/Crema/1012_IEO_SAD_MD.wav,1012,sad,SAD,1012_IEO_SAD_MD.wav,True,85462,1611608480000000000
/Users/jordanacle/Downloads/archive/Crema/1012_IEO_SAD_LO.wav,1012,sad,SAD,1012_IEO_SAD_LO.wav,True,76920,1611608480000000000
/Users/jordanacle/Downloads/archive/Crema/1012_IOM_DIS_XX.wav,1012,disgust,DIS,1012_IOM_DIS_XX.wav,True,79056,1611608480000000000
/Users/jordanacle/Downloads/archive/Crema/1012_IOM_SAD_XX.wav,1012,sad,SAD,1012_IOM_SAD_XX.wav,True,73718,1611608480000000000
/Users/jordanacle/Downloads/archive/Crema/1012_IOM_FEA_XX.wav,1012,fear,FEA,1012_IOM_FEA_XX.wav,True,72650,1611608480000000000
/Users/jordanacle/Downloads/archive/Crema/1012_IOM_HAP_XX.wav,1012,happy,HAP,1012_IOM_HAP_XX.wav,True,74786,1611608480000000000
/Users/jordanacle/Downloads/archive/Crema/1012_ITH_ANG_XX.wav,1012,angry,ANG,1012_ITH_ANG_XX.wav,True,94004,1611608480000000000
/Users/jordanacle/Downloads/archive/Crema/1012_ITH_NEU_XX.wav,1012,neutral,NEU,1012_ITH_NEU_XX.wav,True,77988,1611608480000000000
/Users/jordanacle/Downloads/archive/Crema/1012_ITH_HAP_XX.wav,1012,happy,HAP,1012_ITH_HAP_XX.wav,True,91868,1611608480000000000
/Users/jordanacle/Downloads/archive/Crema/1012_ITS_ANG_XX.wav,1012,angry,ANG,1012_ITS_ANG_XX.wav,True,92936,1611608480000000000
/Users/jordanacle/Downloads/archive/Crema/1012_ITH_SAD_XX.wav,1012,sad,SAD,1012_ITH_SAD_XX.wav,True,77988,1611608480000000000
/Users/jordanacle/Downloads/archive/Crema/1012_ITS_HAP_XX.wav,1012,happy,HAP,1012_ITS_HAP_XX.wav,True,82260,1611608480000000000
/Users/jordanacle/Downloads/archive/Crema/1012_ITS_NEU_XX.wav,1012,neutral,NEU,1012_ITS_NEU_XX.wav,True,70514,1611608480000000000
/Users/jordanacle/Downloads/archive/Crema/1012_IWL_ANG_XX.wav,1012,angry,ANG,1012_IWL_ANG_XX.wav,True,84394,1611608480000000000
/Users/jordanacle/Downloads/archive/Crema/1012_IWL_DIS_XX.wav,1012,disgust,DIS,1012_IWL_DIS_XX.wav,True,91868,1611608480000000000
/Users/jordanacle/Downloads/archive/Crema/1012_IWL_FEA_XX.wav,1012,fear,FEA,1012_IWL_FEA_XX.wav,True,76920,1611608480000000000
/Users/jordanacle/Downloads/archive/Crema/1012_IWL_HAP_XX.wav,1012,happy,HAP,1012_IWL_HAP_XX.wav,True,97208,1611608480000000000
/Users/jordanacle/Downloads/archive/Crema/1012_IWL_NEU_XX.wav,1012,neutral,NEU,1012_IWL_NEU_XX.wav,True,84394,1611608480000000000
/Users/jordanacle/Downloads/archive/Crema/1012_IWL_SAD_XX.wav,1012,sad,SAD,1012_IWL_SAD_XX.wav,True,91868,1611608480000000000
/Users/jordanacle/Downloads/archive/Crema/1012_IWW_ANG_XX.wav,1012,angry,ANG,1012_IWW_ANG_XX.wav,True,74786,1611608480000000000
/Users/jordanacle/Downloads/archive/Crema/1012_IWW_DIS_XX.wav,1012,disgust,DIS,1012_IWW_DIS_XX.wav,True,72650,1611608480000000000
/Users/jordanacle/Downloads/archive/Crema/1012_IWW_FEA_XX.wav,1012,fear,FEA,1012_IWW_FEA_XX.wav,True,83328,1611608480000000000
/Users/jordanacle/Downloads/archive/Crema/1012_IWW_NEU_XX.wav,1012,neutral,NEU,1012_IWW_NEU_XX.wav,True,75852,1611608480000000000
/Users/jordanacle/Downloads/archive/Crema/1012_IWW_SAD_XX.wav,1012,sad,SAD,1012_IWW_SAD_XX.wav,True,77988,1611608480000000000
/Users/jordanacle/Downloads/archive/Crema/1012_MTI_DIS_XX.wav,1012,disgust,DIS,1012_MTI_DIS_XX.wav,True,95072,1611608480000000000
/Users/jordanacle/Downloads/archive/Crema/1012_MTI_FEA_XX.wav,1012,fear,FEA,1012_MTI_FEA_XX.wav,True,72650,1611608480000000000
/Users/jordanacle/Downloads/archive/Crema/1012_MTI_HAP_XX.wav,1012,happy,HAP,1012_MTI_HAP_XX.wav,True,85462,1611608480000000000
/Users/jordanacle/Downloads/archive/Crema/1012_MTI_NEU_XX.wav,1012,neutral,NEU,1012_MTI_NEU_XX.wav,True,80124,1611608480000000000
/Users/jordanacle/Downloads/archive/Crema/1012_TAI_ANG_XX.wav,1012,angry,ANG,1012_TAI_ANG_XX.wav,True,74786,1611608480000000000
/Users/jordanacle/Downloads/archive/Crema/1012_MTI_SAD_XX.wav,1012,sad,SAD,1012_MTI_SAD_XX.wav,True,85462,1611608480000000000
/Users/jordanacle/Downloads/archive/Crema/1012_TAI_HAP_XX.wav,1012,happy,HAP,1012_TAI_HAP_XX.wav,True,86530,1611608480000000000
/Users/jordanacle/Downloads/archive/Crema/1012_TIE_ANG_XX.wav,1012,angry,ANG,1012_TIE_ANG_XX.wav,True,89734,1611608480000000000
/Users/jordanacle/Downloads/archive/Crema/1012_TAI_NEU_XX.wav,1012,neutral,NEU,1012_TAI_NEU_XX.wav,True,79056,1611608480000000000
/Users/jordanacle/Downloads/archive/Crema/1012_TIE_HAP_XX.wav,1012,happy,HAP,1012_TIE_HAP_XX.wav,True,114292,1611608480000000000
/Users/jordanacle/Downloads/archive/Crema/1012_TSI_ANG_XX.wav,1012,angry,ANG,1012_TSI_ANG_XX.wav,True,77988,1611608480000000000
/Users/jordanacle/Downloads/archive/Crema/1012_TIE_NEU_XX.wav,1012,neutral,NEU,1012_TIE_NEU_XX.wav,True,90802,1611608480000000000
/Users/jordanacle/Downloads/archive/Crema/1012_TSI_DIS_XX.wav,1012,disgust,DIS,1012_TSI_DIS_XX.wav,True,82260,1611608480000000000
/Users/jordanacle/Downloads/archive/Crema/1012_TSI_FEA_XX.wav,1012,fear,FEA,1012_TSI_FEA_XX.wav,True,77988,1611608480000000000
/Users/jordanacle/Downloads/archive/Crema/1012_TSI_HAP_XX.wav,1012,happy,HAP,1012_TSI_HAP_XX.wav,True,64108,1611608480000000000
/Users/jordanacle/Downloads/archive/Crema/1012_TSI_SAD_XX.wav,1012,sad,SAD,1012_TSI_SAD_XX.wav,True,81192,1611608480000000000
/Users/jordanacle/Downloads/archive/Crema/1012_WSI_DIS_XX.wav,1012,disgust,DIS,1012_WSI_DIS_XX.wav,True,95072,1611608480000000000
/Users/jordanacle/Downloads/archive/Crema/1012_WSI_FEA_XX.wav,1012,fear,FEA,1012_WSI_FEA_XX.wav,True,88666,1611608480000000000
/Users/jordanacle/Downloads/archive/Crema/1012_WSI_HAP_XX.wav,1012,happy,HAP,1012_WSI_HAP_XX.wav,True,91868,1611608480000000000
/Users/jordanacle/Downloads/archive/Crema/1012_WSI_NEU_XX.wav,1012,neutral,NEU,1012_WSI_NEU_XX.wav,True,87598,1611608480000000000
/Users/jordanacle/Downloads/archive/Crema/1013_DFA_ANG_XX.wav,1013,angry,ANG,1013_DFA_ANG_XX.wav,True,87598,1611608480000000000
/Users/jordanacle/Downloads/archive/Crema/1012_WSI_SAD_XX.wav,1012,sad,SAD,1012_WSI_SAD_XX.wav,True,101478,1611608480000000000
/Users/jordanacle/Downloads/archive/Crema/1013_DFA_DIS_XX.wav,1013,disgust,DIS,1013_DFA_DIS_XX.wav,True,72650,1611608480000000000
/Users/jordanacle/Downloads/archive/Crema/1013_DFA_FEA_XX.wav,1013,fear,FEA,1013_DFA_FEA_XX.wav,True,58770,1611608480000000000
/Users/jordanacle/Downloads/archive/Crema/1013_DFA_HAP_XX.wav,1013,happy,HAP,1013_DFA_HAP_XX.wav,True,66244,1611608480000000000
/Users/jordanacle/Downloads/archive/Crema/1013_IEO_ANG_LO.wav,1013,angry,ANG,1013_IEO_ANG_LO.wav,True,53430,1611608480000000000
/Users/jordanacle/Downloads/archive/Crema/1013_IEO_ANG_HI.wav,1013,angry,ANG,1013_IEO_ANG_HI.wav,True,94004,1611608480000000000
/Users/jordanacle/Downloads/archive/Crema/1013_DFA_NEU_XX.wav,1013,neutral,NEU,1013_DFA_NEU_XX.wav,True,74786,1611608480000000000
/Users/jordanacle/Downloads/archive/Crema/1013_DFA_SAD_XX.wav,1013,sad,SAD,1013_DFA_SAD_XX.wav,True,72862,1611608480000000000
/Users/jordanacle/Downloads/archive/Crema/1013_IEO_DIS_LO.wav,1013,disgust,DIS,1013_IEO_DIS_LO.wav,True,68378,1611608480000000000
/Users/jordanacle/Downloads/archive/Crema/1013_IEO_ANG_MD.wav,1013,angry,ANG,1013_IEO_ANG_MD.wav,True,58770,1611608480000000000
/Users/jordanacle/Downloads/archive/Crema/1013_IEO_DIS_MD.wav,1013,disgust,DIS,1013_IEO_DIS_MD.wav,True,68378,1611608480000000000
/Users/jordanacle/Downloads/archive/Crema/1013_IEO_FEA_LO.wav,1013,fear,FEA,1013_IEO_FEA_LO.wav,True,82260,1611608480000000000
/Users/jordanacle/Downloads/archive/Crema/1013_IEO_FEA_MD.wav,1013,fear,FEA,1013_IEO_FEA_MD.wav,True,69446,1611608480000000000
/Users/jordanacle/Downloads/archive/Crema/1013_IEO_HAP_HI.wav,1013,happy,HAP,1013_IEO_HAP_HI.wav,True,48092,1611608480000000000
/Users/jordanacle/Downloads/archive/Crema/1013_IEO_HAP_MD.wav,1013,happy,HAP,1013_IEO_HAP_MD.wav,True,64108,1611608480000000000
/Users/jordanacle/Downloads/archive/Crema/1013_IEO_HAP_LO.wav,1013,happy,HAP,1013_IEO_HAP_LO.wav,True,73718,1611608480000000000
/Users/jordanacle/Downloads/archive/Crema/1013_IEO_SAD_LO.wav,1013,sad,SAD,1013_IEO_SAD_LO.wav,True,60904,1611608480000000000
/Users/jordanacle/Downloads/archive/Crema/1013_IEO_NEU_XX.wav,1013,neutral,NEU,1013_IEO_NEU_XX.wav,True,60904,1611608480000000000
/Users/jordanacle/Downloads/archive/Crema/1013_IOM_ANG_XX.wav,1013,angry,ANG,1013_IOM_ANG_XX.wav,True,79056,1611608480000000000
/Users/jordanacle/Downloads/archive/Crema/1013_IEO_SAD_MD.wav,1013,sad,SAD,1013_IEO_SAD_MD.wav,True,80124,1611608480000000000
/Users/jordanacle/Downloads/archive/Crema/1013_IOM_DIS_XX.wav,1013,disgust,DIS,1013_IOM_DIS_XX.wav,True,94004,1611608480000000000
/Users/jordanacle/Downloads/archive/Crema/1013_IOM_FEA_XX.wav,1013,fear,FEA,1013_IOM_FEA_XX.wav,True,98276,1611608480000000000
/Users/jordanacle/Downloads/archive/Crema/1013_IOM_HAP_XX.wav,1013,happy,HAP,1013_IOM_HAP_XX.wav,True,77988,1611608480000000000
/Users/jordanacle/Downloads/archive/Crema/1013_IOM_SAD_XX.wav,1013,sad,SAD,1013_IOM_SAD_XX.wav,True,81192,1611608480000000000
/Users/jordanacle/Downloads/archive/Crema/1013_ITH_ANG_XX.wav,1013,angry,ANG,1013_ITH_ANG_XX.wav,True,92936,1611608480000000000
/Users/jordanacle/Downloads/archive/Crema/1013_ITH_HAP_XX.wav,1013,happy,HAP,1013_ITH_HAP_XX.wav,True,83328,1611608480000000000
/Users/jordanacle/Downloads/archive/Crema/1013_ITH_DIS_XX.wav,1013,disgust,DIS,1013_ITH_DIS_XX.wav,True,85462,1611608480000000000
/Users/jordanacle/Downloads/archive/Crema/1013_ITH_NEU_XX.wav,1013,neutral,NEU,1013_ITH_NEU_XX.wav,True,72862,1611608480000000000
/Users/jordanacle/Downloads/archive/Crema/1013_ITH_SAD_XX.wav,1013,sad,SAD,1013_ITH_SAD_XX.wav,True,79056,1611608480000000000
/Users/jordanacle/Downloads/archive/Crema/1013_ITS_ANG_XX.wav,1013,angry,ANG,1013_ITS_ANG_XX.wav,True,84394,1611608480000000000
/Users/jordanacle/Downloads/archive/Crema/1013_ITS_HAP_XX.wav,1013,happy,HAP,1013_ITS_HAP_XX.wav,True,76920,1611608480000000000
/Users/jordanacle/Downloads/archive/Crema/1013_ITS_NEU_XX.wav,1013,neutral,NEU,1013_ITS_NEU_XX.wav,True,66244,1611608480000000000
/Users/jordanacle/Downloads/archive/Crema/1013_IWL_ANG_XX.wav,1013,angry,ANG,1013_IWL_ANG_XX.wav,True,91868,1611608480000000000
/Users/jordanacle/Downloads/archive/Crema/1013_IWL_DIS_XX.wav,1013,disgust,DIS,1013_IWL_DIS_XX.wav,True,96140,1611608480000000000
/Users/jordanacle/Downloads/archive/Crema/1013_IWL_FEA_XX.wav,1013,fear,FEA,1013_IWL_FEA_XX.wav,True,72650,1611608480000000000
/Users/jordanacle/Downloads/archive/Crema/1013_IWL_SAD_XX.wav,1013,sad,SAD,1013_IWL_SAD_XX.wav,True,82260,1611608480000000000
/Users/jordanacle/Downloads/archive/Crema/1013_IWL_NEU_XX.wav,1013,neutral,NEU,1013_IWL_NEU_XX.wav,True,74786,1611608480000000000
/Users/jordanacle/Downloads/archive/Crema/1013_IWW_ANG_XX.wav,1013,angry,ANG,1013_IWW_ANG_XX.wav,True,69446,1611608480000000000
/Users/jordanacle/Downloads/archive/Crema/1013_IWW_DIS_XX.wav,1013,disgust,DIS,1013_IWW_DIS_XX.wav,True,68378,1611608480000000000
/Users/jordanacle/Downloads/archive/Crema/1013_IWW_FEA_XX.wav,1013,fear,FEA,1013_IWW_FEA_XX.wav,True,68378,1611608480000000000
/Users/jordanacle/Downloads/archive/Crema/1013_IWW_HAP_XX.wav,1013,happy,HAP,1013_IWW_HAP_XX.wav,True,63040,1611608480000000000
/Users/jordanacle/Downloads/archive/Crema/1013_IWW_NEU_XX.wav,1013,neutral,NEU,1013_IWW_NEU_XX.wav,True,84394,1611608480000000000
/Users/jordanacle/Downloads/archive/Crema/1013_IWW_SAD_XX.wav,1013,sad,SAD,1013_IWW_SAD_XX.wav,True,65176,1611608480000000000
/Users/jordanacle/Downloads/archive/Crema/1013_MTI_ANG_XX.wav,1013,angry,ANG,1013_MTI_ANG_XX.wav,True,88666,1611608480000000000
/Users/jordanacle/Downloads/archive/Crema/1013_MTI_DIS_XX.wav,1013,disgust,DIS,1013_MTI_DIS_XX.wav,True,94004,1611608480000000000
/Users/jordanacle/Downloads/archive/Crema/1013_MTI_HAP_XX.wav,1013,happy,HAP,1013_MTI_HAP_XX.wav,True,76920,1611608480000000000
/Users/jordanacle/Downloads/archive/Crema/1013_MTI_FEA_XX.wav,1013,fear,FEA,1013_MTI_FEA_XX.wav,True,85462,1611608480000000000
/Users/jordanacle/Downloads/archive/Crema/1013_MTI_SAD_XX.wav,1013,sad,SAD,1013_MTI_SAD_XX.wav,True,89734,1611608480000000000
/Users/jordanacle/Downloads/archive/Crema/1013_MTI_NEU_XX.wav,1013,neutral,NEU,1013_MTI_NEU_XX.wav,True,87598,1611608480000000000
/Users/jordanacle/Downloads/archive/Crema/1013_TAI_ANG_XX.wav,1013,angry,ANG,1013_TAI_ANG_XX.wav,True,87598,1611608480000000000
/Users/jordanacle/Downloads/archive/Crema/1013_TAI_DIS_XX.wav,1013,disgust,DIS,1013_TAI_DIS_XX.wav,True,104682,1611608480000000000
/Users/jordanacle/Downloads/archive/Crema/1013_TAI_HAP_XX.wav,1013,happy,HAP,1013_TAI_HAP_XX.wav,True,81192,1611608480000000000
/Users/jordanacle/Downloads/archive/Crema/1013_TAI_NEU_XX.wav,1013,neutral,NEU,1013_TAI_NEU_XX.wav,True,67312,1611608480000000000
/Users/jordanacle/Downloads/archive/Crema/1013_TAI_SAD_XX.wav,1013,sad,SAD,1013_TAI_SAD_XX.wav,True,81192,1611608480000000000
/Users/jordanacle/Downloads/archive/Crema/1013_TIE_ANG_XX.wav,1013,angry,ANG,1013_TIE_ANG_XX.wav,True,113224,1611608480000000000
/Users/jordanacle/Downloads/archive/Crema/1013_TIE_HAP_XX.wav,1013,happy,HAP,1013_TIE_HAP_XX.wav,True,82260,1611608480000000000
/Users/jordanacle/Downloads/archive/Crema/1013_TIE_DIS_XX.wav,1013,disgust,DIS,1013_TIE_DIS_XX.wav,True,97208,1611608480000000000
/Users/jordanacle/Downloads/archive/Crema/1013_TSI_DIS_XX.wav,1013,disgust,DIS,1013_TSI_DIS_XX.wav,True,97208,1611608480000000000
/Users/jordanacle/Downloads/archive/Crema/1013_TIE_NEU_XX.wav,1013,neutral,NEU,1013_TIE_NEU_XX.wav,True,72650,1611608480000000000
/Users/jordanacle/Downloads/archive/Crema/1013_TSI_ANG_XX.wav,1013,angry,ANG,1013_TSI_ANG_XX.wav,True,75852,1611608480000000000
/Users/jordanacle/Downloads/archive/Crema/1013_TSI_FEA_XX.wav,1013,fear,FEA,1013_TSI_FEA_XX.wav,True,77988,1611608480000000000
/Users/jordanacle/Downloads/archive/Crema/1013_TSI_HAP_XX.wav,1013,happy,HAP,1013_TSI_HAP_XX.wav,True,72862,1611608480000000000
/Users/jordanacle/Downloads/archive/Crema/1013_TSI_SAD_XX.wav,1013,sad,SAD,1013_TSI_SAD_XX.wav,True,80124,1611608480000000000
/Users/jordanacle/Downloads/archive/Crema/1013_WSI_ANG_XX.wav,1013,angry,ANG,1013_WSI_ANG_XX.wav,True,99344,1611608480000000000
/Users/jordanacle/Downloads/archive/Crema/1013_WSI_DIS_XX.wav,1013,disgust,DIS,1013_WSI_DIS_XX.wav,True,71582,1611608480000000000
/Users/jordanacle/Downloads/archive/Crema/1013_WSI_FEA_XX.wav,1013,fear,FEA,1013_WSI_FEA_XX.wav,True,85462,1611608480000000000
/Users/jordanacle/Downloads/archive/Crema/1013_WSI_HAP_XX.wav,1013,happy,HAP,1013_WSI_HAP_XX.wav,True,87598,1611608480000000000
/Users/jordanacle/Downloads/archive/Crema/1013_WSI_NEU_XX.wav,1013,neutral,NEU,1013_WSI_NEU_XX.wav,True,76920,1611608480000000000
/Users/jordanacle/Downloads/archive/Crema/1014_DFA_DIS_XX.wav,1014,disgust,DIS,1014_DFA_DIS_XX.wav,True,66244,1611608480000000000
/Users/jordanacle/Downloads/archive/Crema/1013_WSI_SAD_XX.wav,1013,sad,SAD,1013_WSI_SAD_XX.wav,True,71582,1611608480000000000
/Users/jordanacle/Downloads/archive/Crema/1014_DFA_FEA_XX.wav,1014,fear,FEA,1014_DFA_FEA_XX.wav,True,87598,1611608480000000000
/Users/jordanacle/Downloads/archive/Crema/1014_DFA_HAP_XX.wav,1014,happy,HAP,1014_DFA_HAP_XX.wav,True,72650,1611608480000000000
/Users/jordanacle/Downloads/archive/Crema/1014_DFA_NEU_XX.wav,1014,neutral,NEU,1014_DFA_NEU_XX.wav,True,80124,1611608480000000000
/Users/jordanacle/Downloads/archive/Crema/1014_DFA_SAD_XX.wav,1014,sad,SAD,1014_DFA_SAD_XX.wav,True,63040,1611608480000000000
/Users/jordanacle/Downloads/archive/Crema/1014_IEO_ANG_HI.wav,1014,angry,ANG,1014_IEO_ANG_HI.wav,True,88666,1611608480000000000
/Users/jordanacle/Downloads/archive/Crema/1014_IEO_ANG_LO.wav,1014,angry,ANG,1014_IEO_ANG_LO.wav,True,70514,1611608480000000000
/Users/jordanacle/Downloads/archive/Crema/1014_IEO_DIS_LO.wav,1014,disgust,DIS,1014_IEO_DIS_LO.wav,True,75852,1611608480000000000
/Users/jordanacle/Downloads/archive/Crema/1014_IEO_DIS_MD.wav,1014,disgust,DIS,1014_IEO_DIS_MD.wav,True,72650,1611608480000000000
/Users/jordanacle/Downloads/archive/Crema/1014_IEO_FEA_MD.wav,1014,fear,FEA,1014_IEO_FEA_MD.wav,True,86530,1611608480000000000
/Users/jordanacle/Downloads/archive/Crema/1014_IEO_FEA_LO.wav,1014,fear,FEA,1014_IEO_FEA_LO.wav,True,60904,1611608480000000000
/Users/jordanacle/Downloads/archive/Crema/1014_IEO_HAP_HI.wav,1014,happy,HAP,1014_IEO_HAP_HI.wav,True,73718,1611608480000000000
/Users/jordanacle/Downloads/archive/Crema/1014_IEO_HAP_LO.wav,1014,happy,HAP,1014_IEO_HAP_LO.wav,True,52362,1611608480000000000
/Users/jordanacle/Downloads/archive/Crema/1014_IEO_HAP_MD.wav,1014,happy,HAP,1014_IEO_HAP_MD.wav,True,69446,1611608480000000000
/Users/jordanacle/Downloads/archive/Crema/1014_IEO_SAD_LO.wav,1014,sad,SAD,1014_IEO_SAD_LO.wav,True,63040,1611608480000000000
/Users/jordanacle/Downloads/archive/Crema/1014_IEO_SAD_MD.wav,1014,sad,SAD,1014_IEO_SAD_MD.wav,True,59836,1611608480000000000
/Users/jordanacle/Downloads/archive/Crema/1014_IOM_ANG_XX.wav,1014,angry,ANG,1014_IOM_ANG_XX.wav,True,104682,1611608480000000000
/Users/jordanacle/Downloads/archive/Crema/1014_IOM_DIS_XX.wav,1014,disgust,DIS,1014_IOM_DIS_XX.wav,True,66244,1611608480000000000
/Users/jordanacle/Downloads/archive/Crema/1014_IOM_FEA_XX.wav,1014,fear,FEA,1014_IOM_FEA_XX.wav,True,94004,1611608480000000000
/Users/jordanacle/Downloads/archive/Crema/1014_IOM_HAP_XX.wav,1014,happy,HAP,1014_IOM_HAP_XX.wav,True,67312,1611608480000000000
/Users/jordanacle/Downloads/archive/Crema/1014_IOM_NEU_XX.wav,1014,neutral,NEU,1014_IOM_NEU_XX.wav,True,67312,1611608480000000000
/Users/jordanacle/Downloads/archive/Crema/1014_IOM_SAD_XX.wav,1014,sad,SAD,1014_IOM_SAD_XX.wav,True,99344,1611608480000000000
/Users/jordanacle/Downloads/archive/Crema/1014_ITH_ANG_XX.wav,1014,angry,ANG,1014_ITH_ANG_XX.wav,True,114292,1611608480000000000
/Users/jordanacle/Downloads/archive/Crema/1014_ITH_HAP_XX.wav,1014,happy,HAP,1014_ITH_HAP_XX.wav,True,77988,1611608480000000000
/Users/jordanacle/Downloads/archive/Crema/1014_ITH_NEU_XX.wav,1014,neutral,NEU,1014_ITH_NEU_XX.wav,True,85462,1611608480000000000
/Users/jordanacle/Downloads/archive/Crema/1014_ITS_ANG_XX.wav,1014,angry,ANG,1014_ITS_ANG_XX.wav,True,88666,1611608480000000000
/Users/jordanacle/Downloads/archive/Crema/1014_ITS_HAP_XX.wav,1014,happy,HAP,1014_ITS_HAP_XX.wav,True,72650,1611608480000000000
/Users/jordanacle/Downloads/archive/Crema/1014_ITS_DIS_XX.wav,1014,disgust,DIS,1014_ITS_DIS_XX.wav,True,108952,1611608480000000000
/Users/jordanacle/Downloads/archive/Crema/1014_ITS_NEU_XX.wav,1014,neutral,NEU,1014_ITS_NEU_XX.wav,True,88666,1611608480000000000
/Users/jordanacle/Downloads/archive/Crema/1014_IWL_ANG_XX.wav,1014,angry,ANG,1014_IWL_ANG_XX.wav,True,122834,1611608480000000000
/Users/jordanacle/Downloads/archive/Crema/1014_IWL_DIS_XX.wav,1014,disgust,DIS,1014_IWL_DIS_XX.wav,True,126036,1611608480000000000
/Users/jordanacle/Downloads/archive/Crema/1014_IWL_FEA_XX.wav,1014,fear,FEA,1014_IWL_FEA_XX.wav,True,82260,1611608480000000000
/Users/jordanacle/Downloads/archive/Crema/1014_IWL_NEU_XX.wav,1014,neutral,NEU,1014_IWL_NEU_XX.wav,True,91868,1611608480000000000
/Users/jordanacle/Downloads/archive/Crema/1014_IWL_SAD_XX.wav,1014,sad,SAD,1014_IWL_SAD_XX.wav,True,110020,1611608480000000000
/Users/jordanacle/Downloads/archive/Crema/1014_IWW_ANG_XX.wav,1014,angry,ANG,1014_IWW_ANG_XX.wav,True,86530,1611608480000000000
/Users/jordanacle/Downloads/archive/Crema/1014_IWW_DIS_XX.wav,1014,disgust,DIS,1014_IWW_DIS_XX.wav,True,94004,1611608480000000000
/Users/jordanacle/Downloads/archive/Crema/1014_IWW_SAD_XX.wav,1014,sad,SAD,1014_IWW_SAD_XX.wav,True,80124,1611608480000000000
/Users/jordanacle/Downloads/archive/Crema/1014_IWW_FEA_XX.wav,1014,fear,FEA,1014_IWW_FEA_XX.wav,True,70514,1611608480000000000
/Users/jordanacle/Downloads/archive/Crema/1014_IWW_NEU_XX.wav,1014,neutral,NEU,1014_IWW_NEU_XX.wav,True,81192,1611608480000000000
/Users/jordanacle/Downloads/archive/Crema/1014_MTI_ANG_XX.wav,1014,angry,ANG,1014_MTI_ANG_XX.wav,True,108952,1611608480000000000
/Users/jordanacle/Downloads/archive/Crema/1014_MTI_FEA_XX.wav,1014,fear,FEA,1014_MTI_FEA_XX.wav,True,99344,1611608480000000000
/Users/jordanacle/Downloads/archive/Crema/1014_MTI_DIS_XX.wav,1014,disgust,DIS,1014_MTI_DIS_XX.wav,True,81192,1611608480000000000
/Users/jordanacle/Downloads/archive/Crema/1014_MTI_HAP_XX.wav,1014,happy,HAP,1014_MTI_HAP_XX.wav,True,73718,1611608480000000000
/Users/jordanacle/Downloads/archive/Crema/1014_MTI_NEU_XX.wav,1014,neutral,NEU,1014_MTI_NEU_XX.wav,True,99344,1611608480000000000
/Users/jordanacle/Downloads/archive/Crema/1014_MTI_SAD_XX.wav,1014,sad,SAD,1014_MTI_SAD_XX.wav,True,73718,1611608480000000000
/Users/jordanacle/Downloads/archive/Crema/1014_TAI_ANG_XX.wav,1014,angry,ANG,1014_TAI_ANG_XX.wav,True,96140,1611608480000000000
/Users/jordanacle/Downloads/archive/Crema/1014_TAI_FEA_XX.wav,1014,fear,FEA,1014_TAI_FEA_XX.wav,True,76920,1611608480000000000
/Users/jordanacle/Downloads/archive/Crema/1014_TAI_DIS_XX.wav,1014,disgust,DIS,1014_TAI_DIS_XX.wav,True,100410,1611608480000000000
/Users/jordanacle/Downloads/archive/Crema/1014_TAI_HAP_XX.wav,1014,happy,HAP,1014_TAI_HAP_XX.wav,True,83328,1611608480000000000
/Users/jordanacle/Downloads/archive/Crema/1014_TAI_NEU_XX.wav,1014,neutral,NEU,1014_TAI_NEU_XX.wav,True,88666,1611608480000000000
/Users/jordanacle/Downloads/archive/Crema/1014_TIE_ANG_XX.wav,1014,angry,ANG,1014_TIE_ANG_XX.wav,True,103614,1611608480000000000
/Users/jordanacle/Downloads/archive/Crema/1014_TSI_ANG_XX.wav,1014,angry,ANG,1014_TSI_ANG_XX.wav,True,95072,1611608482000000000
/Users/jordanacle/Downloads/archive/Crema/1014_TIE_HAP_XX.wav,1014,happy,HAP,1014_TIE_HAP_XX.wav,True,92936,1611608480000000000
/Users/jordanacle/Downloads/archive/Crema/1014_TIE_NEU_XX.wav,1014,neutral,NEU,1014_TIE_NEU_XX.wav,True,76920,1611608480000000000
/Users/jordanacle/Downloads/archive/Crema/1014_TSI_DIS_XX.wav,1014,disgust,DIS,1014_TSI_DIS_XX.wav,True,91868,1611608482000000000
/Users/jordanacle/Downloads/archive/Crema/1014_TSI_FEA_XX.wav,1014,fear,FEA,1014_TSI_FEA_XX.wav,True,82260,1611608482000000000
/Users/jordanacle/Downloads/archive/Crema/1014_TSI_HAP_XX.wav,1014,happy,HAP,1014_TSI_HAP_XX.wav,True,80124,1611608482000000000
/Users/jordanacle/Downloads/archive/Crema/1014_WSI_FEA_XX.wav,1014,fear,FEA,1014_WSI_FEA_XX.wav,True,83328,1611608482000000000
/Users/jordanacle/Downloads/archive/Crema/1014_TSI_SAD_XX.wav,1014,sad,SAD,1014_TSI_SAD_XX.wav,True,77988,1611608482000000000
/Users/jordanacle/Downloads/archive/Crema/1014_WSI_DIS_XX.wav,1014,disgust,DIS,1014_WSI_DIS_XX.wav,True,76920,1611608482000000000
/Users/jordanacle/Downloads/archive/Crema/1014_WSI_NEU_XX.wav,1014,neutral,NEU,1014_WSI_NEU_XX.wav,True,74786,1611608482000000000
/Users/jordanacle/Downloads/archive/Crema/1014_WSI_HAP_XX.wav,1014,happy,HAP,1014_WSI_HAP_XX.wav,True,69446,1611608482000000000
/Users/jordanacle/Downloads/archive/Crema/1015_DFA_DIS_XX.wav,1015,disgust,DIS,1015_DFA_DIS_XX.wav,True,68378,1611608482000000000
/Users/jordanacle/Downloads/archive/Crema/1014_WSI_SAD_XX.wav,1014,sad,SAD,1014_WSI_SAD_XX.wav,True,72650,1611608482000000000
/Users/jordanacle/Downloads/archive/Crema/1015_DFA_FEA_XX.wav,1015,fear,FEA,1015_DFA_FEA_XX.wav,True,65176,1611608482000000000
/Users/jordanacle/Downloads/archive/Crema/1015_DFA_HAP_XX.wav,1015,happy,HAP,1015_DFA_HAP_XX.wav,True,56634,1611608482000000000
/Users/jordanacle/Downloads/archive/Crema/1015_DFA_NEU_XX.wav,1015,neutral,NEU,1015_DFA_NEU_XX.wav,True,56634,1611608482000000000
/Users/jordanacle/Downloads/archive/Crema/1015_DFA_SAD_XX.wav,1015,sad,SAD,1015_DFA_SAD_XX.wav,True,67312,1611608482000000000
/Users/jordanacle/Downloads/archive/Crema/1015_IEO_ANG_HI.wav,1015,angry,ANG,1015_IEO_ANG_HI.wav,True,70514,1611608482000000000
/Users/jordanacle/Downloads/archive/Crema/1015_IEO_ANG_MD.wav,1015,angry,ANG,1015_IEO_ANG_MD.wav,True,96140,1611608482000000000
/Users/jordanacle/Downloads/archive/Crema/1015_IEO_DIS_MD.wav,1015,disgust,DIS,1015_IEO_DIS_MD.wav,True,76920,1611608482000000000
/Users/jordanacle/Downloads/archive/Crema/1015_IEO_DIS_LO.wav,1015,disgust,DIS,1015_IEO_DIS_LO.wav,True,70514,1611608482000000000
/Users/jordanacle/Downloads/archive/Crema/1015_IEO_ANG_LO.wav,1015,angry,ANG,1015_IEO_ANG_LO.wav,True,69446,1611608482000000000
/Users/jordanacle/Downloads/archive/Crema/1015_IEO_FEA_MD.wav,1015,fear,FEA,1015_IEO_FEA_MD.wav,True,85462,1611608482000000000
/Users/jordanacle/Downloads/archive/Crema/1015_IEO_FEA_LO.wav,1015,fear,FEA,1015_IEO_FEA_LO.wav,True,60904,1611608482000000000
/Users/jordanacle/Downloads/archive/Crema/1015_IEO_HAP_HI.wav,1015,happy,HAP,1015_IEO_HAP_HI.wav,True,56634,1611608482000000000
/Users/jordanacle/Downloads/archive/Crema/1015_IEO_HAP_LO.wav,1015,happy,HAP,1015_IEO_HAP_LO.wav,True,49160,1611608482000000000
/Users/jordanacle/Downloads/archive/Crema/1015_IEO_HAP_MD.wav,1015,happy,HAP,1015_IEO_HAP_MD.wav,True,55566,1611608482000000000
/Users/jordanacle/Downloads/archive/Crema/1015_IEO_SAD_HI.wav,1015,sad,SAD,1015_IEO_SAD_HI.wav,True,69446,1611608482000000000
/Users/jordanacle/Downloads/archive/Crema/1015_IEO_SAD_LO.wav,1015,sad,SAD,1015_IEO_SAD_LO.wav,True,57702,1611608482000000000
/Users/jordanacle/Downloads/archive/Crema/1015_IOM_ANG_XX.wav,1015,angry,ANG,1015_IOM_ANG_XX.wav,True,83328,1611608482000000000
/Users/jordanacle/Downloads/archive/Crema/1015_IEO_SAD_MD.wav,1015,sad,SAD,1015_IEO_SAD_MD.wav,True,76920,1611608482000000000
/Users/jordanacle/Downloads/archive/Crema/1015_IOM_FEA_XX.wav,1015,fear,FEA,1015_IOM_FEA_XX.wav,True,72862,1611608482000000000
/Users/jordanacle/Downloads/archive/Crema/1015_IOM_HAP_XX.wav,1015,happy,HAP,1015_IOM_HAP_XX.wav,True,52362,1611608482000000000
/Users/jordanacle/Downloads/archive/Crema/1015_IOM_DIS_XX.wav,1015,disgust,DIS,1015_IOM_DIS_XX.wav,True,70514,1611608482000000000
/Users/jordanacle/Downloads/archive/Crema/1015_IOM_SAD_XX.wav,1015,sad,SAD,1015_IOM_SAD_XX.wav,True,65176,1611608482000000000
/Users/jordanacle/Downloads/archive/Crema/1015_ITH_ANG_XX.wav,1015,angry,ANG,1015_ITH_ANG_XX.wav,True,89734,1611608482000000000
/Users/jordanacle/Downloads/archive/Crema/1015_ITH_DIS_XX.wav,1015,disgust,DIS,1015_ITH_DIS_XX.wav,True,90802,1611608482000000000
/Users/jordanacle/Downloads/archive/Crema/1015_ITH_HAP_XX.wav,1015,happy,HAP,1015_ITH_HAP_XX.wav,True,57702,1611608482000000000
/Users/jordanacle/Downloads/archive/Crema/1015_ITH_NEU_XX.wav,1015,neutral,NEU,1015_ITH_NEU_XX.wav,True,87598,1611608482000000000
/Users/jordanacle/Downloads/archive/Crema/1015_ITS_ANG_XX.wav,1015,angry,ANG,1015_ITS_ANG_XX.wav,True,77988,1611608482000000000
/Users/jordanacle/Downloads/archive/Crema/1015_ITS_HAP_XX.wav,1015,happy,HAP,1015_ITS_HAP_XX.wav,True,48092,1611608482000000000
/Users/jordanacle/Downloads/archive/Crema/1015_ITS_NEU_XX.wav,1015,neutral,NEU,1015_ITS_NEU_XX.wav,True,89734,1611608482000000000
/Users/jordanacle/Downloads/archive/Crema/1015_IWL_ANG_XX.wav,1015,angry,ANG,1015_IWL_ANG_XX.wav,True,98276,1611608482000000000
/Users/jordanacle/Downloads/archive/Crema/1015_IWL_FEA_XX.wav,1015,fear,FEA,1015_IWL_FEA_XX.wav,True,88666,1611608482000000000
/Users/jordanacle/Downloads/archive/Crema/1015_IWL_DIS_XX.wav,1015,disgust,DIS,1015_IWL_DIS_XX.wav,True,90802,1611608482000000000
/Users/jordanacle/Downloads/archive/Crema/1015_IWL_NEU_XX.wav,1015,neutral,NEU,1015_IWL_NEU_XX.wav,True,69446,1611608482000000000
/Users/jordanacle/Downloads/archive/Crema/1015_IWL_SAD_XX.wav,1015,sad,SAD,1015_IWL_SAD_XX.wav,True,91868,1611608482000000000
/Users/jordanacle/Downloads/archive/Crema/1015_IWW_ANG_XX.wav,1015,angry,ANG,1015_IWW_ANG_XX.wav,True,63040,1611608482000000000
/Users/jordanacle/Downloads/archive/Crema/1015_IWW_DIS_XX.wav,1015,disgust,DIS,1015_IWW_DIS_XX.wav,True,87598,1611608482000000000
/Users/jordanacle/Downloads/archive/Crema/1015_IWW_FEA_XX.wav,1015,fear,FEA,1015_IWW_FEA_XX.wav,True,74786,1611608482000000000
/Users/jordanacle/Downloads/archive/Crema/1015_IWW_SAD_XX.wav,1015,sad,SAD,1015_IWW_SAD_XX.wav,True,72650,1611608482000000000
/Users/jordanacle/Downloads/archive/Crema/1015_IWW_NEU_XX.wav,1015,neutral,NEU,1015_IWW_NEU_XX.wav,True,77988,1611608482000000000
/Users/jordanacle/Downloads/archive/Crema/1015_MTI_DIS_XX.wav,1015,disgust,DIS,1015_MTI_DIS_XX.wav,True,85462,1611608482000000000
/Users/jordanacle/Downloads/archive/Crema/1015_MTI_FEA_XX.wav,1015,fear,FEA,1015_MTI_FEA_XX.wav,True,92936,1611608482000000000
/Users/jordanacle/Downloads/archive/Crema/1015_MTI_HAP_XX.wav,1015,happy,HAP,1015_MTI_HAP_XX.wav,True,58770,1611608482000000000
/Users/jordanacle/Downloads/archive/Crema/1015_MTI_NEU_XX.wav,1015,neutral,NEU,1015_MTI_NEU_XX.wav,True,52362,1611608482000000000
/Users/jordanacle/Downloads/archive/Crema/1015_MTI_SAD_XX.wav,1015,sad,SAD,1015_MTI_SAD_XX.wav,True,66244,1611608482000000000
/Users/jordanacle/Downloads/archive/Crema/1015_TAI_ANG_XX.wav,1015,angry,ANG,1015_TAI_ANG_XX.wav,True,83328,1611608482000000000
/Users/jordanacle/Downloads/archive/Crema/1015_TAI_HAP_XX.wav,1015,happy,HAP,1015_TAI_HAP_XX.wav,True,60904,1611608482000000000
/Users/jordanacle/Downloads/archive/Crema/1015_TAI_NEU_XX.wav,1015,neutral,NEU,1015_TAI_NEU_XX.wav,True,50228,1611608482000000000
/Users/jordanacle/Downloads/archive/Crema/1015_TIE_HAP_XX.wav,1015,happy,HAP,1015_TIE_HAP_XX.wav,True,89734,1611608482000000000
/Users/jordanacle/Downloads/archive/Crema/1015_TIE_ANG_XX.wav,1015,angry,ANG,1015_TIE_ANG_XX.wav,True,97208,1611608482000000000
/Users/jordanacle/Downloads/archive/Crema/1015_TSI_ANG_XX.wav,1015,angry,ANG,1015_TSI_ANG_XX.wav,True,94004,1611608482000000000
/Users/jordanacle/Downloads/archive/Crema/1015_TIE_NEU_XX.wav,1015,neutral,NEU,1015_TIE_NEU_XX.wav,True,82260,1611608482000000000
/Users/jordanacle/Downloads/archive/Crema/1015_TSI_DIS_XX.wav,1015,disgust,DIS,1015_TSI_DIS_XX.wav,True,95072,1611608482000000000
/Users/jordanacle/Downloads/archive/Crema/1015_TSI_FEA_XX.wav,1015,fear,FEA,1015_TSI_FEA_XX.wav,True,69446,1611608482000000000
/Users/jordanacle/Downloads/archive/Crema/1015_TSI_HAP_XX.wav,1015,happy,HAP,1015_TSI_HAP_XX.wav,True,50228,1611608482000000000
/Users/jordanacle/Downloads/archive/Crema/1015_TSI_NEU_XX.wav,1015,neutral,NEU,1015_TSI_NEU_XX.wav,True,70514,1611608482000000000
/Users/jordanacle/Downloads/archive/Crema/1015_TSI_SAD_XX.wav,1015,sad,SAD,1015_TSI_SAD_XX.wav,True,68378,1611608482000000000
/Users/jordanacle/Downloads/archive/Crema/1015_WSI_DIS_XX.wav,1015,disgust,DIS,1015_WSI_DIS_XX.wav,True,65176,1611608482000000000
/Users/jordanacle/Downloads/archive/Crema/1015_WSI_FEA_XX.wav,1015,fear,FEA,1015_WSI_FEA_XX.wav,True,65176,1611608482000000000
/Users/jordanacle/Downloads/archive/Crema/1015_WSI_HAP_XX.wav,1015,happy,HAP,1015_WSI_HAP_XX.wav,True,43820,1611608482000000000
/Users/jordanacle/Downloads/archive/Crema/1015_WSI_NEU_XX.wav,1015,neutral,NEU,1015_WSI_NEU_XX.wav,True,87598,1611608482000000000
/Users/jordanacle/Downloads/archive/Crema/1015_WSI_SAD_XX.wav,1015,sad,SAD,1015_WSI_SAD_XX.wav,True,77988,1611608482000000000
/Users/jordanacle/Downloads/archive/Crema/1016_DFA_ANG_XX.wav,1016,angry,ANG,1016_DFA_ANG_XX.wav,True,64108,1611608482000000000
/Users/jordanacle/Downloads/archive/Crema/1016_DFA_NEU_XX.wav,1016,neutral,NEU,1016_DFA_NEU_XX.wav,True,61972,1611608482000000000
/Users/jordanacle/Downloads/archive/Crema/1016_DFA_HAP_XX.wav,1016,happy,HAP,1016_DFA_HAP_XX.wav,True,60904,1611608482000000000
/Users/jordanacle/Downloads/archive/Crema/1016_IEO_ANG_LO.wav,1016,angry,ANG,1016_IEO_ANG_LO.wav,True,73718,1611608482000000000
/Users/jordanacle/Downloads/archive/Crema/1016_IEO_ANG_MD.wav,1016,angry,ANG,1016_IEO_ANG_MD.wav,True,72650,1611608482000000000
/Users/jordanacle/Downloads/archive/Crema/1016_IEO_DIS_HI.wav,1016,disgust,DIS,1016_IEO_DIS_HI.wav,True,91868,1611608482000000000
/Users/jordanacle/Downloads/archive/Crema/1016_IEO_DIS_LO.wav,1016,disgust,DIS,1016_IEO_DIS_LO.wav,True,80124,1611608482000000000
/Users/jordanacle/Downloads/archive/Crema/1016_IEO_DIS_MD.wav,1016,disgust,DIS,1016_IEO_DIS_MD.wav,True,84394,1611608482000000000
/Users/jordanacle/Downloads/archive/Crema/1016_IEO_FEA_HI.wav,1016,fear,FEA,1016_IEO_FEA_HI.wav,True,80124,1611608482000000000
/Users/jordanacle/Downloads/archive/Crema/1016_IEO_FEA_LO.wav,1016,fear,FEA,1016_IEO_FEA_LO.wav,True,74786,1611608482000000000
/Users/jordanacle/Downloads/archive/Crema/1016_IEO_FEA_MD.wav,1016,fear,FEA,1016_IEO_FEA_MD.wav,True,92936,1611608482000000000
/Users/jordanacle/Downloads/archive/Crema/1016_IEO_HAP_HI.wav,1016,happy,HAP,1016_IEO_HAP_HI.wav,True,77988,1611608482000000000
/Users/jordanacle/Downloads/archive/Crema/1016_IEO_HAP_MD.wav,1016,happy,HAP,1016_IEO_HAP_MD.wav,True,65176,1611608482000000000
/Users/jordanacle/Downloads/archive/Crema/1016_IEO_NEU_XX.wav,1016,neutral,NEU,1016_IEO_NEU_XX.wav,True,55566,1611608482000000000
/Users/jordanacle/Downloads/archive/Crema/1016_IEO_SAD_HI.wav,1016,sad,SAD,1016_IEO_SAD_HI.wav,True,117494,1611608482000000000
/Users/jordanacle/Downloads/archive/Crema/1016_IEO_SAD_LO.wav,1016,sad,SAD,1016_IEO_SAD_LO.wav,True,74786,1611608482000000000
/Users/jordanacle/Downloads/archive/Crema/1016_IEO_SAD_MD.wav,1016,sad,SAD,1016_IEO_SAD_MD.wav,True,90802,1611608482000000000
/Users/jordanacle/Downloads/archive/Crema/1016_IOM_ANG_XX.wav,1016,angry,ANG,1016_IOM_ANG_XX.wav,True,69446,1611608482000000000
/Users/jordanacle/Downloads/archive/Crema/1016_IOM_DIS_XX.wav,1016,disgust,DIS,1016_IOM_DIS_XX.wav,True,97208,1611608482000000000
/Users/jordanacle/Downloads/archive/Crema/1016_IOM_FEA_XX.wav,1016,fear,FEA,1016_IOM_FEA_XX.wav,True,72862,1611608482000000000
/Users/jordanacle/Downloads/archive/Crema/1016_IOM_HAP_XX.wav,1016,happy,HAP,1016_IOM_HAP_XX.wav,True,70514,1611608482000000000
/Users/jordanacle/Downloads/archive/Crema/1016_IOM_NEU_XX.wav,1016,neutral,NEU,1016_IOM_NEU_XX.wav,True,68378,1611608482000000000
/Users/jordanacle/Downloads/archive/Crema/1016_IOM_SAD_XX.wav,1016,sad,SAD,1016_IOM_SAD_XX.wav,True,68378,1611608482000000000
/Users/jordanacle/Downloads/archive/Crema/1016_ITH_DIS_XX.wav,1016,disgust,DIS,1016_ITH_DIS_XX.wav,True,101478,1611608482000000000
/Users/jordanacle/Downloads/archive/Crema/1016_ITH_ANG_XX.wav,1016,angry,ANG,1016_ITH_ANG_XX.wav,True,94004,1611608482000000000
/Users/jordanacle/Downloads/archive/Crema/1016_ITH_HAP_XX.wav,1016,happy,HAP,1016_ITH_HAP_XX.wav,True,76920,1611608482000000000
/Users/jordanacle/Downloads/archive/Crema/1016_ITH_FEA_XX.wav,1016,fear,FEA,1016_ITH_FEA_XX.wav,True,95072,1611608482000000000
/Users/jordanacle/Downloads/archive/Crema/1016_ITH_SAD_XX.wav,1016,sad,SAD,1016_ITH_SAD_XX.wav,True,110020,1611608482000000000
/Users/jordanacle/Downloads/archive/Crema/1016_ITH_NEU_XX.wav,1016,neutral,NEU,1016_ITH_NEU_XX.wav,True,82260,1611608482000000000
/Users/jordanacle/Downloads/archive/Crema/1016_ITS_DIS_XX.wav,1016,disgust,DIS,1016_ITS_DIS_XX.wav,True,97208,1611608482000000000
/Users/jordanacle/Downloads/archive/Crema/1016_ITS_HAP_XX.wav,1016,happy,HAP,1016_ITS_HAP_XX.wav,True,83328,1611608482000000000
/Users/jordanacle/Downloads/archive/Crema/1016_ITS_FEA_XX.wav,1016,fear,FEA,1016_ITS_FEA_XX.wav,True,86530,1611608482000000000
/Users/jordanacle/Downloads/archive/Crema/1016_ITS_NEU_XX.wav,1016,neutral,NEU,1016_ITS_NEU_XX.wav,True,65176,1611608482000000000
/Users/jordanacle/Downloads/archive/Crema/1016_ITS_SAD_XX.wav,1016,sad,SAD,1016_ITS_SAD_XX.wav,True,107884,1611608482000000000
/Users/jordanacle/Downloads/archive/Crema/1016_IWL_ANG_XX.wav,1016,angry,ANG,1016_IWL_ANG_XX.wav,True,96140,1611608482000000000
/Users/jordanacle/Downloads/archive/Crema/1016_IWL_FEA_XX.wav,1016,fear,FEA,1016_IWL_FEA_XX.wav,True,134578,1611608482000000000
/Users/jordanacle/Downloads/archive/Crema/1016_IWL_HAP_XX.wav,1016,happy,HAP,1016_IWL_HAP_XX.wav,True,102546,1611608482000000000
/Users/jordanacle/Downloads/archive/Crema/1016_IWL_DIS_XX.wav,1016,disgust,DIS,1016_IWL_DIS_XX.wav,True,120698,1611608482000000000
/Users/jordanacle/Downloads/archive/Crema/1016_IWL_NEU_XX.wav,1016,neutral,NEU,1016_IWL_NEU_XX.wav,True,86530,1611608482000000000
/Users/jordanacle/Downloads/archive/Crema/1016_IWL_SAD_XX.wav,1016,sad,SAD,1016_IWL_SAD_XX.wav,True,124968,1611608482000000000
/Users/jordanacle/Downloads/archive/Crema/1016_IWW_ANG_XX.wav,1016,angry,ANG,1016_IWW_ANG_XX.wav,True,89734,1611608482000000000
/Users/jordanacle/Downloads/archive/Crema/1016_IWW_FEA_XX.wav,1016,fear,FEA,1016_IWW_FEA_XX.wav,True,92936,1611608482000000000
/Users/jordanacle/Downloads/archive/Crema/1016_IWW_DIS_XX.wav,1016,disgust,DIS,1016_IWW_DIS_XX.wav,True,102546,1611608482000000000
/Users/jordanacle/Downloads/archive/Crema/1016_IWW_HAP_XX.wav,1016,happy,HAP,1016_IWW_HAP_XX.wav,True,72862,1611608482000000000
/Users/jordanacle/Downloads/archive/Crema/1016_IWW_SAD_XX.wav,1016,sad,SAD,1016_IWW_SAD_XX.wav,True,123902,1611608482000000000
/Users/jordanacle/Downloads/archive/Crema/1016_MTI_ANG_XX.wav,1016,angry,ANG,1016_MTI_ANG_XX.wav,True,87598,1611608482000000000
/Users/jordanacle/Downloads/archive/Crema/1016_MTI_HAP_XX.wav,1016,happy,HAP,1016_MTI_HAP_XX.wav,True,81192,1611608482000000000
/Users/jordanacle/Downloads/archive/Crema/1016_MTI_NEU_XX.wav,1016,neutral,NEU,1016_MTI_NEU_XX.wav,True,61972,1611608482000000000
/Users/jordanacle/Downloads/archive/Crema/1016_TAI_DIS_XX.wav,1016,disgust,DIS,1016_TAI_DIS_XX.wav,True,100410,1611608482000000000
/Users/jordanacle/Downloads/archive/Crema/1016_TAI_FEA_XX.wav,1016,fear,FEA,1016_TAI_FEA_XX.wav,True,124968,1611608482000000000
/Users/jordanacle/Downloads/archive/Crema/1016_TAI_HAP_XX.wav,1016,happy,HAP,1016_TAI_HAP_XX.wav,True,77988,1611608482000000000
/Users/jordanacle/Downloads/archive/Crema/1016_TAI_NEU_XX.wav,1016,neutral,NEU,1016_TAI_NEU_XX.wav,True,94004,1611608482000000000
/Users/jordanacle/Downloads/archive/Crema/1016_TIE_ANG_XX.wav,1016,angry,ANG,1016_TIE_ANG_XX.wav,True,89734,1611608482000000000
/Users/jordanacle/Downloads/archive/Crema/1016_TAI_SAD_XX.wav,1016,sad,SAD,1016_TAI_SAD_XX.wav,True,89734,1611608482000000000
/Users/jordanacle/Downloads/archive/Crema/1016_TIE_DIS_XX.wav,1016,disgust,DIS,1016_TIE_DIS_XX.wav,True,111088,1611608482000000000
/Users/jordanacle/Downloads/archive/Crema/1016_TIE_HAP_XX.wav,1016,happy,HAP,1016_TIE_HAP_XX.wav,True,92936,1611608482000000000
/Users/jordanacle/Downloads/archive/Crema/1016_TIE_NEU_XX.wav,1016,neutral,NEU,1016_TIE_NEU_XX.wav,True,84394,1611608482000000000
/Users/jordanacle/Downloads/archive/Crema/1016_TIE_SAD_XX.wav,1016,sad,SAD,1016_TIE_SAD_XX.wav,True,95072,1611608482000000000
/Users/jordanacle/Downloads/archive/Crema/1016_TIE_FEA_XX.wav,1016,fear,FEA,1016_TIE_FEA_XX.wav,True,86530,1611608482000000000
/Users/jordanacle/Downloads/archive/Crema/1016_TSI_DIS_XX.wav,1016,disgust,DIS,1016_TSI_DIS_XX.wav,True,89734,1611608482000000000
/Users/jordanacle/Downloads/archive/Crema/1016_TSI_ANG_XX.wav,1016,angry,ANG,1016_TSI_ANG_XX.wav,True,57702,1611608482000000000
/Users/jordanacle/Downloads/archive/Crema/1016_TSI_HAP_XX.wav,1016,happy,HAP,1016_TSI_HAP_XX.wav,True,69446,1611608482000000000
/Users/jordanacle/Downloads/archive/Crema/1016_TSI_FEA_XX.wav,1016,fear,FEA,1016_TSI_FEA_XX.wav,True,95072,1611608482000000000
/Users/jordanacle/Downloads/archive/Crema/1016_TSI_NEU_XX.wav,1016,neutral,NEU,1016_TSI_NEU_XX.wav,True,65176,1611608482000000000
/Users/jordanacle/Downloads/archive/Crema/1016_WSI_ANG_XX.wav,1016,angry,ANG,1016_WSI_ANG_XX.wav,True,84394,1611608482000000000
/Users/jordanacle/Downloads/archive/Crema/1016_TSI_SAD_XX.wav,1016,sad,SAD,1016_TSI_SAD_XX.wav,True,68378,1611608482000000000
/Users/jordanacle/Downloads/archive/Crema/1016_WSI_HAP_XX.wav,1016,happy,HAP,1016_WSI_HAP_XX.wav,True,72862,1611608482000000000
/Users/jordanacle/Downloads/archive/Crema/1016_WSI_NEU_XX.wav,1016,neutral,NEU,1016_WSI_NEU_XX.wav,True,82260,1611608482000000000
/Users/jordanacle/Downloads/archive/Crema/1017_DFA_ANG_XX.wav,1017,angry,ANG,1017_DFA_ANG_XX.wav,True,51296,1611608482000000000
/Users/jordanacle/Downloads/archive/Crema/1017_DFA_HAP_XX.wav,1017,happy,HAP,1017_DFA_HAP_XX.wav,True,60904,1611608482000000000
/Users/jordanacle/Downloads/archive/Crema/1017_DFA_NEU_XX.wav,1017,neutral,NEU,1017_DFA_NEU_XX.wav,True,55566,1611608482000000000
/Users/jordanacle/Downloads/archive/Crema/1017_DFA_SAD_XX.wav,1017,sad,SAD,1017_DFA_SAD_XX.wav,True,53430,1611608482000000000
/Users/jordanacle/Downloads/archive/Crema/1017_IEO_ANG_LO.wav,1017,angry,ANG,1017_IEO_ANG_LO.wav,True,66244,1611608482000000000
/Users/jordanacle/Downloads/archive/Crema/1017_IEO_DIS_LO.wav,1017,disgust,DIS,1017_IEO_DIS_LO.wav,True,66244,1611608482000000000
/Users/jordanacle/Downloads/archive/Crema/1017_IEO_DIS_HI.wav,1017,disgust,DIS,1017_IEO_DIS_HI.wav,True,82260,1611608482000000000
/Users/jordanacle/Downloads/archive/Crema/1017_IEO_ANG_MD.wav,1017,angry,ANG,1017_IEO_ANG_MD.wav,True,73718,1611608482000000000
/Users/jordanacle/Downloads/archive/Crema/1017_IEO_FEA_HI.wav,1017,fear,FEA,1017_IEO_FEA_HI.wav,True,73718,1611608482000000000
/Users/jordanacle/Downloads/archive/Crema/1017_IEO_FEA_LO.wav,1017,fear,FEA,1017_IEO_FEA_LO.wav,True,52362,1611608482000000000
/Users/jordanacle/Downloads/archive/Crema/1017_IEO_HAP_HI.wav,1017,happy,HAP,1017_IEO_HAP_HI.wav,True,61972,1611608482000000000
/Users/jordanacle/Downloads/archive/Crema/1017_IEO_HAP_LO.wav,1017,happy,HAP,1017_IEO_HAP_LO.wav,True,56634,1611608482000000000
/Users/jordanacle/Downloads/archive/Crema/1017_IEO_HAP_MD.wav,1017,happy,HAP,1017_IEO_HAP_MD.wav,True,58770,1611608482000000000
/Users/jordanacle/Downloads/archive/Crema/1017_IEO_NEU_XX.wav,1017,neutral,NEU,1017_IEO_NEU_XX.wav,True,60904,1611608482000000000
/Users/jordanacle/Downloads/archive/Crema/1017_IEO_SAD_HI.wav,1017,sad,SAD,1017_IEO_SAD_HI.wav,True,58770,1611608482000000000
/Users/jordanacle/Downloads/archive/Crema/1017_IOM_ANG_XX.wav,1017,angry,ANG,1017_IOM_ANG_XX.wav,True,82260,1611608482000000000
/Users/jordanacle/Downloads/archive/Crema/1017_IEO_SAD_LO.wav,1017,sad,SAD,1017_IEO_SAD_LO.wav,True,50228,1611608482000000000
/Users/jordanacle/Downloads/archive/Crema/1017_IOM_DIS_XX.wav,1017,disgust,DIS,1017_IOM_DIS_XX.wav,True,103614,1611608482000000000
/Users/jordanacle/Downloads/archive/Crema/1017_IOM_NEU_XX.wav,1017,neutral,NEU,1017_IOM_NEU_XX.wav,True,75852,1611608482000000000
/Users/jordanacle/Downloads/archive/Crema/1017_IOM_SAD_XX.wav,1017,sad,SAD,1017_IOM_SAD_XX.wav,True,68378,1611608482000000000
/Users/jordanacle/Downloads/archive/Crema/1017_IOM_FEA_XX.wav,1017,fear,FEA,1017_IOM_FEA_XX.wav,True,65176,1611608482000000000
/Users/jordanacle/Downloads/archive/Crema/1017_ITH_DIS_XX.wav,1017,disgust,DIS,1017_ITH_DIS_XX.wav,True,82260,1611608482000000000
/Users/jordanacle/Downloads/archive/Crema/1017_ITH_NEU_XX.wav,1017,neutral,NEU,1017_ITH_NEU_XX.wav,True,70514,1611608482000000000
/Users/jordanacle/Downloads/archive/Crema/1017_ITH_HAP_XX.wav,1017,happy,HAP,1017_ITH_HAP_XX.wav,True,58770,1611608482000000000
/Users/jordanacle/Downloads/archive/Crema/1017_ITH_FEA_XX.wav,1017,fear,FEA,1017_ITH_FEA_XX.wav,True,72862,1611608482000000000
/Users/jordanacle/Downloads/archive/Crema/1017_ITH_SAD_XX.wav,1017,sad,SAD,1017_ITH_SAD_XX.wav,True,70514,1611608482000000000
/Users/jordanacle/Downloads/archive/Crema/1017_ITS_ANG_XX.wav,1017,angry,ANG,1017_ITS_ANG_XX.wav,True,76920,1611608482000000000
/Users/jordanacle/Downloads/archive/Crema/1017_ITS_FEA_XX.wav,1017,fear,FEA,1017_ITS_FEA_XX.wav,True,50228,1611608482000000000
/Users/jordanacle/Downloads/archive/Crema/1017_ITS_NEU_XX.wav,1017,neutral,NEU,1017_ITS_NEU_XX.wav,True,61972,1611608482000000000
/Users/jordanacle/Downloads/archive/Crema/1017_ITS_HAP_XX.wav,1017,happy,HAP,1017_ITS_HAP_XX.wav,True,65176,1611608482000000000
/Users/jordanacle/Downloads/archive/Crema/1017_ITS_DIS_XX.wav,1017,disgust,DIS,1017_ITS_DIS_XX.wav,True,69446,1611608482000000000
/Users/jordanacle/Downloads/archive/Crema/1017_ITS_SAD_XX.wav,1017,sad,SAD,1017_ITS_SAD_XX.wav,True,67312,1611608482000000000
/Users/jordanacle/Downloads/archive/Crema/1017_IWL_ANG_XX.wav,1017,angry,ANG,1017_IWL_ANG_XX.wav,True,59836,1611608482000000000
/Users/jordanacle/Downloads/archive/Crema/1017_IWL_DIS_XX.wav,1017,disgust,DIS,1017_IWL_DIS_XX.wav,True,80124,1611608482000000000
/Users/jordanacle/Downloads/archive/Crema/1017_IWL_FEA_XX.wav,1017,fear,FEA,1017_IWL_FEA_XX.wav,True,69446,1611608482000000000
/Users/jordanacle/Downloads/archive/Crema/1017_IWL_HAP_XX.wav,1017,happy,HAP,1017_IWL_HAP_XX.wav,True,63040,1611608482000000000
/Users/jordanacle/Downloads/archive/Crema/1017_IWL_SAD_XX.wav,1017,sad,SAD,1017_IWL_SAD_XX.wav,True,64108,1611608482000000000
/Users/jordanacle/Downloads/archive/Crema/1017_IWW_ANG_XX.wav,1017,angry,ANG,1017_IWW_ANG_XX.wav,True,63040,1611608482000000000
/Users/jordanacle/Downloads/archive/Crema/1017_IWW_FEA_XX.wav,1017,fear,FEA,1017_IWW_FEA_XX.wav,True,63040,1611608482000000000
/Users/jordanacle/Downloads/archive/Crema/1017_IWW_DIS_XX.wav,1017,disgust,DIS,1017_IWW_DIS_XX.wav,True,68378,1611608482000000000
/Users/jordanacle/Downloads/archive/Crema/1017_IWW_HAP_XX.wav,1017,happy,HAP,1017_IWW_HAP_XX.wav,True,52362,1611608482000000000
/Users/jordanacle/Downloads/archive/Crema/1017_IWW_SAD_XX.wav,1017,sad,SAD,1017_IWW_SAD_XX.wav,True,57702,1611608482000000000
/Users/jordanacle/Downloads/archive/Crema/1017_MTI_HAP_XX.wav,1017,happy,HAP,1017_MTI_HAP_XX.wav,True,67312,1611608482000000000
/Users/jordanacle/Downloads/archive/Crema/1017_MTI_ANG_XX.wav,1017,angry,ANG,1017_MTI_ANG_XX.wav,True,84394,1611608482000000000
/Users/jordanacle/Downloads/archive/Crema/1017_TAI_ANG_XX.wav,1017,angry,ANG,1017_TAI_ANG_XX.wav,True,67312,1611608482000000000
/Users/jordanacle/Downloads/archive/Crema/1017_MTI_NEU_XX.wav,1017,neutral,NEU,1017_MTI_NEU_XX.wav,True,61972,1611608482000000000
/Users/jordanacle/Downloads/archive/Crema/1017_TAI_DIS_XX.wav,1017,disgust,DIS,1017_TAI_DIS_XX.wav,True,88666,1611608482000000000
/Users/jordanacle/Downloads/archive/Crema/1017_TAI_FEA_XX.wav,1017,fear,FEA,1017_TAI_FEA_XX.wav,True,67312,1611608482000000000
/Users/jordanacle/Downloads/archive/Crema/1017_TAI_HAP_XX.wav,1017,happy,HAP,1017_TAI_HAP_XX.wav,True,65176,1611608482000000000
/Users/jordanacle/Downloads/archive/Crema/1017_TAI_NEU_XX.wav,1017,neutral,NEU,1017_TAI_NEU_XX.wav,True,75852,1611608482000000000
/Users/jordanacle/Downloads/archive/Crema/1017_TAI_SAD_XX.wav,1017,sad,SAD,1017_TAI_SAD_XX.wav,True,59836,1611608482000000000
/Users/jordanacle/Downloads/archive/Crema/1017_TIE_DIS_XX.wav,1017,disgust,DIS,1017_TIE_DIS_XX.wav,True,101478,1611608482000000000
/Users/jordanacle/Downloads/archive/Crema/1017_TIE_FEA_XX.wav,1017,fear,FEA,1017_TIE_FEA_XX.wav,True,88666,1611608482000000000
/Users/jordanacle/Downloads/archive/Crema/1017_TIE_HAP_XX.wav,1017,happy,HAP,1017_TIE_HAP_XX.wav,True,70514,1611608482000000000
/Users/jordanacle/Downloads/archive/Crema/1017_TIE_NEU_XX.wav,1017,neutral,NEU,1017_TIE_NEU_XX.wav,True,88666,1611608482000000000
/Users/jordanacle/Downloads/archive/Crema/1017_TIE_SAD_XX.wav,1017,sad,SAD,1017_TIE_SAD_XX.wav,True,90802,1611608482000000000
/Users/jordanacle/Downloads/archive/Crema/1017_TSI_ANG_XX.wav,1017,angry,ANG,1017_TSI_ANG_XX.wav,True,79056,1611608482000000000
/Users/jordanacle/Downloads/archive/Crema/1017_TSI_DIS_XX.wav,1017,disgust,DIS,1017_TSI_DIS_XX.wav,True,81192,1611608482000000000
/Users/jordanacle/Downloads/archive/Crema/1017_TSI_NEU_XX.wav,1017,neutral,NEU,1017_TSI_NEU_XX.wav,True,53430,1611608482000000000
/Users/jordanacle/Downloads/archive/Crema/1017_TSI_FEA_XX.wav,1017,fear,FEA,1017_TSI_FEA_XX.wav,True,63040,1611608482000000000
/Users/jordanacle/Downloads/archive/Crema/1017_TSI_SAD_XX.wav,1017,sad,SAD,1017_TSI_SAD_XX.wav,True,64108,1611608482000000000
/Users/jordanacle/Downloads/archive/Crema/1017_WSI_ANG_XX.wav,1017,angry,ANG,1017_WSI_ANG_XX.wav,True,74786,1611608482000000000
/Users/jordanacle/Downloads/archive/Crema/1017_WSI_FEA_XX.wav,1017,fear,FEA,1017_WSI_FEA_XX.wav,True,75852,1611608482000000000
/Users/jordanacle/Downloads/archive/Crema/1017_WSI_HAP_XX.wav,1017,happy,HAP,1017_WSI_HAP_XX.wav,True,50228,1611608482000000000
/Users/jordanacle/Downloads/archive/Crema/1017_WSI_NEU_XX.wav,1017,neutral,NEU,1017_WSI_NEU_XX.wav,True,70514,1611608482000000000
/Users/jordanacle/Downloads/archive/Crema/1018_DFA_ANG_XX.wav,1018,angry,ANG,1018_DFA_ANG_XX.wav,True,63040,1611608482000000000
/Users/jordanacle/Downloads/archive/Crema/1018_DFA_FEA_XX.wav,1018,fear,FEA,1018_DFA_FEA_XX.wav,True,68378,1611608482000000000
/Users/jordanacle/Downloads/archive/Crema/1017_WSI_SAD_XX.wav,1017,sad,SAD,1017_WSI_SAD_XX.wav,True,68378,1611608482000000000
/Users/jordanacle/Downloads/archive/Crema/1018_DFA_HAP_XX.wav,1018,happy,HAP,1018_DFA_HAP_XX.wav,True,52362,1611608482000000000
/Users/jordanacle/Downloads/archive/Crema/1018_DFA_NEU_XX.wav,1018,neutral,NEU,1018_DFA_NEU_XX.wav,True,64108,1611608482000000000
/Users/jordanacle/Downloads/archive/Crema/1018_IEO_ANG_LO.wav,1018,angry,ANG,1018_IEO_ANG_LO.wav,True,73718,1611608482000000000
/Users/jordanacle/Downloads/archive/Crema/1018_IEO_ANG_MD.wav,1018,angry,ANG,1018_IEO_ANG_MD.wav,True,60904,1611608482000000000
/Users/jordanacle/Downloads/archive/Crema/1018_IEO_DIS_HI.wav,1018,disgust,DIS,1018_IEO_DIS_HI.wav,True,102546,1611608482000000000
/Users/jordanacle/Downloads/archive/Crema/1018_IEO_DIS_LO.wav,1018,disgust,DIS,1018_IEO_DIS_LO.wav,True,69446,1611608482000000000
/Users/jordanacle/Downloads/archive/Crema/1018_IEO_FEA_HI.wav,1018,fear,FEA,1018_IEO_FEA_HI.wav,True,74786,1611608482000000000
/Users/jordanacle/Downloads/archive/Crema/1018_IEO_FEA_LO.wav,1018,fear,FEA,1018_IEO_FEA_LO.wav,True,60904,1611608482000000000
/Users/jordanacle/Downloads/archive/Crema/1018_IEO_HAP_HI.wav,1018,happy,HAP,1018_IEO_HAP_HI.wav,True,73718,1611608482000000000
/Users/jordanacle/Downloads/archive/Crema/1018_IEO_HAP_MD.wav,1018,happy,HAP,1018_IEO_HAP_MD.wav,True,52362,1611608482000000000
/Users/jordanacle/Downloads/archive/Crema/1018_IEO_SAD_HI.wav,1018,sad,SAD,1018_IEO_SAD_HI.wav,True,122834,1611608482000000000
/Users/jordanacle/Downloads/archive/Crema/1018_IEO_NEU_XX.wav,1018,neutral,NEU,1018_IEO_NEU_XX.wav,True,64108,1611608482000000000
/Users/jordanacle/Downloads/archive/Crema/1018_IEO_SAD_LO.wav,1018,sad,SAD,1018_IEO_SAD_LO.wav,True,90802,1611608482000000000
/Users/jordanacle/Downloads/archive/Crema/1018_IOM_ANG_XX.wav,1018,angry,ANG,1018_IOM_ANG_XX.wav,True,66244,1611608482000000000
/Users/jordanacle/Downloads/archive/Crema/1018_IOM_DIS_XX.wav,1018,disgust,DIS,1018_IOM_DIS_XX.wav,True,68378,1611608482000000000
/Users/jordanacle/Downloads/archive/Crema/1018_IOM_FEA_XX.wav,1018,fear,FEA,1018_IOM_FEA_XX.wav,True,90802,1611608482000000000
/Users/jordanacle/Downloads/archive/Crema/1018_IOM_NEU_XX.wav,1018,neutral,NEU,1018_IOM_NEU_XX.wav,True,63040,1611608484000000000
/Users/jordanacle/Downloads/archive/Crema/1018_IOM_SAD_XX.wav,1018,sad,SAD,1018_IOM_SAD_XX.wav,True,76920,1611608484000000000
/Users/jordanacle/Downloads/archive/Crema/1018_ITH_DIS_XX.wav,1018,disgust,DIS,1018_ITH_DIS_XX.wav,True,83328,1611608484000000000
/Users/jordanacle/Downloads/archive/Crema/1018_ITH_FEA_XX.wav,1018,fear,FEA,1018_ITH_FEA_XX.wav,True,68378,1611608484000000000
/Users/jordanacle/Downloads/archive/Crema/1018_ITH_HAP_XX.wav,1018,happy,HAP,1018_ITH_HAP_XX.wav,True,64108,1611608484000000000
/Users/jordanacle/Downloads/archive/Crema/1018_ITH_NEU_XX.wav,1018,neutral,NEU,1018_ITH_NEU_XX.wav,True,70514,1611608484000000000
/Users/jordanacle/Downloads/archive/Crema/1018_ITH_SAD_XX.wav,1018,sad,SAD,1018_ITH_SAD_XX.wav,True,77988,1611608484000000000
/Users/jordanacle/Downloads/archive/Crema/1018_ITS_ANG_XX.wav,1018,angry,ANG,1018_ITS_ANG_XX.wav,True,76920,1611608484000000000
/Users/jordanacle/Downloads/archive/Crema/1018_ITS_DIS_XX.wav,1018,disgust,DIS,1018_ITS_DIS_XX.wav,True,77988,1611608484000000000
/Users/jordanacle/Downloads/archive/Crema/1018_ITS_FEA_XX.wav,1018,fear,FEA,1018_ITS_FEA_XX.wav,True,57702,1611608484000000000
/Users/jordanacle/Downloads/archive/Crema/1018_ITS_HAP_XX.wav,1018,happy,HAP,1018_ITS_HAP_XX.wav,True,60904,1611608484000000000
/Users/jordanacle/Downloads/archive/Crema/1018_ITS_SAD_XX.wav,1018,sad,SAD,1018_ITS_SAD_XX.wav,True,80124,1611608484000000000
/Users/jordanacle/Downloads/archive/Crema/1018_ITS_NEU_XX.wav,1018,neutral,NEU,1018_ITS_NEU_XX.wav,True,74786,1611608484000000000
/Users/jordanacle/Downloads/archive/Crema/1018_IWL_DIS_XX.wav,1018,disgust,DIS,1018_IWL_DIS_XX.wav,True,83328,1611608484000000000
/Users/jordanacle/Downloads/archive/Crema/1018_IWL_FEA_XX.wav,1018,fear,FEA,1018_IWL_FEA_XX.wav,True,68378,1611608484000000000
/Users/jordanacle/Downloads/archive/Crema/1018_IWL_ANG_XX.wav,1018,angry,ANG,1018_IWL_ANG_XX.wav,True,68378,1611608484000000000
/Users/jordanacle/Downloads/archive/Crema/1018_IWL_HAP_XX.wav,1018,happy,HAP,1018_IWL_HAP_XX.wav,True,67312,1611608484000000000
/Users/jordanacle/Downloads/archive/Crema/1018_IWL_NEU_XX.wav,1018,neutral,NEU,1018_IWL_NEU_XX.wav,True,64108,1611608484000000000
/Users/jordanacle/Downloads/archive/Crema/1018_IWL_SAD_XX.wav,1018,sad,SAD,1018_IWL_SAD_XX.wav,True,72862,1611608484000000000
/Users/jordanacle/Downloads/archive/Crema/1018_IWW_ANG_XX.wav,1018,angry,ANG,1018_IWW_ANG_XX.wav,True,67312,1611608484000000000
/Users/jordanacle/Downloads/archive/Crema/1018_IWW_DIS_XX.wav,1018,disgust,DIS,1018_IWW_DIS_XX.wav,True,84394,1611608484000000000
/Users/jordanacle/Downloads/archive/Crema/1018_IWW_FEA_XX.wav,1018,fear,FEA,1018_IWW_FEA_XX.wav,True,102546,1611608484000000000
/Users/jordanacle/Downloads/archive/Crema/1018_IWW_HAP_XX.wav,1018,happy,HAP,1018_IWW_HAP_XX.wav,True,63040,1611608484000000000
/Users/jordanacle/Downloads/archive/Crema/1018_IWW_SAD_XX.wav,1018,sad,SAD,1018_IWW_SAD_XX.wav,True,88666,1611608484000000000
/Users/jordanacle/Downloads/archive/Crema/1018_MTI_ANG_XX.wav,1018,angry,ANG,1018_MTI_ANG_XX.wav,True,65176,1611608484000000000
/Users/jordanacle/Downloads/archive/Crema/1018_MTI_DIS_XX.wav,1018,disgust,DIS,1018_MTI_DIS_XX.wav,True,80124,1611608484000000000
/Users/jordanacle/Downloads/archive/Crema/1018_MTI_HAP_XX.wav,1018,happy,HAP,1018_MTI_HAP_XX.wav,True,63040,1611608484000000000
/Users/jordanacle/Downloads/archive/Crema/1018_MTI_NEU_XX.wav,1018,neutral,NEU,1018_MTI_NEU_XX.wav,True,72862,1611608484000000000
/Users/jordanacle/Downloads/archive/Crema/1018_TAI_DIS_XX.wav,1018,disgust,DIS,1018_TAI_DIS_XX.wav,True,103614,1611608484000000000
/Users/jordanacle/Downloads/archive/Crema/1018_TAI_FEA_XX.wav,1018,fear,FEA,1018_TAI_FEA_XX.wav,True,64108,1611608484000000000
/Users/jordanacle/Downloads/archive/Crema/1018_TAI_HAP_XX.wav,1018,happy,HAP,1018_TAI_HAP_XX.wav,True,64108,1611608484000000000
/Users/jordanacle/Downloads/archive/Crema/1018_TAI_NEU_XX.wav,1018,neutral,NEU,1018_TAI_NEU_XX.wav,True,74786,1611608484000000000
/Users/jordanacle/Downloads/archive/Crema/1018_TAI_SAD_XX.wav,1018,sad,SAD,1018_TAI_SAD_XX.wav,True,96140,1611608484000000000
/Users/jordanacle/Downloads/archive/Crema/1018_TIE_ANG_XX.wav,1018,angry,ANG,1018_TIE_ANG_XX.wav,True,116426,1611608484000000000
/Users/jordanacle/Downloads/archive/Crema/1018_TIE_DIS_XX.wav,1018,disgust,DIS,1018_TIE_DIS_XX.wav,True,121766,1611608484000000000
/Users/jordanacle/Downloads/archive/Crema/1018_TIE_FEA_XX.wav,1018,fear,FEA,1018_TIE_FEA_XX.wav,True,107884,1611608484000000000
/Users/jordanacle/Downloads/archive/Crema/1018_TIE_NEU_XX.wav,1018,neutral,NEU,1018_TIE_NEU_XX.wav,True,79056,1611608484000000000
/Users/jordanacle/Downloads/archive/Crema/1018_TIE_HAP_XX.wav,1018,happy,HAP,1018_TIE_HAP_XX.wav,True,71582,1611608484000000000
/Users/jordanacle/Downloads/archive/Crema/1018_TIE_SAD_XX.wav,1018,sad,SAD,1018_TIE_SAD_XX.wav,True,124968,1611608484000000000
/Users/jordanacle/Downloads/archive/Crema/1018_TSI_DIS_XX.wav,1018,disgust,DIS,1018_TSI_DIS_XX.wav,True,99344,1611608484000000000
/Users/jordanacle/Downloads/archive/Crema/1018_TSI_ANG_XX.wav,1018,angry,ANG,1018_TSI_ANG_XX.wav,True,60904,1611608484000000000
/Users/jordanacle/Downloads/archive/Crema/1018_TSI_FEA_XX.wav,1018,fear,FEA,1018_TSI_FEA_XX.wav,True,53430,1611608484000000000
/Users/jordanacle/Downloads/archive/Crema/1018_TSI_NEU_XX.wav,1018,neutral,NEU,1018_TSI_NEU_XX.wav,True,51296,1611608484000000000
/Users/jordanacle/Downloads/archive/Crema/1018_TSI_SAD_XX.wav,1018,sad,SAD,1018_TSI_SAD_XX.wav,True,65176,1611608484000000000
/Users/jordanacle/Downloads/archive/Crema/1018_WSI_ANG_XX.wav,1018,angry,ANG,1018_WSI_ANG_XX.wav,True,70514,1611608484000000000
/Users/jordanacle/Downloads/archive/Crema/1018_WSI_DIS_XX.wav,1018,disgust,DIS,1018_WSI_DIS_XX.wav,True,101478,1611608484000000000
/Users/jordanacle/Downloads/archive/Crema/1018_WSI_FEA_XX.wav,1018,fear,FEA,1018_WSI_FEA_XX.wav,True,70514,1611608484000000000
/Users/jordanacle/Downloads/archive/Crema/1018_WSI_NEU_XX.wav,1018,neutral,NEU,1018_WSI_NEU_XX.wav,True,79056,1611608484000000000
/Users/jordanacle/Downloads/archive/Crema/1018_WSI_HAP_XX.wav,1018,happy,HAP,1018_WSI_HAP_XX.wav,True,68378,1611608484000000000
/Users/jordanacle/Downloads/archive/Crema/1018_WSI_SAD_XX.wav,1018,sad,SAD,1018_WSI_SAD_XX.wav,True,76920,1611608484000000000
/Users/jordanacle/Downloads/archive/Crema/1019_DFA_HAP_XX.wav,1019,happy,HAP,1019_DFA_HAP_XX.wav,True,72862,1611608484000000000
/Users/jordanacle/Downloads/archive/Crema/1019_DFA_ANG_XX.wav,1019,angry,ANG,1019_DFA_ANG_XX.wav,True,53430,1611608484000000000
/Users/jordanacle/Downloads/archive/Crema/1019_DFA_NEU_XX.wav,1019,neutral,NEU,1019_DFA_NEU_XX.wav,True,50228,1611608484000000000
/Users/jordanacle/Downloads/archive/Crema/1019_IEO_ANG_MD.wav,1019,angry,ANG,1019_IEO_ANG_MD.wav,True,59836,1611608484000000000
/Users/jordanacle/Downloads/archive/Crema/1019_IEO_ANG_LO.wav,1019,angry,ANG,1019_IEO_ANG_LO.wav,True,61972,1611608484000000000
/Users/jordanacle/Downloads/archive/Crema/1019_DFA_SAD_XX.wav,1019,sad,SAD,1019_DFA_SAD_XX.wav,True,76920,1611608484000000000
/Users/jordanacle/Downloads/archive/Crema/1019_IEO_DIS_HI.wav,1019,disgust,DIS,1019_IEO_DIS_HI.wav,True,82260,1611608484000000000
/Users/jordanacle/Downloads/archive/Crema/1019_IEO_DIS_LO.wav,1019,disgust,DIS,1019_IEO_DIS_LO.wav,True,72862,1611608484000000000
/Users/jordanacle/Downloads/archive/Crema/1019_IEO_FEA_HI.wav,1019,fear,FEA,1019_IEO_FEA_HI.wav,True,86530,1611608484000000000
/Users/jordanacle/Downloads/archive/Crema/1019_IEO_FEA_LO.wav,1019,fear,FEA,1019_IEO_FEA_LO.wav,True,54498,1611608484000000000
/Users/jordanacle/Downloads/archive/Crema/1019_IEO_HAP_HI.wav,1019,happy,HAP,1019_IEO_HAP_HI.wav,True,64108,1611608484000000000
/Users/jordanacle/Downloads/archive/Crema/1019_IEO_HAP_MD.wav,1019,happy,HAP,1019_IEO_HAP_MD.wav,True,61972,1611608484000000000
/Users/jordanacle/Downloads/archive/Crema/1019_IEO_HAP_LO.wav,1019,happy,HAP,1019_IEO_HAP_LO.wav,True,56634,1611608484000000000
/Users/jordanacle/Downloads/archive/Crema/1019_IEO_SAD_HI.wav,1019,sad,SAD,1019_IEO_SAD_HI.wav,True,47024,1611608484000000000
/Users/jordanacle/Downloads/archive/Crema/1019_IEO_SAD_LO.wav,1019,sad,SAD,1019_IEO_SAD_LO.wav,True,63040,1611608484000000000
/Users/jordanacle/Downloads/archive/Crema/1019_IEO_NEU_XX.wav,1019,neutral,NEU,1019_IEO_NEU_XX.wav,True,57702,1611608484000000000
/Users/jordanacle/Downloads/archive/Crema/1019_IEO_SAD_MD.wav,1019,sad,SAD,1019_IEO_SAD_MD.wav,True,73718,1611608484000000000
/Users/jordanacle/Downloads/archive/Crema/1019_IOM_ANG_XX.wav,1019,angry,ANG,1019_IOM_ANG_XX.wav,True,80124,1611608484000000000
/Users/jordanacle/Downloads/archive/Crema/1019_IOM_FEA_XX.wav,1019,fear,FEA,1019_IOM_FEA_XX.wav,True,73718,1611608484000000000
/Users/jordanacle/Downloads/archive/Crema/1019_IOM_DIS_XX.wav,1019,disgust,DIS,1019_IOM_DIS_XX.wav,True,97208,1611608484000000000
/Users/jordanacle/Downloads/archive/Crema/1019_IOM_NEU_XX.wav,1019,neutral,NEU,1019_IOM_NEU_XX.wav,True,59836,1611608484000000000
/Users/jordanacle/Downloads/archive/Crema/1019_IOM_SAD_XX.wav,1019,sad,SAD,1019_IOM_SAD_XX.wav,True,69446,1611608484000000000
/Users/jordanacle/Downloads/archive/Crema/1019_ITS_DIS_XX.wav,1019,disgust,DIS,1019_ITS_DIS_XX.wav,True,89734,1611608484000000000
/Users/jordanacle/Downloads/archive/Crema/1019_ITS_FEA_XX.wav,1019,fear,FEA,1019_ITS_FEA_XX.wav,True,85462,1611608484000000000
/Users/jordanacle/Downloads/archive/Crema/1019_ITS_HAP_XX.wav,1019,happy,HAP,1019_ITS_HAP_XX.wav,True,103614,1611608484000000000
/Users/jordanacle/Downloads/archive/Crema/1019_ITS_NEU_XX.wav,1019,neutral,NEU,1019_ITS_NEU_XX.wav,True,56634,1611608484000000000
/Users/jordanacle/Downloads/archive/Crema/1019_IWL_ANG_XX.wav,1019,angry,ANG,1019_IWL_ANG_XX.wav,True,72862,1611608484000000000
/Users/jordanacle/Downloads/archive/Crema/1019_ITS_SAD_XX.wav,1019,sad,SAD,1019_ITS_SAD_XX.wav,True,74786,1611608484000000000
/Users/jordanacle/Downloads/archive/Crema/1019_IWL_DIS_XX.wav,1019,disgust,DIS,1019_IWL_DIS_XX.wav,True,91868,1611608484000000000
/Users/jordanacle/Downloads/archive/Crema/1019_IWL_FEA_XX.wav,1019,fear,FEA,1019_IWL_FEA_XX.wav,True,79056,1611608484000000000
/Users/jordanacle/Downloads/archive/Crema/1019_IWL_HAP_XX.wav,1019,happy,HAP,1019_IWL_HAP_XX.wav,True,79056,1611608484000000000
/Users/jordanacle/Downloads/archive/Crema/1019_IWL_SAD_XX.wav,1019,sad,SAD,1019_IWL_SAD_XX.wav,True,67312,1611608484000000000
/Users/jordanacle/Downloads/archive/Crema/1019_IWW_ANG_XX.wav,1019,angry,ANG,1019_IWW_ANG_XX.wav,True,76920,1611608484000000000
/Users/jordanacle/Downloads/archive/Crema/1019_IWW_DIS_XX.wav,1019,disgust,DIS,1019_IWW_DIS_XX.wav,True,82260,1611608484000000000
/Users/jordanacle/Downloads/archive/Crema/1019_IWW_FEA_XX.wav,1019,fear,FEA,1019_IWW_FEA_XX.wav,True,81192,1611608484000000000
/Users/jordanacle/Downloads/archive/Crema/1019_IWW_HAP_XX.wav,1019,happy,HAP,1019_IWW_HAP_XX.wav,True,83328,1611608484000000000
/Users/jordanacle/Downloads/archive/Crema/1019_IWW_SAD_XX.wav,1019,sad,SAD,1019_IWW_SAD_XX.wav,True,68378,1611608484000000000
/Users/jordanacle/Downloads/archive/Crema/1019_MTI_ANG_XX.wav,1019,angry,ANG,1019_MTI_ANG_XX.wav,True,60904,1611608484000000000
/Users/jordanacle/Downloads/archive/Crema/1019_MTI_HAP_XX.wav,1019,happy,HAP,1019_MTI_HAP_XX.wav,True,84394,1611608484000000000
/Users/jordanacle/Downloads/archive/Crema/1019_TAI_FEA_XX.wav,1019,fear,FEA,1019_TAI_FEA_XX.wav,True,57702,1611608484000000000
/Users/jordanacle/Downloads/archive/Crema/1019_MTI_NEU_XX.wav,1019,neutral,NEU,1019_MTI_NEU_XX.wav,True,69446,1611608484000000000
/Users/jordanacle/Downloads/archive/Crema/1019_TAI_DIS_XX.wav,1019,disgust,DIS,1019_TAI_DIS_XX.wav,True,94004,1611608484000000000
/Users/jordanacle/Downloads/archive/Crema/1019_TAI_HAP_XX.wav,1019,happy,HAP,1019_TAI_HAP_XX.wav,True,73718,1611608484000000000
/Users/jordanacle/Downloads/archive/Crema/1019_TAI_NEU_XX.wav,1019,neutral,NEU,1019_TAI_NEU_XX.wav,True,77988,1611608484000000000
/Users/jordanacle/Downloads/archive/Crema/1019_TAI_SAD_XX.wav,1019,sad,SAD,1019_TAI_SAD_XX.wav,True,83328,1611608484000000000
/Users/jordanacle/Downloads/archive/Crema/1019_TIE_FEA_XX.wav,1019,fear,FEA,1019_TIE_FEA_XX.wav,True,98276,1611608484000000000
/Users/jordanacle/Downloads/archive/Crema/1019_TIE_HAP_XX.wav,1019,happy,HAP,1019_TIE_HAP_XX.wav,True,80124,1611608484000000000
/Users/jordanacle/Downloads/archive/Crema/1019_TIE_DIS_XX.wav,1019,disgust,DIS,1019_TIE_DIS_XX.wav,True,122834,1611608484000000000
/Users/jordanacle/Downloads/archive/Crema/1019_TIE_NEU_XX.wav,1019,neutral,NEU,1019_TIE_NEU_XX.wav,True,79056,1611608484000000000
/Users/jordanacle/Downloads/archive/Crema/1019_TIE_SAD_XX.wav,1019,sad,SAD,1019_TIE_SAD_XX.wav,True,91868,1611608484000000000
/Users/jordanacle/Downloads/archive/Crema/1019_TSI_ANG_XX.wav,1019,angry,ANG,1019_TSI_ANG_XX.wav,True,61972,1611608484000000000
/Users/jordanacle/Downloads/archive/Crema/1019_TSI_DIS_XX.wav,1019,disgust,DIS,1019_TSI_DIS_XX.wav,True,85462,1611608484000000000
/Users/jordanacle/Downloads/archive/Crema/1019_TSI_FEA_XX.wav,1019,fear,FEA,1019_TSI_FEA_XX.wav,True,65176,1611608484000000000
/Users/jordanacle/Downloads/archive/Crema/1019_TSI_NEU_XX.wav,1019,neutral,NEU,1019_TSI_NEU_XX.wav,True,70514,1611608484000000000
/Users/jordanacle/Downloads/archive/Crema/1019_TSI_HAP_XX.wav,1019,happy,HAP,1019_TSI_HAP_XX.wav,True,69446,1611608484000000000
/Users/jordanacle/Downloads/archive/Crema/1019_TSI_SAD_XX.wav,1019,sad,SAD,1019_TSI_SAD_XX.wav,True,66244,1611608484000000000
/Users/jordanacle/Downloads/archive/Crema/1019_WSI_ANG_XX.wav,1019,angry,ANG,1019_WSI_ANG_XX.wav,True,98276,1611608484000000000
/Users/jordanacle/Downloads/archive/Crema/1019_WSI_HAP_XX.wav,1019,happy,HAP,1019_WSI_HAP_XX.wav,True,65176,1611608484000000000
/Users/jordanacle/Downloads/archive/Crema/1019_WSI_NEU_XX.wav,1019,neutral,NEU,1019_WSI_NEU_XX.wav,True,72862,1611608484000000000
/Users/jordanacle/Downloads/archive/Crema/1020_DFA_ANG_XX.wav,1020,angry,ANG,1020_DFA_ANG_XX.wav,True,107886,1611608484000000000
/Users/jordanacle/Downloads/archive/Crema/1020_DFA_DIS_XX.wav,1020,disgust,DIS,1020_DFA_DIS_XX.wav,True,112156,1611608484000000000
/Users/jordanacle/Downloads/archive/Crema/1020_DFA_FEA_XX.wav,1020,fear,FEA,1020_DFA_FEA_XX.wav,True,69446,1611608484000000000
/Users/jordanacle/Downloads/archive/Crema/1020_DFA_NEU_XX.wav,1020,neutral,NEU,1020_DFA_NEU_XX.wav,True,63040,1611608484000000000
/Users/jordanacle/Downloads/archive/Crema/1020_DFA_SAD_XX.wav,1020,sad,SAD,1020_DFA_SAD_XX.wav,True,76920,1611608484000000000
/Users/jordanacle/Downloads/archive/Crema/1020_DFA_HAP_XX.wav,1020,happy,HAP,1020_DFA_HAP_XX.wav,True,67312,1611608484000000000
/Users/jordanacle/Downloads/archive/Crema/1020_IEO_ANG_HI.wav,1020,angry,ANG,1020_IEO_ANG_HI.wav,True,83328,1611608484000000000
/Users/jordanacle/Downloads/archive/Crema/1020_IEO_ANG_MD.wav,1020,angry,ANG,1020_IEO_ANG_MD.wav,True,107884,1611608484000000000
/Users/jordanacle/Downloads/archive/Crema/1020_IEO_DIS_HI.wav,1020,disgust,DIS,1020_IEO_DIS_HI.wav,True,97208,1611608484000000000
/Users/jordanacle/Downloads/archive/Crema/1020_IEO_DIS_MD.wav,1020,disgust,DIS,1020_IEO_DIS_MD.wav,True,104682,1611608484000000000
/Users/jordanacle/Downloads/archive/Crema/1020_IEO_DIS_LO.wav,1020,disgust,DIS,1020_IEO_DIS_LO.wav,True,86530,1611608484000000000
/Users/jordanacle/Downloads/archive/Crema/1020_IEO_FEA_HI.wav,1020,fear,FEA,1020_IEO_FEA_HI.wav,True,67312,1611608484000000000
/Users/jordanacle/Downloads/archive/Crema/1020_IEO_FEA_LO.wav,1020,fear,FEA,1020_IEO_FEA_LO.wav,True,73718,1611608484000000000
/Users/jordanacle/Downloads/archive/Crema/1020_IEO_HAP_LO.wav,1020,happy,HAP,1020_IEO_HAP_LO.wav,True,69446,1611608484000000000
/Users/jordanacle/Downloads/archive/Crema/1020_IEO_HAP_MD.wav,1020,happy,HAP,1020_IEO_HAP_MD.wav,True,87598,1611608484000000000
/Users/jordanacle/Downloads/archive/Crema/1020_IEO_FEA_MD.wav,1020,fear,FEA,1020_IEO_FEA_MD.wav,True,77988,1611608484000000000
/Users/jordanacle/Downloads/archive/Crema/1020_IEO_NEU_XX.wav,1020,neutral,NEU,1020_IEO_NEU_XX.wav,True,65176,1611608484000000000
/Users/jordanacle/Downloads/archive/Crema/1020_IEO_SAD_HI.wav,1020,sad,SAD,1020_IEO_SAD_HI.wav,True,88666,1611608484000000000
/Users/jordanacle/Downloads/archive/Crema/1020_IEO_SAD_LO.wav,1020,sad,SAD,1020_IEO_SAD_LO.wav,True,85462,1611608484000000000
/Users/jordanacle/Downloads/archive/Crema/1020_IEO_SAD_MD.wav,1020,sad,SAD,1020_IEO_SAD_MD.wav,True,116426,1611608484000000000
/Users/jordanacle/Downloads/archive/Crema/1020_IOM_DIS_XX.wav,1020,disgust,DIS,1020_IOM_DIS_XX.wav,True,86530,1611608484000000000
/Users/jordanacle/Downloads/archive/Crema/1020_IOM_FEA_XX.wav,1020,fear,FEA,1020_IOM_FEA_XX.wav,True,73090,1611608484000000000
/Users/jordanacle/Downloads/archive/Crema/1020_IOM_HAP_XX.wav,1020,happy,HAP,1020_IOM_HAP_XX.wav,True,72650,1611608484000000000
/Users/jordanacle/Downloads/archive/Crema/1020_IOM_NEU_XX.wav,1020,neutral,NEU,1020_IOM_NEU_XX.wav,True,63040,1611608484000000000
/Users/jordanacle/Downloads/archive/Crema/1020_IOM_SAD_XX.wav,1020,sad,SAD,1020_IOM_SAD_XX.wav,True,73718,1611608484000000000
/Users/jordanacle/Downloads/archive/Crema/1020_ITH_ANG_XX.wav,1020,angry,ANG,1020_ITH_ANG_XX.wav,True,128172,1611608484000000000
/Users/jordanacle/Downloads/archive/Crema/1020_ITH_DIS_XX.wav,1020,disgust,DIS,1020_ITH_DIS_XX.wav,True,137782,1611608484000000000
/Users/jordanacle/Downloads/archive/Crema/1020_ITH_FEA_XX.wav,1020,fear,FEA,1020_ITH_FEA_XX.wav,True,101478,1611608484000000000
/Users/jordanacle/Downloads/archive/Crema/1020_ITH_SAD_XX.wav,1020,sad,SAD,1020_ITH_SAD_XX.wav,True,108952,1611608484000000000
/Users/jordanacle/Downloads/archive/Crema/1020_ITH_NEU_XX.wav,1020,neutral,NEU,1020_ITH_NEU_XX.wav,True,87598,1611608484000000000
/Users/jordanacle/Downloads/archive/Crema/1020_ITS_DIS_XX.wav,1020,disgust,DIS,1020_ITS_DIS_XX.wav,True,108952,1611608484000000000
/Users/jordanacle/Downloads/archive/Crema/1020_ITS_ANG_XX.wav,1020,angry,ANG,1020_ITS_ANG_XX.wav,True,107886,1611608484000000000
/Users/jordanacle/Downloads/archive/Crema/1020_ITS_FEA_XX.wav,1020,fear,FEA,1020_ITS_FEA_XX.wav,True,81192,1611608484000000000
/Users/jordanacle/Downloads/archive/Crema/1020_ITS_NEU_XX.wav,1020,neutral,NEU,1020_ITS_NEU_XX.wav,True,73718,1611608484000000000
/Users/jordanacle/Downloads/archive/Crema/1020_ITS_HAP_XX.wav,1020,happy,HAP,1020_ITS_HAP_XX.wav,True,70514,1611608484000000000
/Users/jordanacle/Downloads/archive/Crema/1020_ITS_SAD_XX.wav,1020,sad,SAD,1020_ITS_SAD_XX.wav,True,95072,1611608484000000000
/Users/jordanacle/Downloads/archive/Crema/1020_IWL_ANG_XX.wav,1020,angry,ANG,1020_IWL_ANG_XX.wav,True,113224,1611608484000000000
/Users/jordanacle/Downloads/archive/Crema/1020_IWL_HAP_XX.wav,1020,happy,HAP,1020_IWL_HAP_XX.wav,True,85462,1611608484000000000
/Users/jordanacle/Downloads/archive/Crema/1020_IWL_FEA_XX.wav,1020,fear,FEA,1020_IWL_FEA_XX.wav,True,113224,1611608484000000000
/Users/jordanacle/Downloads/archive/Crema/1020_IWL_NEU_XX.wav,1020,neutral,NEU,1020_IWL_NEU_XX.wav,True,95072,1611608484000000000
/Users/jordanacle/Downloads/archive/Crema/1020_IWW_ANG_XX.wav,1020,angry,ANG,1020_IWW_ANG_XX.wav,True,86530,1611608484000000000
/Users/jordanacle/Downloads/archive/Crema/1020_IWW_NEU_XX.wav,1020,neutral,NEU,1020_IWW_NEU_XX.wav,True,64108,1611608484000000000
/Users/jordanacle/Downloads/archive/Crema/1020_IWW_HAP_XX.wav,1020,happy,HAP,1020_IWW_HAP_XX.wav,True,54498,1611608484000000000
/Users/jordanacle/Downloads/archive/Crema/1020_IWW_SAD_XX.wav,1020,sad,SAD,1020_IWW_SAD_XX.wav,True,81192,1611608484000000000
/Users/jordanacle/Downloads/archive/Crema/1020_MTI_ANG_XX.wav,1020,angry,ANG,1020_MTI_ANG_XX.wav,True,89734,1611608484000000000
/Users/jordanacle/Downloads/archive/Crema/1020_MTI_DIS_XX.wav,1020,disgust,DIS,1020_MTI_DIS_XX.wav,True,112156,1611608484000000000
/Users/jordanacle/Downloads/archive/Crema/1020_MTI_FEA_XX.wav,1020,fear,FEA,1020_MTI_FEA_XX.wav,True,87598,1611608484000000000
/Users/jordanacle/Downloads/archive/Crema/1020_MTI_HAP_XX.wav,1020,happy,HAP,1020_MTI_HAP_XX.wav,True,84394,1611608484000000000
/Users/jordanacle/Downloads/archive/Crema/1020_MTI_NEU_XX.wav,1020,neutral,NEU,1020_MTI_NEU_XX.wav,True,90802,1611608484000000000
/Users/jordanacle/Downloads/archive/Crema/1020_TAI_ANG_XX.wav,1020,angry,ANG,1020_TAI_ANG_XX.wav,True,94004,1611608484000000000
/Users/jordanacle/Downloads/archive/Crema/1020_MTI_SAD_XX.wav,1020,sad,SAD,1020_MTI_SAD_XX.wav,True,96140,1611608484000000000
/Users/jordanacle/Downloads/archive/Crema/1020_TAI_DIS_XX.wav,1020,disgust,DIS,1020_TAI_DIS_XX.wav,True,102546,1611608484000000000
/Users/jordanacle/Downloads/archive/Crema/1020_TAI_HAP_XX.wav,1020,happy,HAP,1020_TAI_HAP_XX.wav,True,68378,1611608484000000000
/Users/jordanacle/Downloads/archive/Crema/1020_TAI_FEA_XX.wav,1020,fear,FEA,1020_TAI_FEA_XX.wav,True,86530,1611608484000000000
/Users/jordanacle/Downloads/archive/Crema/1020_TAI_NEU_XX.wav,1020,neutral,NEU,1020_TAI_NEU_XX.wav,True,88666,1611608484000000000
/Users/jordanacle/Downloads/archive/Crema/1020_TAI_SAD_XX.wav,1020,sad,SAD,1020_TAI_SAD_XX.wav,True,82260,1611608484000000000
/Users/jordanacle/Downloads/archive/Crema/1020_TIE_ANG_XX.wav,1020,angry,ANG,1020_TIE_ANG_XX.wav,True,130308,1611608484000000000
/Users/jordanacle/Downloads/archive/Crema/1020_TIE_DIS_XX.wav,1020,disgust,DIS,1020_TIE_DIS_XX.wav,True,144188,1611608484000000000
/Users/jordanacle/Downloads/archive/Crema/1020_TIE_FEA_XX.wav,1020,fear,FEA,1020_TIE_FEA_XX.wav,True,132442,1611608484000000000
/Users/jordanacle/Downloads/archive/Crema/1020_TIE_NEU_XX.wav,1020,neutral,NEU,1020_TIE_NEU_XX.wav,True,96140,1611608484000000000
/Users/jordanacle/Downloads/archive/Crema/1020_TIE_SAD_XX.wav,1020,sad,SAD,1020_TIE_SAD_XX.wav,True,120698,1611608484000000000
/Users/jordanacle/Downloads/archive/Crema/1020_TSI_DIS_XX.wav,1020,disgust,DIS,1020_TSI_DIS_XX.wav,True,114292,1611608484000000000
/Users/jordanacle/Downloads/archive/Crema/1020_TSI_FEA_XX.wav,1020,fear,FEA,1020_TSI_FEA_XX.wav,True,75854,1611608484000000000
/Users/jordanacle/Downloads/archive/Crema/1020_TSI_NEU_XX.wav,1020,neutral,NEU,1020_TSI_NEU_XX.wav,True,76920,1611608484000000000
/Users/jordanacle/Downloads/archive/Crema/1020_TSI_HAP_XX.wav,1020,happy,HAP,1020_TSI_HAP_XX.wav,True,80124,1611608484000000000
/Users/jordanacle/Downloads/archive/Crema/1020_WSI_ANG_XX.wav,1020,angry,ANG,1020_WSI_ANG_XX.wav,True,96140,1611608484000000000
/Users/jordanacle/Downloads/archive/Crema/1020_TSI_SAD_XX.wav,1020,sad,SAD,1020_TSI_SAD_XX.wav,True,92936,1611608484000000000
/Users/jordanacle/Downloads/archive/Crema/1020_WSI_DIS_XX.wav,1020,disgust,DIS,1020_WSI_DIS_XX.wav,True,116426,1611608484000000000
/Users/jordanacle/Downloads/archive/Crema/1020_WSI_SAD_XX.wav,1020,sad,SAD,1020_WSI_SAD_XX.wav,True,87598,1611608484000000000
/Users/jordanacle/Downloads/archive/Crema/1020_WSI_FEA_XX.wav,1020,fear,FEA,1020_WSI_FEA_XX.wav,True,86530,1611608484000000000
/Users/jordanacle/Downloads/archive/Crema/1020_WSI_HAP_XX.wav,1020,happy,HAP,1020_WSI_HAP_XX.wav,True,75854,1611608484000000000
/Users/jordanacle/Downloads/archive/Crema/1020_WSI_NEU_XX.wav,1020,neutral,NEU,1020_WSI_NEU_XX.wav,True,73718,1611608484000000000
/Users/jordanacle/Downloads/archive/Crema/1021_DFA_ANG_XX.wav,1021,angry,ANG,1021_DFA_ANG_XX.wav,True,91870,1611608484000000000
/Users/jordanacle/Downloads/archive/Crema/1021_DFA_DIS_XX.wav,1021,disgust,DIS,1021_DFA_DIS_XX.wav,True,114292,1611608484000000000
/Users/jordanacle/Downloads/archive/Crema/1021_DFA_FEA_XX.wav,1021,fear,FEA,1021_DFA_FEA_XX.wav,True,92936,1611608484000000000
/Users/jordanacle/Downloads/archive/Crema/1021_DFA_HAP_XX.wav,1021,happy,HAP,1021_DFA_HAP_XX.wav,True,76920,1611608484000000000
/Users/jordanacle/Downloads/archive/Crema/1021_DFA_SAD_XX.wav,1021,sad,SAD,1021_DFA_SAD_XX.wav,True,79056,1611608484000000000
/Users/jordanacle/Downloads/archive/Crema/1021_IEO_ANG_HI.wav,1021,angry,ANG,1021_IEO_ANG_HI.wav,True,117494,1611608484000000000
/Users/jordanacle/Downloads/archive/Crema/1021_IEO_ANG_LO.wav,1021,angry,ANG,1021_IEO_ANG_LO.wav,True,79056,1611608484000000000
/Users/jordanacle/Downloads/archive/Crema/1021_IEO_DIS_HI.wav,1021,disgust,DIS,1021_IEO_DIS_HI.wav,True,108952,1611608484000000000
/Users/jordanacle/Downloads/archive/Crema/1021_IEO_DIS_MD.wav,1021,disgust,DIS,1021_IEO_DIS_MD.wav,True,82260,1611608484000000000
/Users/jordanacle/Downloads/archive/Crema/1021_IEO_DIS_LO.wav,1021,disgust,DIS,1021_IEO_DIS_LO.wav,True,72650,1611608484000000000
/Users/jordanacle/Downloads/archive/Crema/1021_IEO_ANG_MD.wav,1021,angry,ANG,1021_IEO_ANG_MD.wav,True,82260,1611608484000000000
/Users/jordanacle/Downloads/archive/Crema/1021_IEO_FEA_HI.wav,1021,fear,FEA,1021_IEO_FEA_HI.wav,True,99344,1611608484000000000
/Users/jordanacle/Downloads/archive/Crema/1021_IEO_FEA_MD.wav,1021,fear,FEA,1021_IEO_FEA_MD.wav,True,80124,1611608484000000000
/Users/jordanacle/Downloads/archive/Crema/1021_IEO_FEA_LO.wav,1021,fear,FEA,1021_IEO_FEA_LO.wav,True,104682,1611608484000000000
/Users/jordanacle/Downloads/archive/Crema/1021_IEO_HAP_LO.wav,1021,happy,HAP,1021_IEO_HAP_LO.wav,True,55566,1611608484000000000
/Users/jordanacle/Downloads/archive/Crema/1021_IEO_HAP_MD.wav,1021,happy,HAP,1021_IEO_HAP_MD.wav,True,80124,1611608484000000000
/Users/jordanacle/Downloads/archive/Crema/1021_IEO_NEU_XX.wav,1021,neutral,NEU,1021_IEO_NEU_XX.wav,True,66244,1611608484000000000
/Users/jordanacle/Downloads/archive/Crema/1021_IEO_SAD_LO.wav,1021,sad,SAD,1021_IEO_SAD_LO.wav,True,72862,1611608484000000000
/Users/jordanacle/Downloads/archive/Crema/1021_IEO_SAD_HI.wav,1021,sad,SAD,1021_IEO_SAD_HI.wav,True,113224,1611608484000000000
/Users/jordanacle/Downloads/archive/Crema/1021_IOM_ANG_XX.wav,1021,angry,ANG,1021_IOM_ANG_XX.wav,True,83328,1611608484000000000
/Users/jordanacle/Downloads/archive/Crema/1021_IEO_SAD_MD.wav,1021,sad,SAD,1021_IEO_SAD_MD.wav,True,94004,1611608484000000000
/Users/jordanacle/Downloads/archive/Crema/1021_IOM_DIS_XX.wav,1021,disgust,DIS,1021_IOM_DIS_XX.wav,True,80124,1611608484000000000
/Users/jordanacle/Downloads/archive/Crema/1021_IOM_FEA_XX.wav,1021,fear,FEA,1021_IOM_FEA_XX.wav,True,83328,1611608484000000000
/Users/jordanacle/Downloads/archive/Crema/1021_IOM_HAP_XX.wav,1021,happy,HAP,1021_IOM_HAP_XX.wav,True,73718,1611608484000000000
/Users/jordanacle/Downloads/archive/Crema/1021_IOM_NEU_XX.wav,1021,neutral,NEU,1021_IOM_NEU_XX.wav,True,63040,1611608484000000000
/Users/jordanacle/Downloads/archive/Crema/1021_IOM_SAD_XX.wav,1021,sad,SAD,1021_IOM_SAD_XX.wav,True,84394,1611608484000000000
/Users/jordanacle/Downloads/archive/Crema/1021_ITH_ANG_XX.wav,1021,angry,ANG,1021_ITH_ANG_XX.wav,True,102546,1611608484000000000
/Users/jordanacle/Downloads/archive/Crema/1021_ITH_DIS_XX.wav,1021,disgust,DIS,1021_ITH_DIS_XX.wav,True,100410,1611608484000000000
/Users/jordanacle/Downloads/archive/Crema/1021_ITH_FEA_XX.wav,1021,fear,FEA,1021_ITH_FEA_XX.wav,True,99344,1611608484000000000
/Users/jordanacle/Downloads/archive/Crema/1021_ITH_SAD_XX.wav,1021,sad,SAD,1021_ITH_SAD_XX.wav,True,95072,1611608484000000000
/Users/jordanacle/Downloads/archive/Crema/1021_ITS_ANG_XX.wav,1021,angry,ANG,1021_ITS_ANG_XX.wav,True,102546,1611608484000000000
/Users/jordanacle/Downloads/archive/Crema/1021_ITS_DIS_XX.wav,1021,disgust,DIS,1021_ITS_DIS_XX.wav,True,100410,1611608484000000000
/Users/jordanacle/Downloads/archive/Crema/1021_ITH_NEU_XX.wav,1021,neutral,NEU,1021_ITH_NEU_XX.wav,True,77988,1611608484000000000
/Users/jordanacle/Downloads/archive/Crema/1021_ITS_FEA_XX.wav,1021,fear,FEA,1021_ITS_FEA_XX.wav,True,92936,1611608484000000000
/Users/jordanacle/Downloads/archive/Crema/1021_ITS_NEU_XX.wav,1021,neutral,NEU,1021_ITS_NEU_XX.wav,True,88666,1611608484000000000
/Users/jordanacle/Downloads/archive/Crema/1021_ITS_SAD_XX.wav,1021,sad,SAD,1021_ITS_SAD_XX.wav,True,97208,1611608484000000000
/Users/jordanacle/Downloads/archive/Crema/1021_IWL_ANG_XX.wav,1021,angry,ANG,1021_IWL_ANG_XX.wav,True,95072,1611608484000000000
/Users/jordanacle/Downloads/archive/Crema/1021_IWL_HAP_XX.wav,1021,happy,HAP,1021_IWL_HAP_XX.wav,True,105750,1611608486000000000
/Users/jordanacle/Downloads/archive/Crema/1021_IWW_ANG_XX.wav,1021,angry,ANG,1021_IWW_ANG_XX.wav,True,92936,1611608486000000000
/Users/jordanacle/Downloads/archive/Crema/1021_IWL_NEU_XX.wav,1021,neutral,NEU,1021_IWL_NEU_XX.wav,True,91870,1611608486000000000
/Users/jordanacle/Downloads/archive/Crema/1021_IWL_SAD_XX.wav,1021,sad,SAD,1021_IWL_SAD_XX.wav,True,90802,1611608486000000000
/Users/jordanacle/Downloads/archive/Crema/1021_IWW_FEA_XX.wav,1021,fear,FEA,1021_IWW_FEA_XX.wav,True,105750,1611608486000000000
/Users/jordanacle/Downloads/archive/Crema/1021_MTI_ANG_XX.wav,1021,angry,ANG,1021_MTI_ANG_XX.wav,True,107886,1611608486000000000
/Users/jordanacle/Downloads/archive/Crema/1021_IWW_NEU_XX.wav,1021,neutral,NEU,1021_IWW_NEU_XX.wav,True,84394,1611608486000000000
/Users/jordanacle/Downloads/archive/Crema/1021_IWW_HAP_XX.wav,1021,happy,HAP,1021_IWW_HAP_XX.wav,True,89734,1611608486000000000
/Users/jordanacle/Downloads/archive/Crema/1021_MTI_DIS_XX.wav,1021,disgust,DIS,1021_MTI_DIS_XX.wav,True,90802,1611608486000000000
/Users/jordanacle/Downloads/archive/Crema/1021_MTI_FEA_XX.wav,1021,fear,FEA,1021_MTI_FEA_XX.wav,True,110020,1611608486000000000
/Users/jordanacle/Downloads/archive/Crema/1021_MTI_HAP_XX.wav,1021,happy,HAP,1021_MTI_HAP_XX.wav,True,96140,1611608486000000000
/Users/jordanacle/Downloads/archive/Crema/1021_MTI_SAD_XX.wav,1021,sad,SAD,1021_MTI_SAD_XX.wav,True,112156,1611608486000000000
/Users/jordanacle/Downloads/archive/Crema/1021_TAI_ANG_XX.wav,1021,angry,ANG,1021_TAI_ANG_XX.wav,True,112156,1611608486000000000
/Users/jordanacle/Downloads/archive/Crema/1021_TAI_FEA_XX.wav,1021,fear,FEA,1021_TAI_FEA_XX.wav,True,89734,1611608486000000000
/Users/jordanacle/Downloads/archive/Crema/1021_TAI_NEU_XX.wav,1021,neutral,NEU,1021_TAI_NEU_XX.wav,True,95072,1611608486000000000
/Users/jordanacle/Downloads/archive/Crema/1021_TAI_DIS_XX.wav,1021,disgust,DIS,1021_TAI_DIS_XX.wav,True,107886,1611608486000000000
/Users/jordanacle/Downloads/archive/Crema/1021_TAI_SAD_XX.wav,1021,sad,SAD,1021_TAI_SAD_XX.wav,True,89734,1611608486000000000
/Users/jordanacle/Downloads/archive/Crema/1021_TIE_ANG_XX.wav,1021,angry,ANG,1021_TIE_ANG_XX.wav,True,118562,1611608486000000000
/Users/jordanacle/Downloads/archive/Crema/1021_TIE_DIS_XX.wav,1021,disgust,DIS,1021_TIE_DIS_XX.wav,True,106692,1611608486000000000
/Users/jordanacle/Downloads/archive/Crema/1021_TIE_FEA_XX.wav,1021,fear,FEA,1021_TIE_FEA_XX.wav,True,92936,1611608486000000000
/Users/jordanacle/Downloads/archive/Crema/1021_TIE_NEU_XX.wav,1021,neutral,NEU,1021_TIE_NEU_XX.wav,True,80124,1611608486000000000
/Users/jordanacle/Downloads/archive/Crema/1021_TIE_SAD_XX.wav,1021,sad,SAD,1021_TIE_SAD_XX.wav,True,108952,1611608486000000000
/Users/jordanacle/Downloads/archive/Crema/1021_TSI_FEA_XX.wav,1021,fear,FEA,1021_TSI_FEA_XX.wav,True,81192,1611608486000000000
/Users/jordanacle/Downloads/archive/Crema/1021_TSI_DIS_XX.wav,1021,disgust,DIS,1021_TSI_DIS_XX.wav,True,98276,1611608486000000000
/Users/jordanacle/Downloads/archive/Crema/1021_TSI_HAP_XX.wav,1021,happy,HAP,1021_TSI_HAP_XX.wav,True,77988,1611608486000000000
/Users/jordanacle/Downloads/archive/Crema/1021_TSI_SAD_XX.wav,1021,sad,SAD,1021_TSI_SAD_XX.wav,True,97208,1611608486000000000
/Users/jordanacle/Downloads/archive/Crema/1021_WSI_ANG_XX.wav,1021,angry,ANG,1021_WSI_ANG_XX.wav,True,87598,1611608486000000000
/Users/jordanacle/Downloads/archive/Crema/1021_TSI_NEU_XX.wav,1021,neutral,NEU,1021_TSI_NEU_XX.wav,True,79056,1611608486000000000
/Users/jordanacle/Downloads/archive/Crema/1021_WSI_DIS_XX.wav,1021,disgust,DIS,1021_WSI_DIS_XX.wav,True,91870,1611608486000000000
/Users/jordanacle/Downloads/archive/Crema/1021_WSI_FEA_XX.wav,1021,fear,FEA,1021_WSI_FEA_XX.wav,True,98276,1611608486000000000
/Users/jordanacle/Downloads/archive/Crema/1021_WSI_HAP_XX.wav,1021,happy,HAP,1021_WSI_HAP_XX.wav,True,100410,1611608486000000000
/Users/jordanacle/Downloads/archive/Crema/1021_WSI_SAD_XX.wav,1021,sad,SAD,1021_WSI_SAD_XX.wav,True,71582,1611608486000000000
/Users/jordanacle/Downloads/archive/Crema/1022_DFA_ANG_XX.wav,1022,angry,ANG,1022_DFA_ANG_XX.wav,True,94004,1611608486000000000
/Users/jordanacle/Downloads/archive/Crema/1022_DFA_FEA_XX.wav,1022,fear,FEA,1022_DFA_FEA_XX.wav,True,75854,1611608486000000000
/Users/jordanacle/Downloads/archive/Crema/1022_DFA_DIS_XX.wav,1022,disgust,DIS,1022_DFA_DIS_XX.wav,True,83328,1611608486000000000
/Users/jordanacle/Downloads/archive/Crema/1022_DFA_HAP_XX.wav,1022,happy,HAP,1022_DFA_HAP_XX.wav,True,79056,1611608486000000000
/Users/jordanacle/Downloads/archive/Crema/1022_DFA_NEU_XX.wav,1022,neutral,NEU,1022_DFA_NEU_XX.wav,True,73090,1611608486000000000
/Users/jordanacle/Downloads/archive/Crema/1022_DFA_SAD_XX.wav,1022,sad,SAD,1022_DFA_SAD_XX.wav,True,75854,1611608486000000000
/Users/jordanacle/Downloads/archive/Crema/1022_IEO_ANG_HI.wav,1022,angry,ANG,1022_IEO_ANG_HI.wav,True,100410,1611608486000000000
/Users/jordanacle/Downloads/archive/Crema/1022_IEO_ANG_MD.wav,1022,angry,ANG,1022_IEO_ANG_MD.wav,True,80124,1611608486000000000
/Users/jordanacle/Downloads/archive/Crema/1022_IEO_ANG_LO.wav,1022,angry,ANG,1022_IEO_ANG_LO.wav,True,57702,1611608486000000000
/Users/jordanacle/Downloads/archive/Crema/1022_IEO_DIS_HI.wav,1022,disgust,DIS,1022_IEO_DIS_HI.wav,True,67312,1611608486000000000
/Users/jordanacle/Downloads/archive/Crema/1022_IEO_DIS_MD.wav,1022,disgust,DIS,1022_IEO_DIS_MD.wav,True,74786,1611608486000000000
/Users/jordanacle/Downloads/archive/Crema/1022_IEO_FEA_HI.wav,1022,fear,FEA,1022_IEO_FEA_HI.wav,True,73718,1611608486000000000
/Users/jordanacle/Downloads/archive/Crema/1022_IEO_FEA_MD.wav,1022,fear,FEA,1022_IEO_FEA_MD.wav,True,70514,1611608486000000000
/Users/jordanacle/Downloads/archive/Crema/1022_IEO_HAP_HI.wav,1022,happy,HAP,1022_IEO_HAP_HI.wav,True,58770,1611608486000000000
/Users/jordanacle/Downloads/archive/Crema/1022_IEO_NEU_XX.wav,1022,neutral,NEU,1022_IEO_NEU_XX.wav,True,54498,1611608486000000000
/Users/jordanacle/Downloads/archive/Crema/1022_IEO_HAP_MD.wav,1022,happy,HAP,1022_IEO_HAP_MD.wav,True,63040,1611608486000000000
/Users/jordanacle/Downloads/archive/Crema/1022_IEO_HAP_LO.wav,1022,happy,HAP,1022_IEO_HAP_LO.wav,True,63040,1611608486000000000
/Users/jordanacle/Downloads/archive/Crema/1022_IEO_SAD_HI.wav,1022,sad,SAD,1022_IEO_SAD_HI.wav,True,72862,1611608486000000000
/Users/jordanacle/Downloads/archive/Crema/1022_IEO_SAD_LO.wav,1022,sad,SAD,1022_IEO_SAD_LO.wav,True,59836,1611608486000000000
/Users/jordanacle/Downloads/archive/Crema/1022_IEO_SAD_MD.wav,1022,sad,SAD,1022_IEO_SAD_MD.wav,True,85462,1611608486000000000
/Users/jordanacle/Downloads/archive/Crema/1022_IOM_ANG_XX.wav,1022,angry,ANG,1022_IOM_ANG_XX.wav,True,89734,1611608486000000000
/Users/jordanacle/Downloads/archive/Crema/1022_IOM_FEA_XX.wav,1022,fear,FEA,1022_IOM_FEA_XX.wav,True,85462,1611608486000000000
/Users/jordanacle/Downloads/archive/Crema/1022_IOM_HAP_XX.wav,1022,happy,HAP,1022_IOM_HAP_XX.wav,True,77988,1611608486000000000
/Users/jordanacle/Downloads/archive/Crema/1022_ITH_ANG_XX.wav,1022,angry,ANG,1022_ITH_ANG_XX.wav,True,103614,1611608486000000000
/Users/jordanacle/Downloads/archive/Crema/1022_IOM_NEU_XX.wav,1022,neutral,NEU,1022_IOM_NEU_XX.wav,True,72650,1611608486000000000
/Users/jordanacle/Downloads/archive/Crema/1022_ITH_DIS_XX.wav,1022,disgust,DIS,1022_ITH_DIS_XX.wav,True,87598,1611608486000000000
/Users/jordanacle/Downloads/archive/Crema/1022_ITH_HAP_XX.wav,1022,happy,HAP,1022_ITH_HAP_XX.wav,True,91870,1611608486000000000
/Users/jordanacle/Downloads/archive/Crema/1022_ITH_FEA_XX.wav,1022,fear,FEA,1022_ITH_FEA_XX.wav,True,73090,1611608486000000000
/Users/jordanacle/Downloads/archive/Crema/1022_ITH_SAD_XX.wav,1022,sad,SAD,1022_ITH_SAD_XX.wav,True,94004,1611608486000000000
/Users/jordanacle/Downloads/archive/Crema/1022_ITS_ANG_XX.wav,1022,angry,ANG,1022_ITS_ANG_XX.wav,True,77988,1611608486000000000
/Users/jordanacle/Downloads/archive/Crema/1022_ITS_DIS_XX.wav,1022,disgust,DIS,1022_ITS_DIS_XX.wav,True,83328,1611608486000000000
/Users/jordanacle/Downloads/archive/Crema/1022_ITS_FEA_XX.wav,1022,fear,FEA,1022_ITS_FEA_XX.wav,True,77988,1611608486000000000
/Users/jordanacle/Downloads/archive/Crema/1022_ITS_HAP_XX.wav,1022,happy,HAP,1022_ITS_HAP_XX.wav,True,74786,1611608486000000000
/Users/jordanacle/Downloads/archive/Crema/1022_IWL_DIS_XX.wav,1022,disgust,DIS,1022_IWL_DIS_XX.wav,True,82260,1611608486000000000
/Users/jordanacle/Downloads/archive/Crema/1022_ITS_SAD_XX.wav,1022,sad,SAD,1022_ITS_SAD_XX.wav,True,73718,1611608486000000000
/Users/jordanacle/Downloads/archive/Crema/1022_IWL_FEA_XX.wav,1022,fear,FEA,1022_IWL_FEA_XX.wav,True,83328,1611608486000000000
/Users/jordanacle/Downloads/archive/Crema/1022_IWL_HAP_XX.wav,1022,happy,HAP,1022_IWL_HAP_XX.wav,True,89734,1611608486000000000
/Users/jordanacle/Downloads/archive/Crema/1022_IWL_SAD_XX.wav,1022,sad,SAD,1022_IWL_SAD_XX.wav,True,82260,1611608486000000000
/Users/jordanacle/Downloads/archive/Crema/1022_IWW_DIS_XX.wav,1022,disgust,DIS,1022_IWW_DIS_XX.wav,True,76920,1611608486000000000
/Users/jordanacle/Downloads/archive/Crema/1022_IWL_NEU_XX.wav,1022,neutral,NEU,1022_IWL_NEU_XX.wav,True,84394,1611608486000000000
/Users/jordanacle/Downloads/archive/Crema/1022_IWW_FEA_XX.wav,1022,fear,FEA,1022_IWW_FEA_XX.wav,True,60904,1611608486000000000
/Users/jordanacle/Downloads/archive/Crema/1022_IWW_HAP_XX.wav,1022,happy,HAP,1022_IWW_HAP_XX.wav,True,64108,1611608486000000000
/Users/jordanacle/Downloads/archive/Crema/1022_IWW_NEU_XX.wav,1022,neutral,NEU,1022_IWW_NEU_XX.wav,True,61972,1611608486000000000
/Users/jordanacle/Downloads/archive/Crema/1022_MTI_ANG_XX.wav,1022,angry,ANG,1022_MTI_ANG_XX.wav,True,101478,1611608486000000000
/Users/jordanacle/Downloads/archive/Crema/1022_IWW_SAD_XX.wav,1022,sad,SAD,1022_IWW_SAD_XX.wav,True,72650,1611608486000000000
/Users/jordanacle/Downloads/archive/Crema/1022_MTI_DIS_XX.wav,1022,disgust,DIS,1022_MTI_DIS_XX.wav,True,101478,1611608486000000000
/Users/jordanacle/Downloads/archive/Crema/1022_MTI_FEA_XX.wav,1022,fear,FEA,1022_MTI_FEA_XX.wav,True,97208,1611608486000000000
/Users/jordanacle/Downloads/archive/Crema/1022_MTI_NEU_XX.wav,1022,neutral,NEU,1022_MTI_NEU_XX.wav,True,85462,1611608486000000000
/Users/jordanacle/Downloads/archive/Crema/1022_MTI_SAD_XX.wav,1022,sad,SAD,1022_MTI_SAD_XX.wav,True,91870,1611608486000000000
/Users/jordanacle/Downloads/archive/Crema/1022_TAI_ANG_XX.wav,1022,angry,ANG,1022_TAI_ANG_XX.wav,True,107886,1611608486000000000
/Users/jordanacle/Downloads/archive/Crema/1022_TAI_DIS_XX.wav,1022,disgust,DIS,1022_TAI_DIS_XX.wav,True,99344,1611608486000000000
/Users/jordanacle/Downloads/archive/Crema/1022_TAI_FEA_XX.wav,1022,fear,FEA,1022_TAI_FEA_XX.wav,True,89734,1611608486000000000
/Users/jordanacle/Downloads/archive/Crema/1022_TAI_HAP_XX.wav,1022,happy,HAP,1022_TAI_HAP_XX.wav,True,84394,1611608486000000000
/Users/jordanacle/Downloads/archive/Crema/1022_TAI_SAD_XX.wav,1022,sad,SAD,1022_TAI_SAD_XX.wav,True,87598,1611608486000000000
/Users/jordanacle/Downloads/archive/Crema/1022_TIE_ANG_XX.wav,1022,angry,ANG,1022_TIE_ANG_XX.wav,True,126036,1611608486000000000
/Users/jordanacle/Downloads/archive/Crema/1022_TIE_DIS_XX.wav,1022,disgust,DIS,1022_TIE_DIS_XX.wav,True,133510,1611608486000000000
/Users/jordanacle/Downloads/archive/Crema/1022_TIE_FEA_XX.wav,1022,fear,FEA,1022_TIE_FEA_XX.wav,True,110020,1611608486000000000
/Users/jordanacle/Downloads/archive/Crema/1022_TIE_HAP_XX.wav,1022,happy,HAP,1022_TIE_HAP_XX.wav,True,110020,1611608486000000000
/Users/jordanacle/Downloads/archive/Crema/1022_TIE_SAD_XX.wav,1022,sad,SAD,1022_TIE_SAD_XX.wav,True,135646,1611608486000000000
/Users/jordanacle/Downloads/archive/Crema/1022_TSI_DIS_XX.wav,1022,disgust,DIS,1022_TSI_DIS_XX.wav,True,64108,1611608486000000000
/Users/jordanacle/Downloads/archive/Crema/1022_TSI_ANG_XX.wav,1022,angry,ANG,1022_TSI_ANG_XX.wav,True,85462,1611608486000000000
/Users/jordanacle/Downloads/archive/Crema/1022_TSI_HAP_XX.wav,1022,happy,HAP,1022_TSI_HAP_XX.wav,True,72862,1611608486000000000
/Users/jordanacle/Downloads/archive/Crema/1022_TSI_NEU_XX.wav,1022,neutral,NEU,1022_TSI_NEU_XX.wav,True,69446,1611608486000000000
/Users/jordanacle/Downloads/archive/Crema/1022_TSI_SAD_XX.wav,1022,sad,SAD,1022_TSI_SAD_XX.wav,True,81192,1611608486000000000
/Users/jordanacle/Downloads/archive/Crema/1022_WSI_ANG_XX.wav,1022,angry,ANG,1022_WSI_ANG_XX.wav,True,71582,1611608486000000000
/Users/jordanacle/Downloads/archive/Crema/1022_WSI_DIS_XX.wav,1022,disgust,DIS,1022_WSI_DIS_XX.wav,True,90802,1611608486000000000
/Users/jordanacle/Downloads/archive/Crema/1022_WSI_FEA_XX.wav,1022,fear,FEA,1022_WSI_FEA_XX.wav,True,86530,1611608486000000000
/Users/jordanacle/Downloads/archive/Crema/1022_WSI_NEU_XX.wav,1022,neutral,NEU,1022_WSI_NEU_XX.wav,True,96140,1611608486000000000
/Users/jordanacle/Downloads/archive/Crema/1022_WSI_SAD_XX.wav,1022,sad,SAD,1022_WSI_SAD_XX.wav,True,103614,1611608486000000000
/Users/jordanacle/Downloads/archive/Crema/1023_DFA_ANG_XX.wav,1023,angry,ANG,1023_DFA_ANG_XX.wav,True,79056,1611608486000000000
/Users/jordanacle/Downloads/archive/Crema/1023_DFA_FEA_XX.wav,1023,fear,FEA,1023_DFA_FEA_XX.wav,True,64108,1611608486000000000
/Users/jordanacle/Downloads/archive/Crema/1023_DFA_DIS_XX.wav,1023,disgust,DIS,1023_DFA_DIS_XX.wav,True,49160,1611608486000000000
/Users/jordanacle/Downloads/archive/Crema/1023_DFA_NEU_XX.wav,1023,neutral,NEU,1023_DFA_NEU_XX.wav,True,67312,1611608486000000000
/Users/jordanacle/Downloads/archive/Crema/1023_DFA_HAP_XX.wav,1023,happy,HAP,1023_DFA_HAP_XX.wav,True,59836,1611608486000000000
/Users/jordanacle/Downloads/archive/Crema/1023_IEO_ANG_HI.wav,1023,angry,ANG,1023_IEO_ANG_HI.wav,True,65176,1611608486000000000
/Users/jordanacle/Downloads/archive/Crema/1023_DFA_SAD_XX.wav,1023,sad,SAD,1023_DFA_SAD_XX.wav,True,57702,1611608486000000000
/Users/jordanacle/Downloads/archive/Crema/1023_IEO_ANG_LO.wav,1023,angry,ANG,1023_IEO_ANG_LO.wav,True,55566,1611608486000000000
/Users/jordanacle/Downloads/archive/Crema/1023_IEO_ANG_MD.wav,1023,angry,ANG,1023_IEO_ANG_MD.wav,True,59836,1611608486000000000
/Users/jordanacle/Downloads/archive/Crema/1023_IEO_DIS_HI.wav,1023,disgust,DIS,1023_IEO_DIS_HI.wav,True,82260,1611608486000000000
/Users/jordanacle/Downloads/archive/Crema/1023_IEO_DIS_MD.wav,1023,disgust,DIS,1023_IEO_DIS_MD.wav,True,49160,1611608486000000000
/Users/jordanacle/Downloads/archive/Crema/1023_IEO_FEA_HI.wav,1023,fear,FEA,1023_IEO_FEA_HI.wav,True,69446,1611608486000000000
/Users/jordanacle/Downloads/archive/Crema/1023_IEO_FEA_MD.wav,1023,fear,FEA,1023_IEO_FEA_MD.wav,True,68378,1611608486000000000
/Users/jordanacle/Downloads/archive/Crema/1023_IEO_HAP_HI.wav,1023,happy,HAP,1023_IEO_HAP_HI.wav,True,54498,1611608486000000000
/Users/jordanacle/Downloads/archive/Crema/1023_IEO_HAP_LO.wav,1023,happy,HAP,1023_IEO_HAP_LO.wav,True,51296,1611608486000000000
/Users/jordanacle/Downloads/archive/Crema/1023_IOM_ANG_XX.wav,1023,angry,ANG,1023_IOM_ANG_XX.wav,True,72650,1611608486000000000
/Users/jordanacle/Downloads/archive/Crema/1023_IEO_NEU_XX.wav,1023,neutral,NEU,1023_IEO_NEU_XX.wav,True,63040,1611608486000000000
/Users/jordanacle/Downloads/archive/Crema/1023_IEO_SAD_HI.wav,1023,sad,SAD,1023_IEO_SAD_HI.wav,True,97208,1611608486000000000
/Users/jordanacle/Downloads/archive/Crema/1023_IEO_SAD_MD.wav,1023,sad,SAD,1023_IEO_SAD_MD.wav,True,73718,1611608486000000000
/Users/jordanacle/Downloads/archive/Crema/1023_IOM_HAP_XX.wav,1023,happy,HAP,1023_IOM_HAP_XX.wav,True,73718,1611608486000000000
/Users/jordanacle/Downloads/archive/Crema/1023_IOM_NEU_XX.wav,1023,neutral,NEU,1023_IOM_NEU_XX.wav,True,73718,1611608486000000000
/Users/jordanacle/Downloads/archive/Crema/1023_ITH_ANG_XX.wav,1023,angry,ANG,1023_ITH_ANG_XX.wav,True,86530,1611608486000000000
/Users/jordanacle/Downloads/archive/Crema/1023_ITH_DIS_XX.wav,1023,disgust,DIS,1023_ITH_DIS_XX.wav,True,75852,1611608486000000000
/Users/jordanacle/Downloads/archive/Crema/1023_ITH_FEA_XX.wav,1023,fear,FEA,1023_ITH_FEA_XX.wav,True,58770,1611608486000000000
/Users/jordanacle/Downloads/archive/Crema/1023_ITH_HAP_XX.wav,1023,happy,HAP,1023_ITH_HAP_XX.wav,True,68378,1611608486000000000
/Users/jordanacle/Downloads/archive/Crema/1023_ITS_ANG_XX.wav,1023,angry,ANG,1023_ITS_ANG_XX.wav,True,89734,1611608486000000000
/Users/jordanacle/Downloads/archive/Crema/1023_ITH_SAD_XX.wav,1023,sad,SAD,1023_ITH_SAD_XX.wav,True,66244,1611608486000000000
/Users/jordanacle/Downloads/archive/Crema/1023_ITS_DIS_XX.wav,1023,disgust,DIS,1023_ITS_DIS_XX.wav,True,79056,1611608486000000000
/Users/jordanacle/Downloads/archive/Crema/1023_ITS_FEA_XX.wav,1023,fear,FEA,1023_ITS_FEA_XX.wav,True,72862,1611608486000000000
/Users/jordanacle/Downloads/archive/Crema/1023_ITS_HAP_XX.wav,1023,happy,HAP,1023_ITS_HAP_XX.wav,True,61972,1611608486000000000
/Users/jordanacle/Downloads/archive/Crema/1023_ITS_SAD_XX.wav,1023,sad,SAD,1023_ITS_SAD_XX.wav,True,74786,1611608486000000000
/Users/jordanacle/Downloads/archive/Crema/1023_IWL_DIS_XX.wav,1023,disgust,DIS,1023_IWL_DIS_XX.wav,True,84394,1611608486000000000
/Users/jordanacle/Downloads/archive/Crema/1023_IWL_FEA_XX.wav,1023,fear,FEA,1023_IWL_FEA_XX.wav,True,75852,1611608486000000000
/Users/jordanacle/Downloads/archive/Crema/1023_IWL_HAP_XX.wav,1023,happy,HAP,1023_IWL_HAP_XX.wav,True,63040,1611608486000000000
/Users/jordanacle/Downloads/archive/Crema/1023_IWL_NEU_XX.wav,1023,neutral,NEU,1023_IWL_NEU_XX.wav,True,76920,1611608486000000000
/Users/jordanacle/Downloads/archive/Crema/1023_IWW_DIS_XX.wav,1023,disgust,DIS,1023_IWW_DIS_XX.wav,True,58770,1611608486000000000
/Users/jordanacle/Downloads/archive/Crema/1023_IWL_SAD_XX.wav,1023,sad,SAD,1023_IWL_SAD_XX.wav,True,64108,1611608486000000000
/Users/jordanacle/Downloads/archive/Crema/1023_IWW_HAP_XX.wav,1023,happy,HAP,1023_IWW_HAP_XX.wav,True,56634,1611608486000000000
/Users/jordanacle/Downloads/archive/Crema/1023_IWW_FEA_XX.wav,1023,fear,FEA,1023_IWW_FEA_XX.wav,True,57702,1611608486000000000
/Users/jordanacle/Downloads/archive/Crema/1023_IWW_NEU_XX.wav,1023,neutral,NEU,1023_IWW_NEU_XX.wav,True,56634,1611608486000000000
/Users/jordanacle/Downloads/archive/Crema/1023_IWW_SAD_XX.wav,1023,sad,SAD,1023_IWW_SAD_XX.wav,True,76920,1611608486000000000
/Users/jordanacle/Downloads/archive/Crema/1023_MTI_ANG_XX.wav,1023,angry,ANG,1023_MTI_ANG_XX.wav,True,79056,1611608486000000000
/Users/jordanacle/Downloads/archive/Crema/1023_MTI_FEA_XX.wav,1023,fear,FEA,1023_MTI_FEA_XX.wav,True,65176,1611608486000000000
/Users/jordanacle/Downloads/archive/Crema/1023_MTI_DIS_XX.wav,1023,disgust,DIS,1023_MTI_DIS_XX.wav,True,72862,1611608486000000000
/Users/jordanacle/Downloads/archive/Crema/1023_MTI_HAP_XX.wav,1023,happy,HAP,1023_MTI_HAP_XX.wav,True,64108,1611608486000000000
/Users/jordanacle/Downloads/archive/Crema/1023_MTI_NEU_XX.wav,1023,neutral,NEU,1023_MTI_NEU_XX.wav,True,74786,1611608486000000000
/Users/jordanacle/Downloads/archive/Crema/1023_MTI_SAD_XX.wav,1023,sad,SAD,1023_MTI_SAD_XX.wav,True,68378,1611608486000000000
/Users/jordanacle/Downloads/archive/Crema/1023_TAI_ANG_XX.wav,1023,angry,ANG,1023_TAI_ANG_XX.wav,True,83328,1611608486000000000
/Users/jordanacle/Downloads/archive/Crema/1023_TAI_DIS_XX.wav,1023,disgust,DIS,1023_TAI_DIS_XX.wav,True,82260,1611608486000000000
/Users/jordanacle/Downloads/archive/Crema/1023_TAI_FEA_XX.wav,1023,fear,FEA,1023_TAI_FEA_XX.wav,True,61972,1611608486000000000
/Users/jordanacle/Downloads/archive/Crema/1023_TAI_HAP_XX.wav,1023,happy,HAP,1023_TAI_HAP_XX.wav,True,53430,1611608486000000000
/Users/jordanacle/Downloads/archive/Crema/1023_TAI_SAD_XX.wav,1023,sad,SAD,1023_TAI_SAD_XX.wav,True,57702,1611608486000000000
/Users/jordanacle/Downloads/archive/Crema/1023_TIE_ANG_XX.wav,1023,angry,ANG,1023_TIE_ANG_XX.wav,True,83328,1611608486000000000
/Users/jordanacle/Downloads/archive/Crema/1023_TIE_DIS_XX.wav,1023,disgust,DIS,1023_TIE_DIS_XX.wav,True,92936,1611608486000000000
/Users/jordanacle/Downloads/archive/Crema/1023_TIE_FEA_XX.wav,1023,fear,FEA,1023_TIE_FEA_XX.wav,True,100410,1611608486000000000
/Users/jordanacle/Downloads/archive/Crema/1023_TIE_HAP_XX.wav,1023,happy,HAP,1023_TIE_HAP_XX.wav,True,74786,1611608486000000000
/Users/jordanacle/Downloads/archive/Crema/1023_TIE_SAD_XX.wav,1023,sad,SAD,1023_TIE_SAD_XX.wav,True,96140,1611608486000000000
/Users/jordanacle/Downloads/archive/Crema/1023_TSI_ANG_XX.wav,1023,angry,ANG,1023_TSI_ANG_XX.wav,True,85462,1611608486000000000
/Users/jordanacle/Downloads/archive/Crema/1023_TSI_HAP_XX.wav,1023,happy,HAP,1023_TSI_HAP_XX.wav,True,59836,1611608486000000000
/Users/jordanacle/Downloads/archive/Crema/1023_TSI_NEU_XX.wav,1023,neutral,NEU,1023_TSI_NEU_XX.wav,True,72650,1611608486000000000
/Users/jordanacle/Downloads/archive/Crema/1023_WSI_ANG_XX.wav,1023,angry,ANG,1023_WSI_ANG_XX.wav,True,86530,1611608486000000000
/Users/jordanacle/Downloads/archive/Crema/1023_WSI_DIS_XX.wav,1023,disgust,DIS,1023_WSI_DIS_XX.wav,True,82260,1611608486000000000
/Users/jordanacle/Downloads/archive/Crema/1023_WSI_FEA_XX.wav,1023,fear,FEA,1023_WSI_FEA_XX.wav,True,67312,1611608486000000000
/Users/jordanacle/Downloads/archive/Crema/1023_WSI_SAD_XX.wav,1023,sad,SAD,1023_WSI_SAD_XX.wav,True,66244,1611608486000000000
/Users/jordanacle/Downloads/archive/Crema/1023_WSI_NEU_XX.wav,1023,neutral,NEU,1023_WSI_NEU_XX.wav,True,68378,1611608486000000000
/Users/jordanacle/Downloads/archive/Crema/1024_DFA_ANG_XX.wav,1024,angry,ANG,1024_DFA_ANG_XX.wav,True,68378,1611608486000000000
/Users/jordanacle/Downloads/archive/Crema/1024_DFA_FEA_XX.wav,1024,fear,FEA,1024_DFA_FEA_XX.wav,True,68378,1611608486000000000
/Users/jordanacle/Downloads/archive/Crema/1024_DFA_DIS_XX.wav,1024,disgust,DIS,1024_DFA_DIS_XX.wav,True,89734,1611608486000000000
/Users/jordanacle/Downloads/archive/Crema/1024_DFA_NEU_XX.wav,1024,neutral,NEU,1024_DFA_NEU_XX.wav,True,57702,1611608486000000000
/Users/jordanacle/Downloads/archive/Crema/1024_DFA_HAP_XX.wav,1024,happy,HAP,1024_DFA_HAP_XX.wav,True,61972,1611608486000000000
/Users/jordanacle/Downloads/archive/Crema/1024_DFA_SAD_XX.wav,1024,sad,SAD,1024_DFA_SAD_XX.wav,True,55566,1611608486000000000
/Users/jordanacle/Downloads/archive/Crema/1024_IEO_ANG_HI.wav,1024,angry,ANG,1024_IEO_ANG_HI.wav,True,80124,1611608486000000000
/Users/jordanacle/Downloads/archive/Crema/1024_IEO_ANG_LO.wav,1024,angry,ANG,1024_IEO_ANG_LO.wav,True,61972,1611608486000000000
/Users/jordanacle/Downloads/archive/Crema/1024_IEO_DIS_MD.wav,1024,disgust,DIS,1024_IEO_DIS_MD.wav,True,87598,1611608486000000000
/Users/jordanacle/Downloads/archive/Crema/1024_IEO_ANG_MD.wav,1024,angry,ANG,1024_IEO_ANG_MD.wav,True,66244,1611608486000000000
/Users/jordanacle/Downloads/archive/Crema/1024_IEO_FEA_HI.wav,1024,fear,FEA,1024_IEO_FEA_HI.wav,True,90802,1611608486000000000
/Users/jordanacle/Downloads/archive/Crema/1024_IEO_DIS_HI.wav,1024,disgust,DIS,1024_IEO_DIS_HI.wav,True,114292,1611608486000000000
/Users/jordanacle/Downloads/archive/Crema/1024_IEO_HAP_HI.wav,1024,happy,HAP,1024_IEO_HAP_HI.wav,True,76920,1611608486000000000
/Users/jordanacle/Downloads/archive/Crema/1024_IEO_HAP_LO.wav,1024,happy,HAP,1024_IEO_HAP_LO.wav,True,60904,1611608486000000000
/Users/jordanacle/Downloads/archive/Crema/1024_IEO_FEA_MD.wav,1024,fear,FEA,1024_IEO_FEA_MD.wav,True,92936,1611608486000000000
/Users/jordanacle/Downloads/archive/Crema/1024_IEO_NEU_XX.wav,1024,neutral,NEU,1024_IEO_NEU_XX.wav,True,73718,1611608486000000000
/Users/jordanacle/Downloads/archive/Crema/1024_IEO_SAD_HI.wav,1024,sad,SAD,1024_IEO_SAD_HI.wav,True,65176,1611608486000000000
/Users/jordanacle/Downloads/archive/Crema/1024_IEO_SAD_LO.wav,1024,sad,SAD,1024_IEO_SAD_LO.wav,True,66244,1611608486000000000
/Users/jordanacle/Downloads/archive/Crema/1024_IEO_SAD_MD.wav,1024,sad,SAD,1024_IEO_SAD_MD.wav,True,92936,1611608486000000000
/Users/jordanacle/Downloads/archive/Crema/1024_IOM_ANG_XX.wav,1024,angry,ANG,1024_IOM_ANG_XX.wav,True,69446,1611608486000000000
/Users/jordanacle/Downloads/archive/Crema/1024_IOM_HAP_XX.wav,1024,happy,HAP,1024_IOM_HAP_XX.wav,True,65176,1611608486000000000
/Users/jordanacle/Downloads/archive/Crema/1024_ITH_ANG_XX.wav,1024,angry,ANG,1024_ITH_ANG_XX.wav,True,87598,1611608486000000000
/Users/jordanacle/Downloads/archive/Crema/1024_IOM_NEU_XX.wav,1024,neutral,NEU,1024_IOM_NEU_XX.wav,True,56634,1611608486000000000
/Users/jordanacle/Downloads/archive/Crema/1024_ITH_DIS_XX.wav,1024,disgust,DIS,1024_ITH_DIS_XX.wav,True,96140,1611608486000000000
/Users/jordanacle/Downloads/archive/Crema/1024_ITH_FEA_XX.wav,1024,fear,FEA,1024_ITH_FEA_XX.wav,True,92936,1611608486000000000
/Users/jordanacle/Downloads/archive/Crema/1024_ITH_HAP_XX.wav,1024,happy,HAP,1024_ITH_HAP_XX.wav,True,72650,1611608486000000000
/Users/jordanacle/Downloads/archive/Crema/1024_ITH_SAD_XX.wav,1024,sad,SAD,1024_ITH_SAD_XX.wav,True,79056,1611608486000000000
/Users/jordanacle/Downloads/archive/Crema/1024_ITS_ANG_XX.wav,1024,angry,ANG,1024_ITS_ANG_XX.wav,True,74786,1611608486000000000
/Users/jordanacle/Downloads/archive/Crema/1024_ITS_DIS_XX.wav,1024,disgust,DIS,1024_ITS_DIS_XX.wav,True,91868,1611608486000000000
/Users/jordanacle/Downloads/archive/Crema/1024_ITS_HAP_XX.wav,1024,happy,HAP,1024_ITS_HAP_XX.wav,True,76920,1611608486000000000
/Users/jordanacle/Downloads/archive/Crema/1024_ITS_NEU_XX.wav,1024,neutral,NEU,1024_ITS_NEU_XX.wav,True,56634,1611608486000000000
/Users/jordanacle/Downloads/archive/Crema/1024_ITS_FEA_XX.wav,1024,fear,FEA,1024_ITS_FEA_XX.wav,True,80124,1611608486000000000
/Users/jordanacle/Downloads/archive/Crema/1024_IWL_DIS_XX.wav,1024,disgust,DIS,1024_IWL_DIS_XX.wav,True,82260,1611608486000000000
/Users/jordanacle/Downloads/archive/Crema/1024_ITS_SAD_XX.wav,1024,sad,SAD,1024_ITS_SAD_XX.wav,True,77988,1611608486000000000
/Users/jordanacle/Downloads/archive/Crema/1024_IWL_FEA_XX.wav,1024,fear,FEA,1024_IWL_FEA_XX.wav,True,80124,1611608486000000000
/Users/jordanacle/Downloads/archive/Crema/1024_IWL_HAP_XX.wav,1024,happy,HAP,1024_IWL_HAP_XX.wav,True,68378,1611608486000000000
/Users/jordanacle/Downloads/archive/Crema/1024_IWL_NEU_XX.wav,1024,neutral,NEU,1024_IWL_NEU_XX.wav,True,67312,1611608486000000000
/Users/jordanacle/Downloads/archive/Crema/1024_IWL_SAD_XX.wav,1024,sad,SAD,1024_IWL_SAD_XX.wav,True,81192,1611608486000000000
/Users/jordanacle/Downloads/archive/Crema/1024_IWW_ANG_XX.wav,1024,angry,ANG,1024_IWW_ANG_XX.wav,True,82260,1611608486000000000
/Users/jordanacle/Downloads/archive/Crema/1024_IWW_FEA_XX.wav,1024,fear,FEA,1024_IWW_FEA_XX.wav,True,69446,1611608486000000000
/Users/jordanacle/Downloads/archive/Crema/1024_IWW_HAP_XX.wav,1024,happy,HAP,1024_IWW_HAP_XX.wav,True,66244,1611608486000000000
/Users/jordanacle/Downloads/archive/Crema/1024_IWW_DIS_XX.wav,1024,disgust,DIS,1024_IWW_DIS_XX.wav,True,70514,1611608486000000000
/Users/jordanacle/Downloads/archive/Crema/1024_IWW_NEU_XX.wav,1024,neutral,NEU,1024_IWW_NEU_XX.wav,True,65176,1611608486000000000
/Users/jordanacle/Downloads/archive/Crema/1024_IWW_SAD_XX.wav,1024,sad,SAD,1024_IWW_SAD_XX.wav,True,84394,1611608486000000000
/Users/jordanacle/Downloads/archive/Crema/1024_MTI_ANG_XX.wav,1024,angry,ANG,1024_MTI_ANG_XX.wav,True,77988,1611608486000000000
/Users/jordanacle/Downloads/archive/Crema/1024_MTI_DIS_XX.wav,1024,disgust,DIS,1024_MTI_DIS_XX.wav,True,89734,1611608486000000000
/Users/jordanacle/Downloads/archive/Crema/1024_MTI_FEA_XX.wav,1024,fear,FEA,1024_MTI_FEA_XX.wav,True,84394,1611608486000000000
/Users/jordanacle/Downloads/archive/Crema/1024_MTI_NEU_XX.wav,1024,neutral,NEU,1024_MTI_NEU_XX.wav,True,67312,1611608486000000000
/Users/jordanacle/Downloads/archive/Crema/1024_MTI_SAD_XX.wav,1024,sad,SAD,1024_MTI_SAD_XX.wav,True,85462,1611608486000000000
/Users/jordanacle/Downloads/archive/Crema/1024_TAI_ANG_XX.wav,1024,angry,ANG,1024_TAI_ANG_XX.wav,True,72650,1611608486000000000
/Users/jordanacle/Downloads/archive/Crema/1024_TAI_FEA_XX.wav,1024,fear,FEA,1024_TAI_FEA_XX.wav,True,74786,1611608486000000000
/Users/jordanacle/Downloads/archive/Crema/1024_TAI_DIS_XX.wav,1024,disgust,DIS,1024_TAI_DIS_XX.wav,True,82260,1611608486000000000
/Users/jordanacle/Downloads/archive/Crema/1024_TAI_HAP_XX.wav,1024,happy,HAP,1024_TAI_HAP_XX.wav,True,73718,1611608486000000000
/Users/jordanacle/Downloads/archive/Crema/1024_TIE_ANG_XX.wav,1024,angry,ANG,1024_TIE_ANG_XX.wav,True,97208,1611608486000000000
/Users/jordanacle/Downloads/archive/Crema/1024_TAI_SAD_XX.wav,1024,sad,SAD,1024_TAI_SAD_XX.wav,True,88666,1611608486000000000
/Users/jordanacle/Downloads/archive/Crema/1024_TAI_NEU_XX.wav,1024,neutral,NEU,1024_TAI_NEU_XX.wav,True,57702,1611608486000000000
/Users/jordanacle/Downloads/archive/Crema/1024_TIE_DIS_XX.wav,1024,disgust,DIS,1024_TIE_DIS_XX.wav,True,126036,1611608486000000000
/Users/jordanacle/Downloads/archive/Crema/1024_TIE_FEA_XX.wav,1024,fear,FEA,1024_TIE_FEA_XX.wav,True,97208,1611608488000000000
/Users/jordanacle/Downloads/archive/Crema/1024_TIE_HAP_XX.wav,1024,happy,HAP,1024_TIE_HAP_XX.wav,True,90802,1611608488000000000
/Users/jordanacle/Downloads/archive/Crema/1024_TIE_SAD_XX.wav,1024,sad,SAD,1024_TIE_SAD_XX.wav,True,110020,1611608488000000000
/Users/jordanacle/Downloads/archive/Crema/1024_TSI_ANG_XX.wav,1024,angry,ANG,1024_TSI_ANG_XX.wav,True,65176,1611608488000000000
/Users/jordanacle/Downloads/archive/Crema/1024_TSI_HAP_XX.wav,1024,happy,HAP,1024_TSI_HAP_XX.wav,True,65176,1611608488000000000
/Users/jordanacle/Downloads/archive/Crema/1024_TSI_FEA_XX.wav,1024,fear,FEA,1024_TSI_FEA_XX.wav,True,66244,1611608488000000000
/Users/jordanacle/Downloads/archive/Crema/1024_WSI_ANG_XX.wav,1024,angry,ANG,1024_WSI_ANG_XX.wav,True,70514,1611608488000000000
/Users/jordanacle/Downloads/archive/Crema/1024_TSI_NEU_XX.wav,1024,neutral,NEU,1024_TSI_NEU_XX.wav,True,58770,1611608488000000000
/Users/jordanacle/Downloads/archive/Crema/1024_WSI_DIS_XX.wav,1024,disgust,DIS,1024_WSI_DIS_XX.wav,True,86530,1611608488000000000
/Users/jordanacle/Downloads/archive/Crema/1024_WSI_FEA_XX.wav,1024,fear,FEA,1024_WSI_FEA_XX.wav,True,88666,1611608488000000000
/Users/jordanacle/Downloads/archive/Crema/1024_WSI_HAP_XX.wav,1024,happy,HAP,1024_WSI_HAP_XX.wav,True,58770,1611608488000000000
/Users/jordanacle/Downloads/archive/Crema/1024_WSI_NEU_XX.wav,1024,neutral,NEU,1024_WSI_NEU_XX.wav,True,68378,1611608488000000000
/Users/jordanacle/Downloads/archive/Crema/1024_WSI_SAD_XX.wav,1024,sad,SAD,1024_WSI_SAD_XX.wav,True,70514,1611608488000000000
/Users/jordanacle/Downloads/archive/Crema/1025_DFA_ANG_XX.wav,1025,angry,ANG,1025_DFA_ANG_XX.wav,True,69446,1611608488000000000
/Users/jordanacle/Downloads/archive/Crema/1025_DFA_DIS_XX.wav,1025,disgust,DIS,1025_DFA_DIS_XX.wav,True,128172,1611608488000000000
/Users/jordanacle/Downloads/archive/Crema/1025_DFA_FEA_XX.wav,1025,fear,FEA,1025_DFA_FEA_XX.wav,True,89734,1611608488000000000
/Users/jordanacle/Downloads/archive/Crema/1025_DFA_SAD_XX.wav,1025,sad,SAD,1025_DFA_SAD_XX.wav,True,76920,1611608488000000000
/Users/jordanacle/Downloads/archive/Crema/1025_DFA_NEU_XX.wav,1025,neutral,NEU,1025_DFA_NEU_XX.wav,True,94004,1611608488000000000
/Users/jordanacle/Downloads/archive/Crema/1025_IEO_ANG_LO.wav,1025,angry,ANG,1025_IEO_ANG_LO.wav,True,64108,1611608488000000000
/Users/jordanacle/Downloads/archive/Crema/1025_IEO_ANG_HI.wav,1025,angry,ANG,1025_IEO_ANG_HI.wav,True,123902,1611608488000000000
/Users/jordanacle/Downloads/archive/Crema/1025_IEO_ANG_MD.wav,1025,angry,ANG,1025_IEO_ANG_MD.wav,True,101478,1611608488000000000
/Users/jordanacle/Downloads/archive/Crema/1025_IEO_DIS_HI.wav,1025,disgust,DIS,1025_IEO_DIS_HI.wav,True,107884,1611608488000000000
/Users/jordanacle/Downloads/archive/Crema/1025_IEO_DIS_LO.wav,1025,disgust,DIS,1025_IEO_DIS_LO.wav,True,91868,1611608488000000000
/Users/jordanacle/Downloads/archive/Crema/1025_IEO_DIS_MD.wav,1025,disgust,DIS,1025_IEO_DIS_MD.wav,True,94004,1611608488000000000
/Users/jordanacle/Downloads/archive/Crema/1025_IEO_FEA_HI.wav,1025,fear,FEA,1025_IEO_FEA_HI.wav,True,74786,1611608488000000000
/Users/jordanacle/Downloads/archive/Crema/1025_IEO_FEA_LO.wav,1025,fear,FEA,1025_IEO_FEA_LO.wav,True,98276,1611608488000000000
/Users/jordanacle/Downloads/archive/Crema/1025_IEO_FEA_MD.wav,1025,fear,FEA,1025_IEO_FEA_MD.wav,True,94004,1611608488000000000
/Users/jordanacle/Downloads/archive/Crema/1025_IEO_HAP_HI.wav,1025,happy,HAP,1025_IEO_HAP_HI.wav,True,60904,1611608488000000000
/Users/jordanacle/Downloads/archive/Crema/1025_IEO_HAP_LO.wav,1025,happy,HAP,1025_IEO_HAP_LO.wav,True,55566,1611608488000000000
/Users/jordanacle/Downloads/archive/Crema/1025_IEO_NEU_XX.wav,1025,neutral,NEU,1025_IEO_NEU_XX.wav,True,67312,1611608488000000000
/Users/jordanacle/Downloads/archive/Crema/1025_IEO_SAD_HI.wav,1025,sad,SAD,1025_IEO_SAD_HI.wav,True,103614,1611608488000000000
/Users/jordanacle/Downloads/archive/Crema/1025_IEO_SAD_MD.wav,1025,sad,SAD,1025_IEO_SAD_MD.wav,True,107884,1611608488000000000
/Users/jordanacle/Downloads/archive/Crema/1025_IOM_ANG_XX.wav,1025,angry,ANG,1025_IOM_ANG_XX.wav,True,56634,1611608488000000000
/Users/jordanacle/Downloads/archive/Crema/1025_IOM_HAP_XX.wav,1025,happy,HAP,1025_IOM_HAP_XX.wav,True,84394,1611608488000000000
/Users/jordanacle/Downloads/archive/Crema/1025_IOM_NEU_XX.wav,1025,neutral,NEU,1025_IOM_NEU_XX.wav,True,60904,1611608488000000000
/Users/jordanacle/Downloads/archive/Crema/1025_ITH_ANG_XX.wav,1025,angry,ANG,1025_ITH_ANG_XX.wav,True,72862,1611608488000000000
/Users/jordanacle/Downloads/archive/Crema/1025_ITH_DIS_XX.wav,1025,disgust,DIS,1025_ITH_DIS_XX.wav,True,112156,1611608488000000000
/Users/jordanacle/Downloads/archive/Crema/1025_ITH_FEA_XX.wav,1025,fear,FEA,1025_ITH_FEA_XX.wav,True,111088,1611608488000000000
/Users/jordanacle/Downloads/archive/Crema/1025_ITH_HAP_XX.wav,1025,happy,HAP,1025_ITH_HAP_XX.wav,True,80124,1611608488000000000
/Users/jordanacle/Downloads/archive/Crema/1025_ITH_SAD_XX.wav,1025,sad,SAD,1025_ITH_SAD_XX.wav,True,80124,1611608488000000000
/Users/jordanacle/Downloads/archive/Crema/1025_ITS_ANG_XX.wav,1025,angry,ANG,1025_ITS_ANG_XX.wav,True,67312,1611608488000000000
/Users/jordanacle/Downloads/archive/Crema/1025_ITS_DIS_XX.wav,1025,disgust,DIS,1025_ITS_DIS_XX.wav,True,124968,1611608488000000000
/Users/jordanacle/Downloads/archive/Crema/1025_ITS_FEA_XX.wav,1025,fear,FEA,1025_ITS_FEA_XX.wav,True,72862,1611608488000000000
/Users/jordanacle/Downloads/archive/Crema/1025_ITS_HAP_XX.wav,1025,happy,HAP,1025_ITS_HAP_XX.wav,True,77988,1611608488000000000
/Users/jordanacle/Downloads/archive/Crema/1025_ITS_SAD_XX.wav,1025,sad,SAD,1025_ITS_SAD_XX.wav,True,90802,1611608488000000000
/Users/jordanacle/Downloads/archive/Crema/1025_IWL_ANG_XX.wav,1025,angry,ANG,1025_IWL_ANG_XX.wav,True,84394,1611608488000000000
/Users/jordanacle/Downloads/archive/Crema/1025_IWL_DIS_XX.wav,1025,disgust,DIS,1025_IWL_DIS_XX.wav,True,123902,1611608488000000000
/Users/jordanacle/Downloads/archive/Crema/1025_IWL_FEA_XX.wav,1025,fear,FEA,1025_IWL_FEA_XX.wav,True,97208,1611608488000000000
/Users/jordanacle/Downloads/archive/Crema/1025_IWL_HAP_XX.wav,1025,happy,HAP,1025_IWL_HAP_XX.wav,True,72862,1611608488000000000
/Users/jordanacle/Downloads/archive/Crema/1025_IWL_NEU_XX.wav,1025,neutral,NEU,1025_IWL_NEU_XX.wav,True,86530,1611608488000000000
/Users/jordanacle/Downloads/archive/Crema/1025_IWL_SAD_XX.wav,1025,sad,SAD,1025_IWL_SAD_XX.wav,True,121766,1611608488000000000
/Users/jordanacle/Downloads/archive/Crema/1025_IWW_DIS_XX.wav,1025,disgust,DIS,1025_IWW_DIS_XX.wav,True,91868,1611608488000000000
/Users/jordanacle/Downloads/archive/Crema/1025_IWW_FEA_XX.wav,1025,fear,FEA,1025_IWW_FEA_XX.wav,True,81192,1611608488000000000
/Users/jordanacle/Downloads/archive/Crema/1025_IWW_NEU_XX.wav,1025,neutral,NEU,1025_IWW_NEU_XX.wav,True,99344,1611608488000000000
/Users/jordanacle/Downloads/archive/Crema/1025_IWW_HAP_XX.wav,1025,happy,HAP,1025_IWW_HAP_XX.wav,True,64108,1611608488000000000
/Users/jordanacle/Downloads/archive/Crema/1025_IWW_SAD_XX.wav,1025,sad,SAD,1025_IWW_SAD_XX.wav,True,74786,1611608488000000000
/Users/jordanacle/Downloads/archive/Crema/1025_MTI_ANG_XX.wav,1025,angry,ANG,1025_MTI_ANG_XX.wav,True,79056,1611608488000000000
/Users/jordanacle/Downloads/archive/Crema/1025_MTI_DIS_XX.wav,1025,disgust,DIS,1025_MTI_DIS_XX.wav,True,92936,1611608488000000000
/Users/jordanacle/Downloads/archive/Crema/1025_MTI_FEA_XX.wav,1025,fear,FEA,1025_MTI_FEA_XX.wav,True,101478,1611608488000000000
/Users/jordanacle/Downloads/archive/Crema/1025_MTI_SAD_XX.wav,1025,sad,SAD,1025_MTI_SAD_XX.wav,True,97208,1611608488000000000
/Users/jordanacle/Downloads/archive/Crema/1025_TAI_ANG_XX.wav,1025,angry,ANG,1025_TAI_ANG_XX.wav,True,68378,1611608488000000000
/Users/jordanacle/Downloads/archive/Crema/1025_MTI_NEU_XX.wav,1025,neutral,NEU,1025_MTI_NEU_XX.wav,True,104682,1611608488000000000
/Users/jordanacle/Downloads/archive/Crema/1025_TAI_DIS_XX.wav,1025,disgust,DIS,1025_TAI_DIS_XX.wav,True,111088,1611608488000000000
/Users/jordanacle/Downloads/archive/Crema/1025_TAI_FEA_XX.wav,1025,fear,FEA,1025_TAI_FEA_XX.wav,True,91868,1611608488000000000
/Users/jordanacle/Downloads/archive/Crema/1025_TAI_HAP_XX.wav,1025,happy,HAP,1025_TAI_HAP_XX.wav,True,86530,1611608488000000000
/Users/jordanacle/Downloads/archive/Crema/1025_TAI_SAD_XX.wav,1025,sad,SAD,1025_TAI_SAD_XX.wav,True,94004,1611608488000000000
/Users/jordanacle/Downloads/archive/Crema/1025_TIE_ANG_XX.wav,1025,angry,ANG,1025_TIE_ANG_XX.wav,True,124968,1611608488000000000
/Users/jordanacle/Downloads/archive/Crema/1025_TIE_FEA_XX.wav,1025,fear,FEA,1025_TIE_FEA_XX.wav,True,117494,1611608488000000000
/Users/jordanacle/Downloads/archive/Crema/1025_TIE_DIS_XX.wav,1025,disgust,DIS,1025_TIE_DIS_XX.wav,True,155934,1611608488000000000
/Users/jordanacle/Downloads/archive/Crema/1025_TIE_HAP_XX.wav,1025,happy,HAP,1025_TIE_HAP_XX.wav,True,114292,1611608488000000000
/Users/jordanacle/Downloads/archive/Crema/1025_TIE_NEU_XX.wav,1025,neutral,NEU,1025_TIE_NEU_XX.wav,True,110020,1611608488000000000
/Users/jordanacle/Downloads/archive/Crema/1025_TIE_SAD_XX.wav,1025,sad,SAD,1025_TIE_SAD_XX.wav,True,133510,1611608488000000000
/Users/jordanacle/Downloads/archive/Crema/1025_TSI_ANG_XX.wav,1025,angry,ANG,1025_TSI_ANG_XX.wav,True,66244,1611608488000000000
/Users/jordanacle/Downloads/archive/Crema/1025_TSI_DIS_XX.wav,1025,disgust,DIS,1025_TSI_DIS_XX.wav,True,86530,1611608488000000000
/Users/jordanacle/Downloads/archive/Crema/1025_TSI_FEA_XX.wav,1025,fear,FEA,1025_TSI_FEA_XX.wav,True,72650,1611608488000000000
/Users/jordanacle/Downloads/archive/Crema/1025_TSI_HAP_XX.wav,1025,happy,HAP,1025_TSI_HAP_XX.wav,True,77988,1611608488000000000
/Users/jordanacle/Downloads/archive/Crema/1025_TSI_NEU_XX.wav,1025,neutral,NEU,1025_TSI_NEU_XX.wav,True,77988,1611608488000000000
/Users/jordanacle/Downloads/archive/Crema/1025_WSI_DIS_XX.wav,1025,disgust,DIS,1025_WSI_DIS_XX.wav,True,81192,1611608488000000000
/Users/jordanacle/Downloads/archive/Crema/1025_WSI_ANG_XX.wav,1025,angry,ANG,1025_WSI_ANG_XX.wav,True,69446,1611608488000000000
/Users/jordanacle/Downloads/archive/Crema/1025_WSI_NEU_XX.wav,1025,neutral,NEU,1025_WSI_NEU_XX.wav,True,99344,1611608488000000000
/Users/jordanacle/Downloads/archive/Crema/1025_WSI_FEA_XX.wav,1025,fear,FEA,1025_WSI_FEA_XX.wav,True,60904,1611608488000000000
/Users/jordanacle/Downloads/archive/Crema/1025_WSI_SAD_XX.wav,1025,sad,SAD,1025_WSI_SAD_XX.wav,True,72650,1611608488000000000
/Users/jordanacle/Downloads/archive/Crema/1026_DFA_ANG_XX.wav,1026,angry,ANG,1026_DFA_ANG_XX.wav,True,66244,1611608488000000000
/Users/jordanacle/Downloads/archive/Crema/1026_DFA_FEA_XX.wav,1026,fear,FEA,1026_DFA_FEA_XX.wav,True,65176,1611608488000000000
/Users/jordanacle/Downloads/archive/Crema/1026_DFA_DIS_XX.wav,1026,disgust,DIS,1026_DFA_DIS_XX.wav,True,68378,1611608488000000000
/Users/jordanacle/Downloads/archive/Crema/1026_DFA_SAD_XX.wav,1026,sad,SAD,1026_DFA_SAD_XX.wav,True,53430,1611608488000000000
/Users/jordanacle/Downloads/archive/Crema/1026_DFA_HAP_XX.wav,1026,happy,HAP,1026_DFA_HAP_XX.wav,True,59836,1611608488000000000
/Users/jordanacle/Downloads/archive/Crema/1026_IEO_ANG_LO.wav,1026,angry,ANG,1026_IEO_ANG_LO.wav,True,63040,1611608488000000000
/Users/jordanacle/Downloads/archive/Crema/1026_IEO_ANG_HI.wav,1026,angry,ANG,1026_IEO_ANG_HI.wav,True,82260,1611608488000000000
/Users/jordanacle/Downloads/archive/Crema/1026_IEO_ANG_MD.wav,1026,angry,ANG,1026_IEO_ANG_MD.wav,True,72650,1611608488000000000
/Users/jordanacle/Downloads/archive/Crema/1026_IEO_DIS_HI.wav,1026,disgust,DIS,1026_IEO_DIS_HI.wav,True,58770,1611608488000000000
/Users/jordanacle/Downloads/archive/Crema/1026_IEO_DIS_MD.wav,1026,disgust,DIS,1026_IEO_DIS_MD.wav,True,45956,1611608488000000000
/Users/jordanacle/Downloads/archive/Crema/1026_IEO_DIS_LO.wav,1026,disgust,DIS,1026_IEO_DIS_LO.wav,True,60904,1611608488000000000
/Users/jordanacle/Downloads/archive/Crema/1026_IEO_FEA_LO.wav,1026,fear,FEA,1026_IEO_FEA_LO.wav,True,74786,1611608488000000000
/Users/jordanacle/Downloads/archive/Crema/1026_IEO_FEA_HI.wav,1026,fear,FEA,1026_IEO_FEA_HI.wav,True,69446,1611608488000000000
/Users/jordanacle/Downloads/archive/Crema/1026_IEO_FEA_MD.wav,1026,fear,FEA,1026_IEO_FEA_MD.wav,True,60904,1611608488000000000
/Users/jordanacle/Downloads/archive/Crema/1026_IEO_HAP_HI.wav,1026,happy,HAP,1026_IEO_HAP_HI.wav,True,58770,1611608488000000000
/Users/jordanacle/Downloads/archive/Crema/1026_IEO_HAP_LO.wav,1026,happy,HAP,1026_IEO_HAP_LO.wav,True,64108,1611608488000000000
/Users/jordanacle/Downloads/archive/Crema/1026_IEO_HAP_MD.wav,1026,happy,HAP,1026_IEO_HAP_MD.wav,True,52362,1611608488000000000
/Users/jordanacle/Downloads/archive/Crema/1026_IEO_NEU_XX.wav,1026,neutral,NEU,1026_IEO_NEU_XX.wav,True,65176,1611608488000000000
/Users/jordanacle/Downloads/archive/Crema/1026_IEO_SAD_HI.wav,1026,sad,SAD,1026_IEO_SAD_HI.wav,True,101478,1611608488000000000
/Users/jordanacle/Downloads/archive/Crema/1026_IEO_SAD_LO.wav,1026,sad,SAD,1026_IEO_SAD_LO.wav,True,70514,1611608488000000000
/Users/jordanacle/Downloads/archive/Crema/1026_IEO_SAD_MD.wav,1026,sad,SAD,1026_IEO_SAD_MD.wav,True,74786,1611608488000000000
/Users/jordanacle/Downloads/archive/Crema/1026_IOM_FEA_XX.wav,1026,fear,FEA,1026_IOM_FEA_XX.wav,True,61972,1611608488000000000
/Users/jordanacle/Downloads/archive/Crema/1026_IOM_DIS_XX.wav,1026,disgust,DIS,1026_IOM_DIS_XX.wav,True,69446,1611608488000000000
/Users/jordanacle/Downloads/archive/Crema/1026_IOM_HAP_XX.wav,1026,happy,HAP,1026_IOM_HAP_XX.wav,True,68378,1611608488000000000
/Users/jordanacle/Downloads/archive/Crema/1026_IOM_NEU_XX.wav,1026,neutral,NEU,1026_IOM_NEU_XX.wav,True,83328,1611608488000000000
/Users/jordanacle/Downloads/archive/Crema/1026_IOM_SAD_XX.wav,1026,sad,SAD,1026_IOM_SAD_XX.wav,True,92936,1611608488000000000
/Users/jordanacle/Downloads/archive/Crema/1026_ITH_ANG_XX.wav,1026,angry,ANG,1026_ITH_ANG_XX.wav,True,76920,1611608488000000000
/Users/jordanacle/Downloads/archive/Crema/1026_ITH_DIS_XX.wav,1026,disgust,DIS,1026_ITH_DIS_XX.wav,True,72650,1611608488000000000
/Users/jordanacle/Downloads/archive/Crema/1026_ITH_FEA_XX.wav,1026,fear,FEA,1026_ITH_FEA_XX.wav,True,74786,1611608488000000000
/Users/jordanacle/Downloads/archive/Crema/1026_ITH_NEU_XX.wav,1026,neutral,NEU,1026_ITH_NEU_XX.wav,True,83328,1611608488000000000
/Users/jordanacle/Downloads/archive/Crema/1026_ITH_SAD_XX.wav,1026,sad,SAD,1026_ITH_SAD_XX.wav,True,98276,1611608488000000000
/Users/jordanacle/Downloads/archive/Crema/1026_ITS_ANG_XX.wav,1026,angry,ANG,1026_ITS_ANG_XX.wav,True,73718,1611608488000000000
/Users/jordanacle/Downloads/archive/Crema/1026_ITS_DIS_XX.wav,1026,disgust,DIS,1026_ITS_DIS_XX.wav,True,83328,1611608488000000000
/Users/jordanacle/Downloads/archive/Crema/1026_ITS_FEA_XX.wav,1026,fear,FEA,1026_ITS_FEA_XX.wav,True,75852,1611608488000000000
/Users/jordanacle/Downloads/archive/Crema/1026_ITS_NEU_XX.wav,1026,neutral,NEU,1026_ITS_NEU_XX.wav,True,96140,1611608488000000000
/Users/jordanacle/Downloads/archive/Crema/1026_ITS_HAP_XX.wav,1026,happy,HAP,1026_ITS_HAP_XX.wav,True,58770,1611608488000000000
/Users/jordanacle/Downloads/archive/Crema/1026_IWL_ANG_XX.wav,1026,angry,ANG,1026_IWL_ANG_XX.wav,True,86530,1611608488000000000
/Users/jordanacle/Downloads/archive/Crema/1026_ITS_SAD_XX.wav,1026,sad,SAD,1026_ITS_SAD_XX.wav,True,69446,1611608488000000000
/Users/jordanacle/Downloads/archive/Crema/1026_IWL_FEA_XX.wav,1026,fear,FEA,1026_IWL_FEA_XX.wav,True,70514,1611608488000000000
/Users/jordanacle/Downloads/archive/Crema/1026_IWL_HAP_XX.wav,1026,happy,HAP,1026_IWL_HAP_XX.wav,True,59836,1611608488000000000
/Users/jordanacle/Downloads/archive/Crema/1026_IWW_ANG_XX.wav,1026,angry,ANG,1026_IWW_ANG_XX.wav,True,66244,1611608488000000000
/Users/jordanacle/Downloads/archive/Crema/1026_IWL_NEU_XX.wav,1026,neutral,NEU,1026_IWL_NEU_XX.wav,True,82260,1611608488000000000
/Users/jordanacle/Downloads/archive/Crema/1026_IWW_HAP_XX.wav,1026,happy,HAP,1026_IWW_HAP_XX.wav,True,59836,1611608488000000000
/Users/jordanacle/Downloads/archive/Crema/1026_IWW_NEU_XX.wav,1026,neutral,NEU,1026_IWW_NEU_XX.wav,True,65176,1611608488000000000
/Users/jordanacle/Downloads/archive/Crema/1026_IWW_SAD_XX.wav,1026,sad,SAD,1026_IWW_SAD_XX.wav,True,69446,1611608488000000000
/Users/jordanacle/Downloads/archive/Crema/1026_MTI_ANG_XX.wav,1026,angry,ANG,1026_MTI_ANG_XX.wav,True,84394,1611608488000000000
/Users/jordanacle/Downloads/archive/Crema/1026_MTI_DIS_XX.wav,1026,disgust,DIS,1026_MTI_DIS_XX.wav,True,94004,1611608488000000000
/Users/jordanacle/Downloads/archive/Crema/1026_MTI_HAP_XX.wav,1026,happy,HAP,1026_MTI_HAP_XX.wav,True,86530,1611608488000000000
/Users/jordanacle/Downloads/archive/Crema/1026_MTI_FEA_XX.wav,1026,fear,FEA,1026_MTI_FEA_XX.wav,True,67312,1611608488000000000
/Users/jordanacle/Downloads/archive/Crema/1026_MTI_SAD_XX.wav,1026,sad,SAD,1026_MTI_SAD_XX.wav,True,75852,1611608488000000000
/Users/jordanacle/Downloads/archive/Crema/1026_TAI_ANG_XX.wav,1026,angry,ANG,1026_TAI_ANG_XX.wav,True,92936,1611608488000000000
/Users/jordanacle/Downloads/archive/Crema/1026_TAI_FEA_XX.wav,1026,fear,FEA,1026_TAI_FEA_XX.wav,True,70514,1611608488000000000
/Users/jordanacle/Downloads/archive/Crema/1026_TAI_DIS_XX.wav,1026,disgust,DIS,1026_TAI_DIS_XX.wav,True,83328,1611608488000000000
/Users/jordanacle/Downloads/archive/Crema/1026_TAI_NEU_XX.wav,1026,neutral,NEU,1026_TAI_NEU_XX.wav,True,82260,1611608488000000000
/Users/jordanacle/Downloads/archive/Crema/1026_TAI_SAD_XX.wav,1026,sad,SAD,1026_TAI_SAD_XX.wav,True,103614,1611608488000000000
/Users/jordanacle/Downloads/archive/Crema/1026_TIE_DIS_XX.wav,1026,disgust,DIS,1026_TIE_DIS_XX.wav,True,100410,1611608488000000000
/Users/jordanacle/Downloads/archive/Crema/1026_TIE_ANG_XX.wav,1026,angry,ANG,1026_TIE_ANG_XX.wav,True,113224,1611608488000000000
/Users/jordanacle/Downloads/archive/Crema/1026_TIE_FEA_XX.wav,1026,fear,FEA,1026_TIE_FEA_XX.wav,True,80124,1611608488000000000
/Users/jordanacle/Downloads/archive/Crema/1026_TIE_NEU_XX.wav,1026,neutral,NEU,1026_TIE_NEU_XX.wav,True,99344,1611608488000000000
/Users/jordanacle/Downloads/archive/Crema/1026_TIE_SAD_XX.wav,1026,sad,SAD,1026_TIE_SAD_XX.wav,True,139918,1611608488000000000
/Users/jordanacle/Downloads/archive/Crema/1026_TSI_ANG_XX.wav,1026,angry,ANG,1026_TSI_ANG_XX.wav,True,72650,1611608488000000000
/Users/jordanacle/Downloads/archive/Crema/1026_TSI_DIS_XX.wav,1026,disgust,DIS,1026_TSI_DIS_XX.wav,True,73718,1611608488000000000
/Users/jordanacle/Downloads/archive/Crema/1026_TSI_FEA_XX.wav,1026,fear,FEA,1026_TSI_FEA_XX.wav,True,54498,1611608488000000000
/Users/jordanacle/Downloads/archive/Crema/1026_TSI_HAP_XX.wav,1026,happy,HAP,1026_TSI_HAP_XX.wav,True,69446,1611608488000000000
/Users/jordanacle/Downloads/archive/Crema/1026_TSI_NEU_XX.wav,1026,neutral,NEU,1026_TSI_NEU_XX.wav,True,85462,1611608488000000000
/Users/jordanacle/Downloads/archive/Crema/1026_TSI_SAD_XX.wav,1026,sad,SAD,1026_TSI_SAD_XX.wav,True,64108,1611608488000000000
/Users/jordanacle/Downloads/archive/Crema/1026_WSI_ANG_XX.wav,1026,angry,ANG,1026_WSI_ANG_XX.wav,True,102546,1611608488000000000
/Users/jordanacle/Downloads/archive/Crema/1026_WSI_DIS_XX.wav,1026,disgust,DIS,1026_WSI_DIS_XX.wav,True,75852,1611608488000000000
/Users/jordanacle/Downloads/archive/Crema/1026_WSI_FEA_XX.wav,1026,fear,FEA,1026_WSI_FEA_XX.wav,True,57702,1611608488000000000
/Users/jordanacle/Downloads/archive/Crema/1026_WSI_HAP_XX.wav,1026,happy,HAP,1026_WSI_HAP_XX.wav,True,77988,1611608488000000000
/Users/jordanacle/Downloads/archive/Crema/1026_WSI_SAD_XX.wav,1026,sad,SAD,1026_WSI_SAD_XX.wav,True,72862,1611608488000000000
/Users/jordanacle/Downloads/archive/Crema/1027_DFA_ANG_XX.wav,1027,angry,ANG,1027_DFA_ANG_XX.wav,True,63040,1611608488000000000
/Users/jordanacle/Downloads/archive/Crema/1027_DFA_DIS_XX.wav,1027,disgust,DIS,1027_DFA_DIS_XX.wav,True,82260,1611608488000000000
/Users/jordanacle/Downloads/archive/Crema/1027_DFA_FEA_XX.wav,1027,fear,FEA,1027_DFA_FEA_XX.wav,True,68378,1611608488000000000
/Users/jordanacle/Downloads/archive/Crema/1027_DFA_HAP_XX.wav,1027,happy,HAP,1027_DFA_HAP_XX.wav,True,54498,1611608488000000000
/Users/jordanacle/Downloads/archive/Crema/1027_DFA_SAD_XX.wav,1027,sad,SAD,1027_DFA_SAD_XX.wav,True,79056,1611608488000000000
/Users/jordanacle/Downloads/archive/Crema/1027_IEO_ANG_MD.wav,1027,angry,ANG,1027_IEO_ANG_MD.wav,True,63040,1611608488000000000
/Users/jordanacle/Downloads/archive/Crema/1027_IEO_ANG_HI.wav,1027,angry,ANG,1027_IEO_ANG_HI.wav,True,94004,1611608488000000000
/Users/jordanacle/Downloads/archive/Crema/1027_IEO_DIS_LO.wav,1027,disgust,DIS,1027_IEO_DIS_LO.wav,True,61972,1611608488000000000
/Users/jordanacle/Downloads/archive/Crema/1027_IEO_DIS_HI.wav,1027,disgust,DIS,1027_IEO_DIS_HI.wav,True,73718,1611608488000000000
/Users/jordanacle/Downloads/archive/Crema/1027_IEO_DIS_MD.wav,1027,disgust,DIS,1027_IEO_DIS_MD.wav,True,72862,1611608488000000000
/Users/jordanacle/Downloads/archive/Crema/1027_IEO_FEA_HI.wav,1027,fear,FEA,1027_IEO_FEA_HI.wav,True,80124,1611608488000000000
/Users/jordanacle/Downloads/archive/Crema/1027_IEO_FEA_LO.wav,1027,fear,FEA,1027_IEO_FEA_LO.wav,True,76920,1611608488000000000
/Users/jordanacle/Downloads/archive/Crema/1027_IEO_FEA_MD.wav,1027,fear,FEA,1027_IEO_FEA_MD.wav,True,76920,1611608488000000000
/Users/jordanacle/Downloads/archive/Crema/1027_IEO_HAP_LO.wav,1027,happy,HAP,1027_IEO_HAP_LO.wav,True,57702,1611608488000000000
/Users/jordanacle/Downloads/archive/Crema/1027_IEO_HAP_MD.wav,1027,happy,HAP,1027_IEO_HAP_MD.wav,True,84394,1611608488000000000
/Users/jordanacle/Downloads/archive/Crema/1027_IEO_NEU_XX.wav,1027,neutral,NEU,1027_IEO_NEU_XX.wav,True,75852,1611608488000000000
/Users/jordanacle/Downloads/archive/Crema/1027_IEO_SAD_HI.wav,1027,sad,SAD,1027_IEO_SAD_HI.wav,True,91868,1611608488000000000
/Users/jordanacle/Downloads/archive/Crema/1027_IEO_SAD_LO.wav,1027,sad,SAD,1027_IEO_SAD_LO.wav,True,70514,1611608488000000000
/Users/jordanacle/Downloads/archive/Crema/1027_IEO_SAD_MD.wav,1027,sad,SAD,1027_IEO_SAD_MD.wav,True,79056,1611608488000000000
/Users/jordanacle/Downloads/archive/Crema/1027_IOM_DIS_XX.wav,1027,disgust,DIS,1027_IOM_DIS_XX.wav,True,74786,1611608488000000000
/Users/jordanacle/Downloads/archive/Crema/1027_IOM_FEA_XX.wav,1027,fear,FEA,1027_IOM_FEA_XX.wav,True,74786,1611608488000000000
/Users/jordanacle/Downloads/archive/Crema/1027_IOM_NEU_XX.wav,1027,neutral,NEU,1027_IOM_NEU_XX.wav,True,72862,1611608488000000000
/Users/jordanacle/Downloads/archive/Crema/1027_IOM_HAP_XX.wav,1027,happy,HAP,1027_IOM_HAP_XX.wav,True,77988,1611608488000000000
/Users/jordanacle/Downloads/archive/Crema/1027_IOM_SAD_XX.wav,1027,sad,SAD,1027_IOM_SAD_XX.wav,True,68378,1611608488000000000
/Users/jordanacle/Downloads/archive/Crema/1027_ITH_ANG_XX.wav,1027,angry,ANG,1027_ITH_ANG_XX.wav,True,92936,1611608488000000000
/Users/jordanacle/Downloads/archive/Crema/1027_ITH_DIS_XX.wav,1027,disgust,DIS,1027_ITH_DIS_XX.wav,True,87598,1611608488000000000
/Users/jordanacle/Downloads/archive/Crema/1027_ITH_FEA_XX.wav,1027,fear,FEA,1027_ITH_FEA_XX.wav,True,72862,1611608488000000000
/Users/jordanacle/Downloads/archive/Crema/1027_ITH_NEU_XX.wav,1027,neutral,NEU,1027_ITH_NEU_XX.wav,True,77988,1611608488000000000
/Users/jordanacle/Downloads/archive/Crema/1027_ITH_SAD_XX.wav,1027,sad,SAD,1027_ITH_SAD_XX.wav,True,86530,1611608488000000000
/Users/jordanacle/Downloads/archive/Crema/1027_ITS_ANG_XX.wav,1027,angry,ANG,1027_ITS_ANG_XX.wav,True,86530,1611608488000000000
/Users/jordanacle/Downloads/archive/Crema/1027_ITS_DIS_XX.wav,1027,disgust,DIS,1027_ITS_DIS_XX.wav,True,90802,1611608488000000000
/Users/jordanacle/Downloads/archive/Crema/1027_ITS_FEA_XX.wav,1027,fear,FEA,1027_ITS_FEA_XX.wav,True,92936,1611608488000000000
/Users/jordanacle/Downloads/archive/Crema/1027_ITS_NEU_XX.wav,1027,neutral,NEU,1027_ITS_NEU_XX.wav,True,59836,1611608488000000000
/Users/jordanacle/Downloads/archive/Crema/1027_ITS_HAP_XX.wav,1027,happy,HAP,1027_ITS_HAP_XX.wav,True,72650,1611608488000000000
/Users/jordanacle/Downloads/archive/Crema/1027_ITS_SAD_XX.wav,1027,sad,SAD,1027_ITS_SAD_XX.wav,True,86530,1611608488000000000
/Users/jordanacle/Downloads/archive/Crema/1027_IWL_ANG_XX.wav,1027,angry,ANG,1027_IWL_ANG_XX.wav,True,104682,1611608488000000000
/Users/jordanacle/Downloads/archive/Crema/1027_IWL_HAP_XX.wav,1027,happy,HAP,1027_IWL_HAP_XX.wav,True,73718,1611608488000000000
/Users/jordanacle/Downloads/archive/Crema/1027_IWL_NEU_XX.wav,1027,neutral,NEU,1027_IWL_NEU_XX.wav,True,82260,1611608488000000000
/Users/jordanacle/Downloads/archive/Crema/1027_IWW_ANG_XX.wav,1027,angry,ANG,1027_IWW_ANG_XX.wav,True,54498,1611608488000000000
/Users/jordanacle/Downloads/archive/Crema/1027_IWW_DIS_XX.wav,1027,disgust,DIS,1027_IWW_DIS_XX.wav,True,72650,1611608488000000000
/Users/jordanacle/Downloads/archive/Crema/1027_IWW_FEA_XX.wav,1027,fear,FEA,1027_IWW_FEA_XX.wav,True,66244,1611608488000000000
/Users/jordanacle/Downloads/archive/Crema/1027_IWW_HAP_XX.wav,1027,happy,HAP,1027_IWW_HAP_XX.wav,True,68378,1611608488000000000
/Users/jordanacle/Downloads/archive/Crema/1027_IWW_NEU_XX.wav,1027,neutral,NEU,1027_IWW_NEU_XX.wav,True,67312,1611608488000000000
/Users/jordanacle/Downloads/archive/Crema/1027_MTI_ANG_XX.wav,1027,angry,ANG,1027_MTI_ANG_XX.wav,True,65176,1611608488000000000
/Users/jordanacle/Downloads/archive/Crema/1027_MTI_DIS_XX.wav,1027,disgust,DIS,1027_MTI_DIS_XX.wav,True,90802,1611608488000000000
/Users/jordanacle/Downloads/archive/Crema/1027_MTI_FEA_XX.wav,1027,fear,FEA,1027_MTI_FEA_XX.wav,True,79056,1611608488000000000
/Users/jordanacle/Downloads/archive/Crema/1027_MTI_SAD_XX.wav,1027,sad,SAD,1027_MTI_SAD_XX.wav,True,70514,1611608488000000000
/Users/jordanacle/Downloads/archive/Crema/1027_MTI_HAP_XX.wav,1027,happy,HAP,1027_MTI_HAP_XX.wav,True,74786,1611608488000000000
/Users/jordanacle/Downloads/archive/Crema/1027_TAI_ANG_XX.wav,1027,angry,ANG,1027_TAI_ANG_XX.wav,True,105750,1611608488000000000
/Users/jordanacle/Downloads/archive/Crema/1027_TAI_DIS_XX.wav,1027,disgust,DIS,1027_TAI_DIS_XX.wav,True,81192,1611608488000000000
/Users/jordanacle/Downloads/archive/Crema/1027_TAI_FEA_XX.wav,1027,fear,FEA,1027_TAI_FEA_XX.wav,True,76920,1611608488000000000
/Users/jordanacle/Downloads/archive/Crema/1027_TAI_NEU_XX.wav,1027,neutral,NEU,1027_TAI_NEU_XX.wav,True,74786,1611608488000000000
/Users/jordanacle/Downloads/archive/Crema/1027_TAI_SAD_XX.wav,1027,sad,SAD,1027_TAI_SAD_XX.wav,True,75852,1611608488000000000
/Users/jordanacle/Downloads/archive/Crema/1027_TIE_DIS_XX.wav,1027,disgust,DIS,1027_TIE_DIS_XX.wav,True,121766,1611608488000000000
/Users/jordanacle/Downloads/archive/Crema/1027_TIE_ANG_XX.wav,1027,angry,ANG,1027_TIE_ANG_XX.wav,True,95072,1611608488000000000
/Users/jordanacle/Downloads/archive/Crema/1027_TIE_FEA_XX.wav,1027,fear,FEA,1027_TIE_FEA_XX.wav,True,94004,1611608488000000000
/Users/jordanacle/Downloads/archive/Crema/1027_TIE_NEU_XX.wav,1027,neutral,NEU,1027_TIE_NEU_XX.wav,True,86530,1611608490000000000
/Users/jordanacle/Downloads/archive/Crema/1027_TIE_SAD_XX.wav,1027,sad,SAD,1027_TIE_SAD_XX.wav,True,97208,1611608490000000000
/Users/jordanacle/Downloads/archive/Crema/1027_TSI_FEA_XX.wav,1027,fear,FEA,1027_TSI_FEA_XX.wav,True,89734,1611608490000000000
/Users/jordanacle/Downloads/archive/Crema/1027_TSI_DIS_XX.wav,1027,disgust,DIS,1027_TSI_DIS_XX.wav,True,96140,1611608490000000000
/Users/jordanacle/Downloads/archive/Crema/1027_TSI_HAP_XX.wav,1027,happy,HAP,1027_TSI_HAP_XX.wav,True,67312,1611608490000000000
/Users/jordanacle/Downloads/archive/Crema/1027_TSI_NEU_XX.wav,1027,neutral,NEU,1027_TSI_NEU_XX.wav,True,68378,1611608490000000000
/Users/jordanacle/Downloads/archive/Crema/1027_TSI_SAD_XX.wav,1027,sad,SAD,1027_TSI_SAD_XX.wav,True,76920,1611608490000000000
/Users/jordanacle/Downloads/archive/Crema/1027_WSI_ANG_XX.wav,1027,angry,ANG,1027_WSI_ANG_XX.wav,True,90802,1611608490000000000
/Users/jordanacle/Downloads/archive/Crema/1027_WSI_DIS_XX.wav,1027,disgust,DIS,1027_WSI_DIS_XX.wav,True,75852,1611608490000000000
/Users/jordanacle/Downloads/archive/Crema/1027_WSI_HAP_XX.wav,1027,happy,HAP,1027_WSI_HAP_XX.wav,True,68378,1611608490000000000
/Users/jordanacle/Downloads/archive/Crema/1027_WSI_FEA_XX.wav,1027,fear,FEA,1027_WSI_FEA_XX.wav,True,96140,1611608490000000000
/Users/jordanacle/Downloads/archive/Crema/1027_WSI_SAD_XX.wav,1027,sad,SAD,1027_WSI_SAD_XX.wav,True,79056,1611608490000000000
/Users/jordanacle/Downloads/archive/Crema/1028_DFA_ANG_XX.wav,1028,angry,ANG,1028_DFA_ANG_XX.wav,True,70514,1611608490000000000
/Users/jordanacle/Downloads/archive/Crema/1028_DFA_DIS_XX.wav,1028,disgust,DIS,1028_DFA_DIS_XX.wav,True,81192,1611608490000000000
/Users/jordanacle/Downloads/archive/Crema/1028_DFA_FEA_XX.wav,1028,fear,FEA,1028_DFA_FEA_XX.wav,True,72862,1611608490000000000
/Users/jordanacle/Downloads/archive/Crema/1028_DFA_HAP_XX.wav,1028,happy,HAP,1028_DFA_HAP_XX.wav,True,59836,1611608490000000000
/Users/jordanacle/Downloads/archive/Crema/1028_DFA_NEU_XX.wav,1028,neutral,NEU,1028_DFA_NEU_XX.wav,True,65176,1611608490000000000
/Users/jordanacle/Downloads/archive/Crema/1028_DFA_SAD_XX.wav,1028,sad,SAD,1028_DFA_SAD_XX.wav,True,82260,1611608490000000000
/Users/jordanacle/Downloads/archive/Crema/1028_IEO_ANG_HI.wav,1028,angry,ANG,1028_IEO_ANG_HI.wav,True,64108,1611608490000000000
/Users/jordanacle/Downloads/archive/Crema/1028_IEO_ANG_MD.wav,1028,angry,ANG,1028_IEO_ANG_MD.wav,True,65176,1611608490000000000
/Users/jordanacle/Downloads/archive/Crema/1028_IEO_DIS_HI.wav,1028,disgust,DIS,1028_IEO_DIS_HI.wav,True,64108,1611608490000000000
/Users/jordanacle/Downloads/archive/Crema/1028_IEO_DIS_MD.wav,1028,disgust,DIS,1028_IEO_DIS_MD.wav,True,72650,1611608490000000000
/Users/jordanacle/Downloads/archive/Crema/1028_IEO_DIS_LO.wav,1028,disgust,DIS,1028_IEO_DIS_LO.wav,True,56634,1611608490000000000
/Users/jordanacle/Downloads/archive/Crema/1028_IEO_FEA_HI.wav,1028,fear,FEA,1028_IEO_FEA_HI.wav,True,52362,1611608490000000000
/Users/jordanacle/Downloads/archive/Crema/1028_IEO_FEA_LO.wav,1028,fear,FEA,1028_IEO_FEA_LO.wav,True,57702,1611608490000000000
/Users/jordanacle/Downloads/archive/Crema/1028_IEO_FEA_MD.wav,1028,fear,FEA,1028_IEO_FEA_MD.wav,True,69446,1611608490000000000
/Users/jordanacle/Downloads/archive/Crema/1028_IEO_HAP_LO.wav,1028,happy,HAP,1028_IEO_HAP_LO.wav,True,49160,1611608490000000000
/Users/jordanacle/Downloads/archive/Crema/1028_IEO_HAP_MD.wav,1028,happy,HAP,1028_IEO_HAP_MD.wav,True,57702,1611608490000000000
/Users/jordanacle/Downloads/archive/Crema/1028_IEO_SAD_HI.wav,1028,sad,SAD,1028_IEO_SAD_HI.wav,True,85462,1611608490000000000
/Users/jordanacle/Downloads/archive/Crema/1028_IEO_NEU_XX.wav,1028,neutral,NEU,1028_IEO_NEU_XX.wav,True,52362,1611608490000000000
/Users/jordanacle/Downloads/archive/Crema/1028_IEO_SAD_MD.wav,1028,sad,SAD,1028_IEO_SAD_MD.wav,True,72650,1611608490000000000
/Users/jordanacle/Downloads/archive/Crema/1028_IOM_DIS_XX.wav,1028,disgust,DIS,1028_IOM_DIS_XX.wav,True,75852,1611608490000000000
/Users/jordanacle/Downloads/archive/Crema/1028_IOM_FEA_XX.wav,1028,fear,FEA,1028_IOM_FEA_XX.wav,True,72650,1611608490000000000
/Users/jordanacle/Downloads/archive/Crema/1028_IOM_HAP_XX.wav,1028,happy,HAP,1028_IOM_HAP_XX.wav,True,65176,1611608490000000000
/Users/jordanacle/Downloads/archive/Crema/1028_IOM_NEU_XX.wav,1028,neutral,NEU,1028_IOM_NEU_XX.wav,True,65176,1611608490000000000
/Users/jordanacle/Downloads/archive/Crema/1028_IOM_SAD_XX.wav,1028,sad,SAD,1028_IOM_SAD_XX.wav,True,73718,1611608490000000000
/Users/jordanacle/Downloads/archive/Crema/1028_ITH_ANG_XX.wav,1028,angry,ANG,1028_ITH_ANG_XX.wav,True,83328,1611608490000000000
/Users/jordanacle/Downloads/archive/Crema/1028_ITH_DIS_XX.wav,1028,disgust,DIS,1028_ITH_DIS_XX.wav,True,98276,1611608490000000000
/Users/jordanacle/Downloads/archive/Crema/1028_ITH_FEA_XX.wav,1028,fear,FEA,1028_ITH_FEA_XX.wav,True,99344,1611608490000000000
/Users/jordanacle/Downloads/archive/Crema/1028_ITH_NEU_XX.wav,1028,neutral,NEU,1028_ITH_NEU_XX.wav,True,104682,1611608490000000000
/Users/jordanacle/Downloads/archive/Crema/1028_ITH_SAD_XX.wav,1028,sad,SAD,1028_ITH_SAD_XX.wav,True,99344,1611608490000000000
/Users/jordanacle/Downloads/archive/Crema/1028_ITS_ANG_XX.wav,1028,angry,ANG,1028_ITS_ANG_XX.wav,True,86530,1611608490000000000
/Users/jordanacle/Downloads/archive/Crema/1028_ITS_DIS_XX.wav,1028,disgust,DIS,1028_ITS_DIS_XX.wav,True,92936,1611608490000000000
/Users/jordanacle/Downloads/archive/Crema/1028_ITS_FEA_XX.wav,1028,fear,FEA,1028_ITS_FEA_XX.wav,True,89734,1611608490000000000
/Users/jordanacle/Downloads/archive/Crema/1028_ITS_HAP_XX.wav,1028,happy,HAP,1028_ITS_HAP_XX.wav,True,77988,1611608490000000000
/Users/jordanacle/Downloads/archive/Crema/1028_ITS_NEU_XX.wav,1028,neutral,NEU,1028_ITS_NEU_XX.wav,True,90802,1611608490000000000
/Users/jordanacle/Downloads/archive/Crema/1028_ITS_SAD_XX.wav,1028,sad,SAD,1028_ITS_SAD_XX.wav,True,71582,1611608490000000000
/Users/jordanacle/Downloads/archive/Crema/1028_IWL_ANG_XX.wav,1028,angry,ANG,1028_IWL_ANG_XX.wav,True,86530,1611608490000000000
/Users/jordanacle/Downloads/archive/Crema/1028_IWL_HAP_XX.wav,1028,happy,HAP,1028_IWL_HAP_XX.wav,True,69446,1611608490000000000
/Users/jordanacle/Downloads/archive/Crema/1028_IWL_NEU_XX.wav,1028,neutral,NEU,1028_IWL_NEU_XX.wav,True,83328,1611608490000000000
/Users/jordanacle/Downloads/archive/Crema/1028_IWW_ANG_XX.wav,1028,angry,ANG,1028_IWW_ANG_XX.wav,True,76920,1611608490000000000
/Users/jordanacle/Downloads/archive/Crema/1028_IWW_HAP_XX.wav,1028,happy,HAP,1028_IWW_HAP_XX.wav,True,69446,1611608490000000000
/Users/jordanacle/Downloads/archive/Crema/1028_MTI_DIS_XX.wav,1028,disgust,DIS,1028_MTI_DIS_XX.wav,True,94004,1611608490000000000
/Users/jordanacle/Downloads/archive/Crema/1028_MTI_ANG_XX.wav,1028,angry,ANG,1028_MTI_ANG_XX.wav,True,83328,1611608490000000000
/Users/jordanacle/Downloads/archive/Crema/1028_IWW_NEU_XX.wav,1028,neutral,NEU,1028_IWW_NEU_XX.wav,True,82260,1611608490000000000
/Users/jordanacle/Downloads/archive/Crema/1028_MTI_FEA_XX.wav,1028,fear,FEA,1028_MTI_FEA_XX.wav,True,99344,1611608490000000000
/Users/jordanacle/Downloads/archive/Crema/1028_MTI_HAP_XX.wav,1028,happy,HAP,1028_MTI_HAP_XX.wav,True,86530,1611608490000000000
/Users/jordanacle/Downloads/archive/Crema/1028_MTI_SAD_XX.wav,1028,sad,SAD,1028_MTI_SAD_XX.wav,True,110020,1611608490000000000
/Users/jordanacle/Downloads/archive/Crema/1028_TAI_ANG_XX.wav,1028,angry,ANG,1028_TAI_ANG_XX.wav,True,81192,1611608490000000000
/Users/jordanacle/Downloads/archive/Crema/1028_TAI_DIS_XX.wav,1028,disgust,DIS,1028_TAI_DIS_XX.wav,True,85462,1611608490000000000
/Users/jordanacle/Downloads/archive/Crema/1028_TAI_FEA_XX.wav,1028,fear,FEA,1028_TAI_FEA_XX.wav,True,91868,1611608490000000000
/Users/jordanacle/Downloads/archive/Crema/1028_TAI_HAP_XX.wav,1028,happy,HAP,1028_TAI_HAP_XX.wav,True,64108,1611608490000000000
/Users/jordanacle/Downloads/archive/Crema/1028_TAI_NEU_XX.wav,1028,neutral,NEU,1028_TAI_NEU_XX.wav,True,91868,1611608490000000000
/Users/jordanacle/Downloads/archive/Crema/1028_TAI_SAD_XX.wav,1028,sad,SAD,1028_TAI_SAD_XX.wav,True,97208,1611608490000000000
/Users/jordanacle/Downloads/archive/Crema/1028_TIE_DIS_XX.wav,1028,disgust,DIS,1028_TIE_DIS_XX.wav,True,100410,1611608490000000000
/Users/jordanacle/Downloads/archive/Crema/1028_TIE_ANG_XX.wav,1028,angry,ANG,1028_TIE_ANG_XX.wav,True,101478,1611608490000000000
/Users/jordanacle/Downloads/archive/Crema/1028_TIE_FEA_XX.wav,1028,fear,FEA,1028_TIE_FEA_XX.wav,True,111088,1611608490000000000
/Users/jordanacle/Downloads/archive/Crema/1028_TIE_NEU_XX.wav,1028,neutral,NEU,1028_TIE_NEU_XX.wav,True,83328,1611608490000000000
/Users/jordanacle/Downloads/archive/Crema/1028_TIE_SAD_XX.wav,1028,sad,SAD,1028_TIE_SAD_XX.wav,True,108952,1611608490000000000
/Users/jordanacle/Downloads/archive/Crema/1028_TSI_DIS_XX.wav,1028,disgust,DIS,1028_TSI_DIS_XX.wav,True,77988,1611608490000000000
/Users/jordanacle/Downloads/archive/Crema/1028_TSI_FEA_XX.wav,1028,fear,FEA,1028_TSI_FEA_XX.wav,True,77988,1611608490000000000
/Users/jordanacle/Downloads/archive/Crema/1028_TSI_HAP_XX.wav,1028,happy,HAP,1028_TSI_HAP_XX.wav,True,69446,1611608490000000000
/Users/jordanacle/Downloads/archive/Crema/1028_TSI_NEU_XX.wav,1028,neutral,NEU,1028_TSI_NEU_XX.wav,True,88666,1611608490000000000
/Users/jordanacle/Downloads/archive/Crema/1028_TSI_SAD_XX.wav,1028,sad,SAD,1028_TSI_SAD_XX.wav,True,76920,1611608490000000000
/Users/jordanacle/Downloads/archive/Crema/1028_WSI_ANG_XX.wav,1028,angry,ANG,1028_WSI_ANG_XX.wav,True,94004,1611608490000000000
/Users/jordanacle/Downloads/archive/Crema/1028_WSI_FEA_XX.wav,1028,fear,FEA,1028_WSI_FEA_XX.wav,True,88666,1611608490000000000
/Users/jordanacle/Downloads/archive/Crema/1028_WSI_DIS_XX.wav,1028,disgust,DIS,1028_WSI_DIS_XX.wav,True,87598,1611608490000000000
/Users/jordanacle/Downloads/archive/Crema/1028_WSI_HAP_XX.wav,1028,happy,HAP,1028_WSI_HAP_XX.wav,True,76920,1611608490000000000
/Users/jordanacle/Downloads/archive/Crema/1028_WSI_SAD_XX.wav,1028,sad,SAD,1028_WSI_SAD_XX.wav,True,80124,1611608490000000000
/Users/jordanacle/Downloads/archive/Crema/1029_DFA_ANG_XX.wav,1029,angry,ANG,1029_DFA_ANG_XX.wav,True,70514,1611608490000000000
/Users/jordanacle/Downloads/archive/Crema/1029_DFA_DIS_XX.wav,1029,disgust,DIS,1029_DFA_DIS_XX.wav,True,59836,1611608490000000000
/Users/jordanacle/Downloads/archive/Crema/1029_DFA_HAP_XX.wav,1029,happy,HAP,1029_DFA_HAP_XX.wav,True,60904,1611608490000000000
/Users/jordanacle/Downloads/archive/Crema/1029_DFA_FEA_XX.wav,1029,fear,FEA,1029_DFA_FEA_XX.wav,True,67312,1611608490000000000
/Users/jordanacle/Downloads/archive/Crema/1029_DFA_SAD_XX.wav,1029,sad,SAD,1029_DFA_SAD_XX.wav,True,51296,1611608490000000000
/Users/jordanacle/Downloads/archive/Crema/1029_IEO_ANG_HI.wav,1029,angry,ANG,1029_IEO_ANG_HI.wav,True,67312,1611608490000000000
/Users/jordanacle/Downloads/archive/Crema/1029_IEO_ANG_MD.wav,1029,angry,ANG,1029_IEO_ANG_MD.wav,True,49160,1611608490000000000
/Users/jordanacle/Downloads/archive/Crema/1029_IEO_DIS_LO.wav,1029,disgust,DIS,1029_IEO_DIS_LO.wav,True,66244,1611608490000000000
/Users/jordanacle/Downloads/archive/Crema/1029_IEO_DIS_HI.wav,1029,disgust,DIS,1029_IEO_DIS_HI.wav,True,66244,1611608490000000000
/Users/jordanacle/Downloads/archive/Crema/1029_IEO_DIS_MD.wav,1029,disgust,DIS,1029_IEO_DIS_MD.wav,True,58770,1611608490000000000
/Users/jordanacle/Downloads/archive/Crema/1029_IEO_FEA_HI.wav,1029,fear,FEA,1029_IEO_FEA_HI.wav,True,60904,1611608490000000000
/Users/jordanacle/Downloads/archive/Crema/1029_IEO_FEA_MD.wav,1029,fear,FEA,1029_IEO_FEA_MD.wav,True,56634,1611608490000000000
/Users/jordanacle/Downloads/archive/Crema/1029_IEO_FEA_LO.wav,1029,fear,FEA,1029_IEO_FEA_LO.wav,True,52362,1611608490000000000
/Users/jordanacle/Downloads/archive/Crema/1029_IEO_HAP_LO.wav,1029,happy,HAP,1029_IEO_HAP_LO.wav,True,49160,1611608490000000000
/Users/jordanacle/Downloads/archive/Crema/1029_IEO_HAP_MD.wav,1029,happy,HAP,1029_IEO_HAP_MD.wav,True,60904,1611608490000000000
/Users/jordanacle/Downloads/archive/Crema/1029_IEO_NEU_XX.wav,1029,neutral,NEU,1029_IEO_NEU_XX.wav,True,76920,1611608490000000000
/Users/jordanacle/Downloads/archive/Crema/1029_IEO_SAD_HI.wav,1029,sad,SAD,1029_IEO_SAD_HI.wav,True,90802,1611608490000000000
/Users/jordanacle/Downloads/archive/Crema/1029_IEO_SAD_LO.wav,1029,sad,SAD,1029_IEO_SAD_LO.wav,True,56634,1611608490000000000
/Users/jordanacle/Downloads/archive/Crema/1029_IEO_SAD_MD.wav,1029,sad,SAD,1029_IEO_SAD_MD.wav,True,84394,1611608490000000000
/Users/jordanacle/Downloads/archive/Crema/1029_IOM_ANG_XX.wav,1029,angry,ANG,1029_IOM_ANG_XX.wav,True,59836,1611608490000000000
/Users/jordanacle/Downloads/archive/Crema/1029_IOM_DIS_XX.wav,1029,disgust,DIS,1029_IOM_DIS_XX.wav,True,72862,1611608490000000000
/Users/jordanacle/Downloads/archive/Crema/1029_IOM_FEA_XX.wav,1029,fear,FEA,1029_IOM_FEA_XX.wav,True,58770,1611608490000000000
/Users/jordanacle/Downloads/archive/Crema/1029_IOM_NEU_XX.wav,1029,neutral,NEU,1029_IOM_NEU_XX.wav,True,58770,1611608490000000000
/Users/jordanacle/Downloads/archive/Crema/1029_ITH_ANG_XX.wav,1029,angry,ANG,1029_ITH_ANG_XX.wav,True,86530,1611608490000000000
/Users/jordanacle/Downloads/archive/Crema/1029_IOM_HAP_XX.wav,1029,happy,HAP,1029_IOM_HAP_XX.wav,True,77988,1611608490000000000
/Users/jordanacle/Downloads/archive/Crema/1029_IOM_SAD_XX.wav,1029,sad,SAD,1029_IOM_SAD_XX.wav,True,70514,1611608490000000000
/Users/jordanacle/Downloads/archive/Crema/1029_ITH_DIS_XX.wav,1029,disgust,DIS,1029_ITH_DIS_XX.wav,True,75852,1611608490000000000
/Users/jordanacle/Downloads/archive/Crema/1029_ITH_FEA_XX.wav,1029,fear,FEA,1029_ITH_FEA_XX.wav,True,70514,1611608490000000000
/Users/jordanacle/Downloads/archive/Crema/1029_ITH_NEU_XX.wav,1029,neutral,NEU,1029_ITH_NEU_XX.wav,True,77988,1611608490000000000
/Users/jordanacle/Downloads/archive/Crema/1029_ITH_SAD_XX.wav,1029,sad,SAD,1029_ITH_SAD_XX.wav,True,104682,1611608490000000000
/Users/jordanacle/Downloads/archive/Crema/1029_ITS_ANG_XX.wav,1029,angry,ANG,1029_ITS_ANG_XX.wav,True,74786,1611608490000000000
/Users/jordanacle/Downloads/archive/Crema/1029_ITS_DIS_XX.wav,1029,disgust,DIS,1029_ITS_DIS_XX.wav,True,72862,1611608490000000000
/Users/jordanacle/Downloads/archive/Crema/1029_ITS_FEA_XX.wav,1029,fear,FEA,1029_ITS_FEA_XX.wav,True,74786,1611608490000000000
/Users/jordanacle/Downloads/archive/Crema/1029_ITS_NEU_XX.wav,1029,neutral,NEU,1029_ITS_NEU_XX.wav,True,60904,1611608490000000000
/Users/jordanacle/Downloads/archive/Crema/1029_ITS_SAD_XX.wav,1029,sad,SAD,1029_ITS_SAD_XX.wav,True,90802,1611608490000000000
/Users/jordanacle/Downloads/archive/Crema/1029_IWL_HAP_XX.wav,1029,happy,HAP,1029_IWL_HAP_XX.wav,True,99344,1611608490000000000
/Users/jordanacle/Downloads/archive/Crema/1029_IWL_ANG_XX.wav,1029,angry,ANG,1029_IWL_ANG_XX.wav,True,85462,1611608490000000000
/Users/jordanacle/Downloads/archive/Crema/1029_IWL_NEU_XX.wav,1029,neutral,NEU,1029_IWL_NEU_XX.wav,True,82260,1611608490000000000
/Users/jordanacle/Downloads/archive/Crema/1029_IWW_ANG_XX.wav,1029,angry,ANG,1029_IWW_ANG_XX.wav,True,68378,1611608490000000000
/Users/jordanacle/Downloads/archive/Crema/1029_IWW_FEA_XX.wav,1029,fear,FEA,1029_IWW_FEA_XX.wav,True,76920,1611608490000000000
/Users/jordanacle/Downloads/archive/Crema/1029_IWW_HAP_XX.wav,1029,happy,HAP,1029_IWW_HAP_XX.wav,True,72862,1611608490000000000
/Users/jordanacle/Downloads/archive/Crema/1029_IWW_NEU_XX.wav,1029,neutral,NEU,1029_IWW_NEU_XX.wav,True,57702,1611608490000000000
/Users/jordanacle/Downloads/archive/Crema/1029_MTI_ANG_XX.wav,1029,angry,ANG,1029_MTI_ANG_XX.wav,True,100410,1611608490000000000
/Users/jordanacle/Downloads/archive/Crema/1029_MTI_DIS_XX.wav,1029,disgust,DIS,1029_MTI_DIS_XX.wav,True,74786,1611608490000000000
/Users/jordanacle/Downloads/archive/Crema/1029_MTI_HAP_XX.wav,1029,happy,HAP,1029_MTI_HAP_XX.wav,True,100410,1611608490000000000
/Users/jordanacle/Downloads/archive/Crema/1029_MTI_SAD_XX.wav,1029,sad,SAD,1029_MTI_SAD_XX.wav,True,112156,1611608490000000000
/Users/jordanacle/Downloads/archive/Crema/1029_MTI_FEA_XX.wav,1029,fear,FEA,1029_MTI_FEA_XX.wav,True,116426,1611608490000000000
/Users/jordanacle/Downloads/archive/Crema/1029_TAI_ANG_XX.wav,1029,angry,ANG,1029_TAI_ANG_XX.wav,True,92936,1611608490000000000
/Users/jordanacle/Downloads/archive/Crema/1029_TAI_FEA_XX.wav,1029,fear,FEA,1029_TAI_FEA_XX.wav,True,117494,1611608490000000000
/Users/jordanacle/Downloads/archive/Crema/1029_TAI_DIS_XX.wav,1029,disgust,DIS,1029_TAI_DIS_XX.wav,True,75852,1611608490000000000
/Users/jordanacle/Downloads/archive/Crema/1029_TAI_NEU_XX.wav,1029,neutral,NEU,1029_TAI_NEU_XX.wav,True,58770,1611608490000000000
/Users/jordanacle/Downloads/archive/Crema/1029_TAI_SAD_XX.wav,1029,sad,SAD,1029_TAI_SAD_XX.wav,True,74786,1611608490000000000
/Users/jordanacle/Downloads/archive/Crema/1029_TIE_ANG_XX.wav,1029,angry,ANG,1029_TIE_ANG_XX.wav,True,84394,1611608490000000000
/Users/jordanacle/Downloads/archive/Crema/1029_TIE_DIS_XX.wav,1029,disgust,DIS,1029_TIE_DIS_XX.wav,True,77988,1611608490000000000
/Users/jordanacle/Downloads/archive/Crema/1029_TIE_FEA_XX.wav,1029,fear,FEA,1029_TIE_FEA_XX.wav,True,79056,1611608490000000000
/Users/jordanacle/Downloads/archive/Crema/1029_TIE_SAD_XX.wav,1029,sad,SAD,1029_TIE_SAD_XX.wav,True,98276,1611608490000000000
/Users/jordanacle/Downloads/archive/Crema/1029_TSI_DIS_XX.wav,1029,disgust,DIS,1029_TSI_DIS_XX.wav,True,67312,1611608490000000000
/Users/jordanacle/Downloads/archive/Crema/1029_TIE_NEU_XX.wav,1029,neutral,NEU,1029_TIE_NEU_XX.wav,True,82260,1611608490000000000
/Users/jordanacle/Downloads/archive/Crema/1029_TSI_FEA_XX.wav,1029,fear,FEA,1029_TSI_FEA_XX.wav,True,68378,1611608490000000000
/Users/jordanacle/Downloads/archive/Crema/1029_TSI_HAP_XX.wav,1029,happy,HAP,1029_TSI_HAP_XX.wav,True,57702,1611608490000000000
/Users/jordanacle/Downloads/archive/Crema/1029_TSI_NEU_XX.wav,1029,neutral,NEU,1029_TSI_NEU_XX.wav,True,57702,1611608490000000000
/Users/jordanacle/Downloads/archive/Crema/1029_TSI_SAD_XX.wav,1029,sad,SAD,1029_TSI_SAD_XX.wav,True,60904,1611608490000000000
/Users/jordanacle/Downloads/archive/Crema/1029_WSI_DIS_XX.wav,1029,disgust,DIS,1029_WSI_DIS_XX.wav,True,65176,1611608490000000000
/Users/jordanacle/Downloads/archive/Crema/1029_WSI_FEA_XX.wav,1029,fear,FEA,1029_WSI_FEA_XX.wav,True,77988,1611608490000000000
/Users/jordanacle/Downloads/archive/Crema/1029_WSI_ANG_XX.wav,1029,angry,ANG,1029_WSI_ANG_XX.wav,True,80124,1611608490000000000
/Users/jordanacle/Downloads/archive/Crema/1029_WSI_SAD_XX.wav,1029,sad,SAD,1029_WSI_SAD_XX.wav,True,83328,1611608490000000000
/Users/jordanacle/Downloads/archive/Crema/1029_WSI_HAP_XX.wav,1029,happy,HAP,1029_WSI_HAP_XX.wav,True,74786,1611608490000000000
/Users/jordanacle/Downloads/archive/Crema/1030_DFA_ANG_XX.wav,1030,angry,ANG,1030_DFA_ANG_XX.wav,True,72650,1611608490000000000
/Users/jordanacle/Downloads/archive/Crema/1030_DFA_DIS_XX.wav,1030,disgust,DIS,1030_DFA_DIS_XX.wav,True,77988,1611608490000000000
/Users/jordanacle/Downloads/archive/Crema/1030_DFA_FEA_XX.wav,1030,fear,FEA,1030_DFA_FEA_XX.wav,True,95072,1611608490000000000
/Users/jordanacle/Downloads/archive/Crema/1030_DFA_SAD_XX.wav,1030,sad,SAD,1030_DFA_SAD_XX.wav,True,111088,1611608490000000000
/Users/jordanacle/Downloads/archive/Crema/1030_DFA_NEU_XX.wav,1030,neutral,NEU,1030_DFA_NEU_XX.wav,True,76920,1611608490000000000
/Users/jordanacle/Downloads/archive/Crema/1030_IEO_ANG_HI.wav,1030,angry,ANG,1030_IEO_ANG_HI.wav,True,74786,1611608490000000000
/Users/jordanacle/Downloads/archive/Crema/1030_IEO_ANG_LO.wav,1030,angry,ANG,1030_IEO_ANG_LO.wav,True,66244,1611608490000000000
/Users/jordanacle/Downloads/archive/Crema/1030_IEO_ANG_MD.wav,1030,angry,ANG,1030_IEO_ANG_MD.wav,True,85462,1611608490000000000
/Users/jordanacle/Downloads/archive/Crema/1030_IEO_DIS_LO.wav,1030,disgust,DIS,1030_IEO_DIS_LO.wav,True,56634,1611608490000000000
/Users/jordanacle/Downloads/archive/Crema/1030_IEO_DIS_HI.wav,1030,disgust,DIS,1030_IEO_DIS_HI.wav,True,61972,1611608490000000000
/Users/jordanacle/Downloads/archive/Crema/1030_IEO_DIS_MD.wav,1030,disgust,DIS,1030_IEO_DIS_MD.wav,True,61972,1611608490000000000
/Users/jordanacle/Downloads/archive/Crema/1030_IEO_FEA_HI.wav,1030,fear,FEA,1030_IEO_FEA_HI.wav,True,64108,1611608490000000000
/Users/jordanacle/Downloads/archive/Crema/1030_IEO_FEA_LO.wav,1030,fear,FEA,1030_IEO_FEA_LO.wav,True,48092,1611608490000000000
/Users/jordanacle/Downloads/archive/Crema/1030_IEO_FEA_MD.wav,1030,fear,FEA,1030_IEO_FEA_MD.wav,True,63040,1611608490000000000
/Users/jordanacle/Downloads/archive/Crema/1030_IEO_HAP_HI.wav,1030,happy,HAP,1030_IEO_HAP_HI.wav,True,60904,1611608490000000000
/Users/jordanacle/Downloads/archive/Crema/1030_IEO_HAP_LO.wav,1030,happy,HAP,1030_IEO_HAP_LO.wav,True,50228,1611608490000000000
/Users/jordanacle/Downloads/archive/Crema/1030_IEO_NEU_XX.wav,1030,neutral,NEU,1030_IEO_NEU_XX.wav,True,57702,1611608490000000000
/Users/jordanacle/Downloads/archive/Crema/1030_IEO_SAD_MD.wav,1030,sad,SAD,1030_IEO_SAD_MD.wav,True,61972,1611608490000000000
/Users/jordanacle/Downloads/archive/Crema/1030_IEO_SAD_HI.wav,1030,sad,SAD,1030_IEO_SAD_HI.wav,True,94004,1611608490000000000
/Users/jordanacle/Downloads/archive/Crema/1030_IOM_ANG_XX.wav,1030,angry,ANG,1030_IOM_ANG_XX.wav,True,89734,1611608490000000000
/Users/jordanacle/Downloads/archive/Crema/1030_IOM_HAP_XX.wav,1030,happy,HAP,1030_IOM_HAP_XX.wav,True,66244,1611608490000000000
/Users/jordanacle/Downloads/archive/Crema/1030_IOM_NEU_XX.wav,1030,neutral,NEU,1030_IOM_NEU_XX.wav,True,81192,1611608490000000000
/Users/jordanacle/Downloads/archive/Crema/1030_ITH_ANG_XX.wav,1030,angry,ANG,1030_ITH_ANG_XX.wav,True,98276,1611608490000000000
/Users/jordanacle/Downloads/archive/Crema/1030_ITH_DIS_XX.wav,1030,disgust,DIS,1030_ITH_DIS_XX.wav,True,98276,1611608490000000000
/Users/jordanacle/Downloads/archive/Crema/1030_ITH_HAP_XX.wav,1030,happy,HAP,1030_ITH_HAP_XX.wav,True,77988,1611608490000000000
/Users/jordanacle/Downloads/archive/Crema/1030_ITH_FEA_XX.wav,1030,fear,FEA,1030_ITH_FEA_XX.wav,True,82260,1611608490000000000
/Users/jordanacle/Downloads/archive/Crema/1030_ITH_SAD_XX.wav,1030,sad,SAD,1030_ITH_SAD_XX.wav,True,112156,1611608490000000000
/Users/jordanacle/Downloads/archive/Crema/1030_ITS_FEA_XX.wav,1030,fear,FEA,1030_ITS_FEA_XX.wav,True,81192,1611608490000000000
/Users/jordanacle/Downloads/archive/Crema/1030_ITS_DIS_XX.wav,1030,disgust,DIS,1030_ITS_DIS_XX.wav,True,91868,1611608490000000000
/Users/jordanacle/Downloads/archive/Crema/1030_ITS_ANG_XX.wav,1030,angry,ANG,1030_ITS_ANG_XX.wav,True,74786,1611608490000000000
/Users/jordanacle/Downloads/archive/Crema/1030_ITS_HAP_XX.wav,1030,happy,HAP,1030_ITS_HAP_XX.wav,True,86530,1611608490000000000
/Users/jordanacle/Downloads/archive/Crema/1030_ITS_SAD_XX.wav,1030,sad,SAD,1030_ITS_SAD_XX.wav,True,89734,1611608490000000000
/Users/jordanacle/Downloads/archive/Crema/1030_IWL_ANG_XX.wav,1030,angry,ANG,1030_IWL_ANG_XX.wav,True,96140,1611608490000000000
/Users/jordanacle/Downloads/archive/Crema/1030_IWL_DIS_XX.wav,1030,disgust,DIS,1030_IWL_DIS_XX.wav,True,90802,1611608490000000000
/Users/jordanacle/Downloads/archive/Crema/1030_IWL_FEA_XX.wav,1030,fear,FEA,1030_IWL_FEA_XX.wav,True,87598,1611608490000000000
/Users/jordanacle/Downloads/archive/Crema/1030_IWL_NEU_XX.wav,1030,neutral,NEU,1030_IWL_NEU_XX.wav,True,75852,1611608490000000000
/Users/jordanacle/Downloads/archive/Crema/1030_IWL_HAP_XX.wav,1030,happy,HAP,1030_IWL_HAP_XX.wav,True,73718,1611608490000000000
/Users/jordanacle/Downloads/archive/Crema/1030_IWL_SAD_XX.wav,1030,sad,SAD,1030_IWL_SAD_XX.wav,True,124968,1611608490000000000
/Users/jordanacle/Downloads/archive/Crema/1030_IWW_FEA_XX.wav,1030,fear,FEA,1030_IWW_FEA_XX.wav,True,86530,1611608490000000000
/Users/jordanacle/Downloads/archive/Crema/1030_IWW_DIS_XX.wav,1030,disgust,DIS,1030_IWW_DIS_XX.wav,True,84394,1611608490000000000
/Users/jordanacle/Downloads/archive/Crema/1030_IWW_HAP_XX.wav,1030,happy,HAP,1030_IWW_HAP_XX.wav,True,88666,1611608490000000000
/Users/jordanacle/Downloads/archive/Crema/1030_IWW_NEU_XX.wav,1030,neutral,NEU,1030_IWW_NEU_XX.wav,True,65176,1611608490000000000
/Users/jordanacle/Downloads/archive/Crema/1030_IWW_SAD_XX.wav,1030,sad,SAD,1030_IWW_SAD_XX.wav,True,102546,1611608490000000000
/Users/jordanacle/Downloads/archive/Crema/1030_MTI_DIS_XX.wav,1030,disgust,DIS,1030_MTI_DIS_XX.wav,True,98276,1611608490000000000
/Users/jordanacle/Downloads/archive/Crema/1030_MTI_ANG_XX.wav,1030,angry,ANG,1030_MTI_ANG_XX.wav,True,91868,1611608490000000000
/Users/jordanacle/Downloads/archive/Crema/1030_MTI_FEA_XX.wav,1030,fear,FEA,1030_MTI_FEA_XX.wav,True,96140,1611608490000000000
/Users/jordanacle/Downloads/archive/Crema/1030_MTI_NEU_XX.wav,1030,neutral,NEU,1030_MTI_NEU_XX.wav,True,73718,1611608490000000000
/Users/jordanacle/Downloads/archive/Crema/1030_MTI_SAD_XX.wav,1030,sad,SAD,1030_MTI_SAD_XX.wav,True,127104,1611608490000000000
/Users/jordanacle/Downloads/archive/Crema/1030_TAI_DIS_XX.wav,1030,disgust,DIS,1030_TAI_DIS_XX.wav,True,122834,1611608490000000000
/Users/jordanacle/Downloads/archive/Crema/1030_TAI_ANG_XX.wav,1030,angry,ANG,1030_TAI_ANG_XX.wav,True,98276,1611608490000000000
/Users/jordanacle/Downloads/archive/Crema/1030_TAI_HAP_XX.wav,1030,happy,HAP,1030_TAI_HAP_XX.wav,True,80124,1611608490000000000
/Users/jordanacle/Downloads/archive/Crema/1030_TAI_FEA_XX.wav,1030,fear,FEA,1030_TAI_FEA_XX.wav,True,102546,1611608490000000000
/Users/jordanacle/Downloads/archive/Crema/1030_TAI_SAD_XX.wav,1030,sad,SAD,1030_TAI_SAD_XX.wav,True,132442,1611608490000000000
/Users/jordanacle/Downloads/archive/Crema/1030_TIE_DIS_XX.wav,1030,disgust,DIS,1030_TIE_DIS_XX.wav,True,99344,1611608490000000000
/Users/jordanacle/Downloads/archive/Crema/1030_TIE_ANG_XX.wav,1030,angry,ANG,1030_TIE_ANG_XX.wav,True,107884,1611608490000000000
/Users/jordanacle/Downloads/archive/Crema/1030_TIE_FEA_XX.wav,1030,fear,FEA,1030_TIE_FEA_XX.wav,True,96140,1611608490000000000
/Users/jordanacle/Downloads/archive/Crema/1030_TIE_HAP_XX.wav,1030,happy,HAP,1030_TIE_HAP_XX.wav,True,88666,1611608490000000000
/Users/jordanacle/Downloads/archive/Crema/1030_TIE_SAD_XX.wav,1030,sad,SAD,1030_TIE_SAD_XX.wav,True,98276,1611608490000000000
/Users/jordanacle/Downloads/archive/Crema/1030_TSI_ANG_XX.wav,1030,angry,ANG,1030_TSI_ANG_XX.wav,True,77988,1611608490000000000
/Users/jordanacle/Downloads/archive/Crema/1030_TSI_DIS_XX.wav,1030,disgust,DIS,1030_TSI_DIS_XX.wav,True,84394,1611608490000000000
/Users/jordanacle/Downloads/archive/Crema/1030_TSI_FEA_XX.wav,1030,fear,FEA,1030_TSI_FEA_XX.wav,True,72650,1611608490000000000
/Users/jordanacle/Downloads/archive/Crema/1030_TSI_HAP_XX.wav,1030,happy,HAP,1030_TSI_HAP_XX.wav,True,86530,1611608490000000000
/Users/jordanacle/Downloads/archive/Crema/1030_TSI_NEU_XX.wav,1030,neutral,NEU,1030_TSI_NEU_XX.wav,True,68378,1611608490000000000
/Users/jordanacle/Downloads/archive/Crema/1030_WSI_ANG_XX.wav,1030,angry,ANG,1030_WSI_ANG_XX.wav,True,95072,1611608490000000000
/Users/jordanacle/Downloads/archive/Crema/1030_WSI_DIS_XX.wav,1030,disgust,DIS,1030_WSI_DIS_XX.wav,True,100410,1611608490000000000
/Users/jordanacle/Downloads/archive/Crema/1030_WSI_FEA_XX.wav,1030,fear,FEA,1030_WSI_FEA_XX.wav,True,94004,1611608490000000000
/Users/jordanacle/Downloads/archive/Crema/1030_WSI_SAD_XX.wav,1030,sad,SAD,1030_WSI_SAD_XX.wav,True,84394,1611608490000000000
/Users/jordanacle/Downloads/archive/Crema/1031_DFA_ANG_XX.wav,1031,angry,ANG,1031_DFA_ANG_XX.wav,True,69446,1611608490000000000
/Users/jordanacle/Downloads/archive/Crema/1030_WSI_NEU_XX.wav,1030,neutral,NEU,1030_WSI_NEU_XX.wav,True,69446,1611608490000000000
/Users/jordanacle/Downloads/archive/Crema/1031_DFA_DIS_XX.wav,1031,disgust,DIS,1031_DFA_DIS_XX.wav,True,67312,1611608490000000000
/Users/jordanacle/Downloads/archive/Crema/1031_DFA_HAP_XX.wav,1031,happy,HAP,1031_DFA_HAP_XX.wav,True,76920,1611608490000000000
/Users/jordanacle/Downloads/archive/Crema/1031_DFA_FEA_XX.wav,1031,fear,FEA,1031_DFA_FEA_XX.wav,True,68378,1611608490000000000
/Users/jordanacle/Downloads/archive/Crema/1031_DFA_NEU_XX.wav,1031,neutral,NEU,1031_DFA_NEU_XX.wav,True,76920,1611608490000000000
/Users/jordanacle/Downloads/archive/Crema/1031_DFA_SAD_XX.wav,1031,sad,SAD,1031_DFA_SAD_XX.wav,True,76920,1611608490000000000
/Users/jordanacle/Downloads/archive/Crema/1031_IEO_ANG_HI.wav,1031,angry,ANG,1031_IEO_ANG_HI.wav,True,76920,1611608490000000000
/Users/jordanacle/Downloads/archive/Crema/1031_IEO_ANG_LO.wav,1031,angry,ANG,1031_IEO_ANG_LO.wav,True,60904,1611608490000000000
/Users/jordanacle/Downloads/archive/Crema/1031_IEO_DIS_HI.wav,1031,disgust,DIS,1031_IEO_DIS_HI.wav,True,66244,1611608490000000000
/Users/jordanacle/Downloads/archive/Crema/1031_IEO_ANG_MD.wav,1031,angry,ANG,1031_IEO_ANG_MD.wav,True,63040,1611608490000000000
/Users/jordanacle/Downloads/archive/Crema/1031_IEO_DIS_MD.wav,1031,disgust,DIS,1031_IEO_DIS_MD.wav,True,72650,1611608490000000000
/Users/jordanacle/Downloads/archive/Crema/1031_IEO_FEA_HI.wav,1031,fear,FEA,1031_IEO_FEA_HI.wav,True,56634,1611608490000000000
/Users/jordanacle/Downloads/archive/Crema/1031_IEO_HAP_HI.wav,1031,happy,HAP,1031_IEO_HAP_HI.wav,True,61972,1611608492000000000
/Users/jordanacle/Downloads/archive/Crema/1031_IEO_FEA_MD.wav,1031,fear,FEA,1031_IEO_FEA_MD.wav,True,58770,1611608492000000000
/Users/jordanacle/Downloads/archive/Crema/1031_IEO_HAP_LO.wav,1031,happy,HAP,1031_IEO_HAP_LO.wav,True,56634,1611608492000000000
/Users/jordanacle/Downloads/archive/Crema/1031_IEO_SAD_HI.wav,1031,sad,SAD,1031_IEO_SAD_HI.wav,True,63040,1611608492000000000
/Users/jordanacle/Downloads/archive/Crema/1031_IEO_NEU_XX.wav,1031,neutral,NEU,1031_IEO_NEU_XX.wav,True,57702,1611608492000000000
/Users/jordanacle/Downloads/archive/Crema/1031_IEO_SAD_MD.wav,1031,sad,SAD,1031_IEO_SAD_MD.wav,True,76920,1611608492000000000
/Users/jordanacle/Downloads/archive/Crema/1031_IOM_ANG_XX.wav,1031,angry,ANG,1031_IOM_ANG_XX.wav,True,74786,1611608492000000000
/Users/jordanacle/Downloads/archive/Crema/1031_IOM_HAP_XX.wav,1031,happy,HAP,1031_IOM_HAP_XX.wav,True,74786,1611608492000000000
/Users/jordanacle/Downloads/archive/Crema/1031_ITH_ANG_XX.wav,1031,angry,ANG,1031_ITH_ANG_XX.wav,True,86530,1611608492000000000
/Users/jordanacle/Downloads/archive/Crema/1031_IOM_NEU_XX.wav,1031,neutral,NEU,1031_IOM_NEU_XX.wav,True,73718,1611608492000000000
/Users/jordanacle/Downloads/archive/Crema/1031_ITH_DIS_XX.wav,1031,disgust,DIS,1031_ITH_DIS_XX.wav,True,85462,1611608492000000000
/Users/jordanacle/Downloads/archive/Crema/1031_ITH_FEA_XX.wav,1031,fear,FEA,1031_ITH_FEA_XX.wav,True,94004,1611608492000000000
/Users/jordanacle/Downloads/archive/Crema/1031_ITH_HAP_XX.wav,1031,happy,HAP,1031_ITH_HAP_XX.wav,True,94004,1611608492000000000
/Users/jordanacle/Downloads/archive/Crema/1031_ITH_SAD_XX.wav,1031,sad,SAD,1031_ITH_SAD_XX.wav,True,105750,1611608492000000000
/Users/jordanacle/Downloads/archive/Crema/1031_ITS_ANG_XX.wav,1031,angry,ANG,1031_ITS_ANG_XX.wav,True,75854,1611608492000000000
/Users/jordanacle/Downloads/archive/Crema/1031_ITS_DIS_XX.wav,1031,disgust,DIS,1031_ITS_DIS_XX.wav,True,92936,1611608492000000000
/Users/jordanacle/Downloads/archive/Crema/1031_ITS_FEA_XX.wav,1031,fear,FEA,1031_ITS_FEA_XX.wav,True,82260,1611608492000000000
/Users/jordanacle/Downloads/archive/Crema/1031_ITS_HAP_XX.wav,1031,happy,HAP,1031_ITS_HAP_XX.wav,True,74786,1611608492000000000
/Users/jordanacle/Downloads/archive/Crema/1031_ITS_SAD_XX.wav,1031,sad,SAD,1031_ITS_SAD_XX.wav,True,74786,1611608492000000000
/Users/jordanacle/Downloads/archive/Crema/1031_IWL_DIS_XX.wav,1031,disgust,DIS,1031_IWL_DIS_XX.wav,True,91870,1611608492000000000
/Users/jordanacle/Downloads/archive/Crema/1031_IWL_FEA_XX.wav,1031,fear,FEA,1031_IWL_FEA_XX.wav,True,85462,1611608492000000000
/Users/jordanacle/Downloads/archive/Crema/1031_IWL_HAP_XX.wav,1031,happy,HAP,1031_IWL_HAP_XX.wav,True,81192,1611608492000000000
/Users/jordanacle/Downloads/archive/Crema/1031_IWL_SAD_XX.wav,1031,sad,SAD,1031_IWL_SAD_XX.wav,True,82260,1611608492000000000
/Users/jordanacle/Downloads/archive/Crema/1031_IWL_NEU_XX.wav,1031,neutral,NEU,1031_IWL_NEU_XX.wav,True,83328,1611608492000000000
/Users/jordanacle/Downloads/archive/Crema/1031_IWW_ANG_XX.wav,1031,angry,ANG,1031_IWW_ANG_XX.wav,True,73718,1611608492000000000
/Users/jordanacle/Downloads/archive/Crema/1031_IWW_DIS_XX.wav,1031,disgust,DIS,1031_IWW_DIS_XX.wav,True,76920,1611608492000000000
/Users/jordanacle/Downloads/archive/Crema/1031_IWW_FEA_XX.wav,1031,fear,FEA,1031_IWW_FEA_XX.wav,True,77988,1611608492000000000
/Users/jordanacle/Downloads/archive/Crema/1031_IWW_HAP_XX.wav,1031,happy,HAP,1031_IWW_HAP_XX.wav,True,76920,1611608492000000000
/Users/jordanacle/Downloads/archive/Crema/1031_IWW_NEU_XX.wav,1031,neutral,NEU,1031_IWW_NEU_XX.wav,True,73718,1611608492000000000
/Users/jordanacle/Downloads/archive/Crema/1031_IWW_SAD_XX.wav,1031,sad,SAD,1031_IWW_SAD_XX.wav,True,81192,1611608492000000000
/Users/jordanacle/Downloads/archive/Crema/1031_MTI_ANG_XX.wav,1031,angry,ANG,1031_MTI_ANG_XX.wav,True,80124,1611608492000000000
/Users/jordanacle/Downloads/archive/Crema/1031_MTI_DIS_XX.wav,1031,disgust,DIS,1031_MTI_DIS_XX.wav,True,94004,1611608492000000000
/Users/jordanacle/Downloads/archive/Crema/1031_MTI_FEA_XX.wav,1031,fear,FEA,1031_MTI_FEA_XX.wav,True,81192,1611608492000000000
/Users/jordanacle/Downloads/archive/Crema/1031_MTI_NEU_XX.wav,1031,neutral,NEU,1031_MTI_NEU_XX.wav,True,80124,1611608492000000000
/Users/jordanacle/Downloads/archive/Crema/1031_TAI_ANG_XX.wav,1031,angry,ANG,1031_TAI_ANG_XX.wav,True,85462,1611608492000000000
/Users/jordanacle/Downloads/archive/Crema/1031_MTI_SAD_XX.wav,1031,sad,SAD,1031_MTI_SAD_XX.wav,True,91870,1611608492000000000
/Users/jordanacle/Downloads/archive/Crema/1031_TAI_DIS_XX.wav,1031,disgust,DIS,1031_TAI_DIS_XX.wav,True,85462,1611608492000000000
/Users/jordanacle/Downloads/archive/Crema/1031_TAI_FEA_XX.wav,1031,fear,FEA,1031_TAI_FEA_XX.wav,True,81192,1611608492000000000
/Users/jordanacle/Downloads/archive/Crema/1031_TAI_HAP_XX.wav,1031,happy,HAP,1031_TAI_HAP_XX.wav,True,75854,1611608492000000000
/Users/jordanacle/Downloads/archive/Crema/1031_TAI_NEU_XX.wav,1031,neutral,NEU,1031_TAI_NEU_XX.wav,True,75854,1611608492000000000
/Users/jordanacle/Downloads/archive/Crema/1031_TAI_SAD_XX.wav,1031,sad,SAD,1031_TAI_SAD_XX.wav,True,89734,1611608492000000000
/Users/jordanacle/Downloads/archive/Crema/1031_TIE_ANG_XX.wav,1031,angry,ANG,1031_TIE_ANG_XX.wav,True,86530,1611608492000000000
/Users/jordanacle/Downloads/archive/Crema/1031_TIE_DIS_XX.wav,1031,disgust,DIS,1031_TIE_DIS_XX.wav,True,101478,1611608492000000000
/Users/jordanacle/Downloads/archive/Crema/1031_TIE_HAP_XX.wav,1031,happy,HAP,1031_TIE_HAP_XX.wav,True,84394,1611608492000000000
/Users/jordanacle/Downloads/archive/Crema/1031_TIE_SAD_XX.wav,1031,sad,SAD,1031_TIE_SAD_XX.wav,True,87598,1611608492000000000
/Users/jordanacle/Downloads/archive/Crema/1031_TIE_FEA_XX.wav,1031,fear,FEA,1031_TIE_FEA_XX.wav,True,84394,1611608492000000000
/Users/jordanacle/Downloads/archive/Crema/1031_TSI_HAP_XX.wav,1031,happy,HAP,1031_TSI_HAP_XX.wav,True,70514,1611608492000000000
/Users/jordanacle/Downloads/archive/Crema/1031_TSI_ANG_XX.wav,1031,angry,ANG,1031_TSI_ANG_XX.wav,True,70514,1611608492000000000
/Users/jordanacle/Downloads/archive/Crema/1031_TSI_NEU_XX.wav,1031,neutral,NEU,1031_TSI_NEU_XX.wav,True,80124,1611608492000000000
/Users/jordanacle/Downloads/archive/Crema/1031_WSI_ANG_XX.wav,1031,angry,ANG,1031_WSI_ANG_XX.wav,True,76920,1611608492000000000
/Users/jordanacle/Downloads/archive/Crema/1031_WSI_DIS_XX.wav,1031,disgust,DIS,1031_WSI_DIS_XX.wav,True,82260,1611608492000000000
/Users/jordanacle/Downloads/archive/Crema/1031_WSI_FEA_XX.wav,1031,fear,FEA,1031_WSI_FEA_XX.wav,True,73090,1611608492000000000
/Users/jordanacle/Downloads/archive/Crema/1031_WSI_HAP_XX.wav,1031,happy,HAP,1031_WSI_HAP_XX.wav,True,77988,1611608492000000000
/Users/jordanacle/Downloads/archive/Crema/1031_WSI_NEU_XX.wav,1031,neutral,NEU,1031_WSI_NEU_XX.wav,True,85462,1611608492000000000
/Users/jordanacle/Downloads/archive/Crema/1031_WSI_SAD_XX.wav,1031,sad,SAD,1031_WSI_SAD_XX.wav,True,81192,1611608492000000000
/Users/jordanacle/Downloads/archive/Crema/1032_DFA_DIS_XX.wav,1032,disgust,DIS,1032_DFA_DIS_XX.wav,True,85462,1611608492000000000
/Users/jordanacle/Downloads/archive/Crema/1032_DFA_ANG_XX.wav,1032,angry,ANG,1032_DFA_ANG_XX.wav,True,73718,1611608492000000000
/Users/jordanacle/Downloads/archive/Crema/1032_DFA_FEA_XX.wav,1032,fear,FEA,1032_DFA_FEA_XX.wav,True,70514,1611608492000000000
/Users/jordanacle/Downloads/archive/Crema/1032_DFA_HAP_XX.wav,1032,happy,HAP,1032_DFA_HAP_XX.wav,True,65176,1611608492000000000
/Users/jordanacle/Downloads/archive/Crema/1032_DFA_SAD_XX.wav,1032,sad,SAD,1032_DFA_SAD_XX.wav,True,80124,1611608492000000000
/Users/jordanacle/Downloads/archive/Crema/1032_IEO_ANG_HI.wav,1032,angry,ANG,1032_IEO_ANG_HI.wav,True,88666,1611608492000000000
/Users/jordanacle/Downloads/archive/Crema/1032_IEO_ANG_MD.wav,1032,angry,ANG,1032_IEO_ANG_MD.wav,True,87598,1611608492000000000
/Users/jordanacle/Downloads/archive/Crema/1032_IEO_DIS_HI.wav,1032,disgust,DIS,1032_IEO_DIS_HI.wav,True,113224,1611608492000000000
/Users/jordanacle/Downloads/archive/Crema/1032_IEO_DIS_LO.wav,1032,disgust,DIS,1032_IEO_DIS_LO.wav,True,64108,1611608492000000000
/Users/jordanacle/Downloads/archive/Crema/1032_IEO_DIS_MD.wav,1032,disgust,DIS,1032_IEO_DIS_MD.wav,True,73718,1611608492000000000
/Users/jordanacle/Downloads/archive/Crema/1032_IEO_FEA_LO.wav,1032,fear,FEA,1032_IEO_FEA_LO.wav,True,56634,1611608492000000000
/Users/jordanacle/Downloads/archive/Crema/1032_IEO_FEA_HI.wav,1032,fear,FEA,1032_IEO_FEA_HI.wav,True,81192,1611608492000000000
/Users/jordanacle/Downloads/archive/Crema/1032_IEO_HAP_LO.wav,1032,happy,HAP,1032_IEO_HAP_LO.wav,True,65176,1611608492000000000
/Users/jordanacle/Downloads/archive/Crema/1032_IEO_FEA_MD.wav,1032,fear,FEA,1032_IEO_FEA_MD.wav,True,52362,1611608492000000000
/Users/jordanacle/Downloads/archive/Crema/1032_IEO_HAP_MD.wav,1032,happy,HAP,1032_IEO_HAP_MD.wav,True,65176,1611608492000000000
/Users/jordanacle/Downloads/archive/Crema/1032_IEO_NEU_XX.wav,1032,neutral,NEU,1032_IEO_NEU_XX.wav,True,58770,1611608492000000000
/Users/jordanacle/Downloads/archive/Crema/1032_IEO_SAD_HI.wav,1032,sad,SAD,1032_IEO_SAD_HI.wav,True,64108,1611608492000000000
/Users/jordanacle/Downloads/archive/Crema/1032_IEO_SAD_LO.wav,1032,sad,SAD,1032_IEO_SAD_LO.wav,True,64108,1611608492000000000
/Users/jordanacle/Downloads/archive/Crema/1032_IEO_SAD_MD.wav,1032,sad,SAD,1032_IEO_SAD_MD.wav,True,63040,1611608492000000000
/Users/jordanacle/Downloads/archive/Crema/1032_IOM_DIS_XX.wav,1032,disgust,DIS,1032_IOM_DIS_XX.wav,True,86530,1611608492000000000
/Users/jordanacle/Downloads/archive/Crema/1032_IOM_HAP_XX.wav,1032,happy,HAP,1032_IOM_HAP_XX.wav,True,58770,1611608492000000000
/Users/jordanacle/Downloads/archive/Crema/1032_IOM_NEU_XX.wav,1032,neutral,NEU,1032_IOM_NEU_XX.wav,True,67312,1611608492000000000
/Users/jordanacle/Downloads/archive/Crema/1032_IOM_FEA_XX.wav,1032,fear,FEA,1032_IOM_FEA_XX.wav,True,83328,1611608492000000000
/Users/jordanacle/Downloads/archive/Crema/1032_IOM_SAD_XX.wav,1032,sad,SAD,1032_IOM_SAD_XX.wav,True,72650,1611608492000000000
/Users/jordanacle/Downloads/archive/Crema/1032_ITH_ANG_XX.wav,1032,angry,ANG,1032_ITH_ANG_XX.wav,True,95072,1611608492000000000
/Users/jordanacle/Downloads/archive/Crema/1032_ITH_DIS_XX.wav,1032,disgust,DIS,1032_ITH_DIS_XX.wav,True,100410,1611608492000000000
/Users/jordanacle/Downloads/archive/Crema/1032_ITH_FEA_XX.wav,1032,fear,FEA,1032_ITH_FEA_XX.wav,True,98276,1611608492000000000
/Users/jordanacle/Downloads/archive/Crema/1032_ITH_HAP_XX.wav,1032,happy,HAP,1032_ITH_HAP_XX.wav,True,86530,1611608492000000000
/Users/jordanacle/Downloads/archive/Crema/1032_ITH_NEU_XX.wav,1032,neutral,NEU,1032_ITH_NEU_XX.wav,True,72650,1611608492000000000
/Users/jordanacle/Downloads/archive/Crema/1032_ITH_SAD_XX.wav,1032,sad,SAD,1032_ITH_SAD_XX.wav,True,102546,1611608492000000000
/Users/jordanacle/Downloads/archive/Crema/1032_ITS_ANG_XX.wav,1032,angry,ANG,1032_ITS_ANG_XX.wav,True,91870,1611608492000000000
/Users/jordanacle/Downloads/archive/Crema/1032_ITS_DIS_XX.wav,1032,disgust,DIS,1032_ITS_DIS_XX.wav,True,86530,1611608492000000000
/Users/jordanacle/Downloads/archive/Crema/1032_ITS_FEA_XX.wav,1032,fear,FEA,1032_ITS_FEA_XX.wav,True,87598,1611608492000000000
/Users/jordanacle/Downloads/archive/Crema/1032_ITS_NEU_XX.wav,1032,neutral,NEU,1032_ITS_NEU_XX.wav,True,81192,1611608492000000000
/Users/jordanacle/Downloads/archive/Crema/1032_ITS_SAD_XX.wav,1032,sad,SAD,1032_ITS_SAD_XX.wav,True,76920,1611608492000000000
/Users/jordanacle/Downloads/archive/Crema/1032_IWL_ANG_XX.wav,1032,angry,ANG,1032_IWL_ANG_XX.wav,True,108952,1611608492000000000
/Users/jordanacle/Downloads/archive/Crema/1032_IWL_HAP_XX.wav,1032,happy,HAP,1032_IWL_HAP_XX.wav,True,84394,1611608492000000000
/Users/jordanacle/Downloads/archive/Crema/1032_IWL_NEU_XX.wav,1032,neutral,NEU,1032_IWL_NEU_XX.wav,True,80124,1611608492000000000
/Users/jordanacle/Downloads/archive/Crema/1032_IWW_ANG_XX.wav,1032,angry,ANG,1032_IWW_ANG_XX.wav,True,94004,1611608492000000000
/Users/jordanacle/Downloads/archive/Crema/1032_IWW_DIS_XX.wav,1032,disgust,DIS,1032_IWW_DIS_XX.wav,True,91870,1611608492000000000
/Users/jordanacle/Downloads/archive/Crema/1032_IWW_FEA_XX.wav,1032,fear,FEA,1032_IWW_FEA_XX.wav,True,83328,1611608492000000000
/Users/jordanacle/Downloads/archive/Crema/1032_IWW_HAP_XX.wav,1032,happy,HAP,1032_IWW_HAP_XX.wav,True,79056,1611608492000000000
/Users/jordanacle/Downloads/archive/Crema/1032_IWW_NEU_XX.wav,1032,neutral,NEU,1032_IWW_NEU_XX.wav,True,84394,1611608492000000000
/Users/jordanacle/Downloads/archive/Crema/1032_MTI_ANG_XX.wav,1032,angry,ANG,1032_MTI_ANG_XX.wav,True,100410,1611608492000000000
/Users/jordanacle/Downloads/archive/Crema/1032_MTI_DIS_XX.wav,1032,disgust,DIS,1032_MTI_DIS_XX.wav,True,105750,1611608492000000000
/Users/jordanacle/Downloads/archive/Crema/1032_MTI_FEA_XX.wav,1032,fear,FEA,1032_MTI_FEA_XX.wav,True,99344,1611608492000000000
/Users/jordanacle/Downloads/archive/Crema/1032_MTI_HAP_XX.wav,1032,happy,HAP,1032_MTI_HAP_XX.wav,True,77988,1611608492000000000
/Users/jordanacle/Downloads/archive/Crema/1032_MTI_SAD_XX.wav,1032,sad,SAD,1032_MTI_SAD_XX.wav,True,96140,1611608492000000000
/Users/jordanacle/Downloads/archive/Crema/1032_TAI_ANG_XX.wav,1032,angry,ANG,1032_TAI_ANG_XX.wav,True,97208,1611608492000000000
/Users/jordanacle/Downloads/archive/Crema/1032_TAI_DIS_XX.wav,1032,disgust,DIS,1032_TAI_DIS_XX.wav,True,96140,1611608492000000000
/Users/jordanacle/Downloads/archive/Crema/1032_TAI_FEA_XX.wav,1032,fear,FEA,1032_TAI_FEA_XX.wav,True,90802,1611608492000000000
/Users/jordanacle/Downloads/archive/Crema/1032_TAI_HAP_XX.wav,1032,happy,HAP,1032_TAI_HAP_XX.wav,True,77988,1611608492000000000
/Users/jordanacle/Downloads/archive/Crema/1032_TAI_NEU_XX.wav,1032,neutral,NEU,1032_TAI_NEU_XX.wav,True,90802,1611608492000000000
/Users/jordanacle/Downloads/archive/Crema/1032_TAI_SAD_XX.wav,1032,sad,SAD,1032_TAI_SAD_XX.wav,True,89734,1611608492000000000
/Users/jordanacle/Downloads/archive/Crema/1032_TIE_ANG_XX.wav,1032,angry,ANG,1032_TIE_ANG_XX.wav,True,127104,1611608492000000000
/Users/jordanacle/Downloads/archive/Crema/1032_TIE_DIS_XX.wav,1032,disgust,DIS,1032_TIE_DIS_XX.wav,True,133510,1611608492000000000
/Users/jordanacle/Downloads/archive/Crema/1032_TIE_FEA_XX.wav,1032,fear,FEA,1032_TIE_FEA_XX.wav,True,120698,1611608492000000000
/Users/jordanacle/Downloads/archive/Crema/1032_TIE_NEU_XX.wav,1032,neutral,NEU,1032_TIE_NEU_XX.wav,True,82260,1611608492000000000
/Users/jordanacle/Downloads/archive/Crema/1032_TIE_SAD_XX.wav,1032,sad,SAD,1032_TIE_SAD_XX.wav,True,143120,1611608492000000000
/Users/jordanacle/Downloads/archive/Crema/1032_TSI_DIS_XX.wav,1032,disgust,DIS,1032_TSI_DIS_XX.wav,True,85462,1611608492000000000
/Users/jordanacle/Downloads/archive/Crema/1032_TSI_FEA_XX.wav,1032,fear,FEA,1032_TSI_FEA_XX.wav,True,73718,1611608492000000000
/Users/jordanacle/Downloads/archive/Crema/1032_TSI_HAP_XX.wav,1032,happy,HAP,1032_TSI_HAP_XX.wav,True,79056,1611608492000000000
/Users/jordanacle/Downloads/archive/Crema/1032_TSI_NEU_XX.wav,1032,neutral,NEU,1032_TSI_NEU_XX.wav,True,81192,1611608492000000000
/Users/jordanacle/Downloads/archive/Crema/1032_WSI_ANG_XX.wav,1032,angry,ANG,1032_WSI_ANG_XX.wav,True,82260,1611608492000000000
/Users/jordanacle/Downloads/archive/Crema/1032_TSI_SAD_XX.wav,1032,sad,SAD,1032_TSI_SAD_XX.wav,True,81192,1611608492000000000
/Users/jordanacle/Downloads/archive/Crema/1032_WSI_DIS_XX.wav,1032,disgust,DIS,1032_WSI_DIS_XX.wav,True,105750,1611608492000000000
/Users/jordanacle/Downloads/archive/Crema/1032_WSI_FEA_XX.wav,1032,fear,FEA,1032_WSI_FEA_XX.wav,True,87598,1611608492000000000
/Users/jordanacle/Downloads/archive/Crema/1032_WSI_HAP_XX.wav,1032,happy,HAP,1032_WSI_HAP_XX.wav,True,80124,1611608492000000000
/Users/jordanacle/Downloads/archive/Crema/1032_WSI_SAD_XX.wav,1032,sad,SAD,1032_WSI_SAD_XX.wav,True,87598,1611608492000000000
/Users/jordanacle/Downloads/archive/Crema/1033_DFA_FEA_XX.wav,1033,fear,FEA,1033_DFA_FEA_XX.wav,True,74786,1611608492000000000
/Users/jordanacle/Downloads/archive/Crema/1033_DFA_ANG_XX.wav,1033,angry,ANG,1033_DFA_ANG_XX.wav,True,64108,1611608492000000000
/Users/jordanacle/Downloads/archive/Crema/1033_DFA_DIS_XX.wav,1033,disgust,DIS,1033_DFA_DIS_XX.wav,True,75852,1611608492000000000
/Users/jordanacle/Downloads/archive/Crema/1033_DFA_HAP_XX.wav,1033,happy,HAP,1033_DFA_HAP_XX.wav,True,90802,1611608492000000000
/Users/jordanacle/Downloads/archive/Crema/1033_IEO_ANG_HI.wav,1033,angry,ANG,1033_IEO_ANG_HI.wav,True,65176,1611608492000000000
/Users/jordanacle/Downloads/archive/Crema/1033_DFA_SAD_XX.wav,1033,sad,SAD,1033_DFA_SAD_XX.wav,True,79056,1611608492000000000
/Users/jordanacle/Downloads/archive/Crema/1033_IEO_ANG_LO.wav,1033,angry,ANG,1033_IEO_ANG_LO.wav,True,55566,1611608492000000000
/Users/jordanacle/Downloads/archive/Crema/1033_IEO_ANG_MD.wav,1033,angry,ANG,1033_IEO_ANG_MD.wav,True,65176,1611608492000000000
/Users/jordanacle/Downloads/archive/Crema/1033_IEO_DIS_HI.wav,1033,disgust,DIS,1033_IEO_DIS_HI.wav,True,61972,1611608492000000000
/Users/jordanacle/Downloads/archive/Crema/1033_IEO_DIS_LO.wav,1033,disgust,DIS,1033_IEO_DIS_LO.wav,True,83328,1611608492000000000
/Users/jordanacle/Downloads/archive/Crema/1033_IEO_DIS_MD.wav,1033,disgust,DIS,1033_IEO_DIS_MD.wav,True,77988,1611608492000000000
/Users/jordanacle/Downloads/archive/Crema/1033_IEO_FEA_HI.wav,1033,fear,FEA,1033_IEO_FEA_HI.wav,True,67312,1611608492000000000
/Users/jordanacle/Downloads/archive/Crema/1033_IEO_FEA_LO.wav,1033,fear,FEA,1033_IEO_FEA_LO.wav,True,70514,1611608492000000000
/Users/jordanacle/Downloads/archive/Crema/1033_IEO_FEA_MD.wav,1033,fear,FEA,1033_IEO_FEA_MD.wav,True,64108,1611608492000000000
/Users/jordanacle/Downloads/archive/Crema/1033_IEO_HAP_HI.wav,1033,happy,HAP,1033_IEO_HAP_HI.wav,True,68378,1611608492000000000
/Users/jordanacle/Downloads/archive/Crema/1033_IEO_HAP_LO.wav,1033,happy,HAP,1033_IEO_HAP_LO.wav,True,65176,1611608492000000000
/Users/jordanacle/Downloads/archive/Crema/1033_IEO_HAP_MD.wav,1033,happy,HAP,1033_IEO_HAP_MD.wav,True,69446,1611608492000000000
/Users/jordanacle/Downloads/archive/Crema/1033_IEO_NEU_XX.wav,1033,neutral,NEU,1033_IEO_NEU_XX.wav,True,53430,1611608492000000000
/Users/jordanacle/Downloads/archive/Crema/1033_IEO_SAD_HI.wav,1033,sad,SAD,1033_IEO_SAD_HI.wav,True,64108,1611608492000000000
/Users/jordanacle/Downloads/archive/Crema/1033_IEO_SAD_LO.wav,1033,sad,SAD,1033_IEO_SAD_LO.wav,True,64108,1611608492000000000
/Users/jordanacle/Downloads/archive/Crema/1033_IEO_SAD_MD.wav,1033,sad,SAD,1033_IEO_SAD_MD.wav,True,76920,1611608492000000000
/Users/jordanacle/Downloads/archive/Crema/1033_IOM_DIS_XX.wav,1033,disgust,DIS,1033_IOM_DIS_XX.wav,True,68378,1611608492000000000
/Users/jordanacle/Downloads/archive/Crema/1033_IOM_HAP_XX.wav,1033,happy,HAP,1033_IOM_HAP_XX.wav,True,54498,1611608492000000000
/Users/jordanacle/Downloads/archive/Crema/1033_IOM_FEA_XX.wav,1033,fear,FEA,1033_IOM_FEA_XX.wav,True,82260,1611608492000000000
/Users/jordanacle/Downloads/archive/Crema/1033_IOM_NEU_XX.wav,1033,neutral,NEU,1033_IOM_NEU_XX.wav,True,67312,1611608492000000000
/Users/jordanacle/Downloads/archive/Crema/1033_IOM_SAD_XX.wav,1033,sad,SAD,1033_IOM_SAD_XX.wav,True,69446,1611608492000000000
/Users/jordanacle/Downloads/archive/Crema/1033_ITH_ANG_XX.wav,1033,angry,ANG,1033_ITH_ANG_XX.wav,True,88666,1611608492000000000
/Users/jordanacle/Downloads/archive/Crema/1033_ITH_DIS_XX.wav,1033,disgust,DIS,1033_ITH_DIS_XX.wav,True,99344,1611608492000000000
/Users/jordanacle/Downloads/archive/Crema/1033_ITH_FEA_XX.wav,1033,fear,FEA,1033_ITH_FEA_XX.wav,True,75852,1611608492000000000
/Users/jordanacle/Downloads/archive/Crema/1033_ITH_NEU_XX.wav,1033,neutral,NEU,1033_ITH_NEU_XX.wav,True,98276,1611608492000000000
/Users/jordanacle/Downloads/archive/Crema/1033_ITH_SAD_XX.wav,1033,sad,SAD,1033_ITH_SAD_XX.wav,True,103614,1611608492000000000
/Users/jordanacle/Downloads/archive/Crema/1033_ITS_DIS_XX.wav,1033,disgust,DIS,1033_ITS_DIS_XX.wav,True,113224,1611608492000000000
/Users/jordanacle/Downloads/archive/Crema/1033_ITS_ANG_XX.wav,1033,angry,ANG,1033_ITS_ANG_XX.wav,True,70514,1611608492000000000
/Users/jordanacle/Downloads/archive/Crema/1033_ITS_FEA_XX.wav,1033,fear,FEA,1033_ITS_FEA_XX.wav,True,88666,1611608492000000000
/Users/jordanacle/Downloads/archive/Crema/1033_ITS_NEU_XX.wav,1033,neutral,NEU,1033_ITS_NEU_XX.wav,True,77988,1611608492000000000
/Users/jordanacle/Downloads/archive/Crema/1033_ITS_SAD_XX.wav,1033,sad,SAD,1033_ITS_SAD_XX.wav,True,80124,1611608492000000000
/Users/jordanacle/Downloads/archive/Crema/1033_IWL_FEA_XX.wav,1033,fear,FEA,1033_IWL_FEA_XX.wav,True,100410,1611608492000000000
/Users/jordanacle/Downloads/archive/Crema/1033_IWL_ANG_XX.wav,1033,angry,ANG,1033_IWL_ANG_XX.wav,True,89734,1611608492000000000
/Users/jordanacle/Downloads/archive/Crema/1033_IWL_HAP_XX.wav,1033,happy,HAP,1033_IWL_HAP_XX.wav,True,81192,1611608492000000000
/Users/jordanacle/Downloads/archive/Crema/1033_IWL_NEU_XX.wav,1033,neutral,NEU,1033_IWL_NEU_XX.wav,True,88666,1611608492000000000
/Users/jordanacle/Downloads/archive/Crema/1033_IWW_ANG_XX.wav,1033,angry,ANG,1033_IWW_ANG_XX.wav,True,63040,1611608492000000000
/Users/jordanacle/Downloads/archive/Crema/1033_IWW_NEU_XX.wav,1033,neutral,NEU,1033_IWW_NEU_XX.wav,True,57702,1611608492000000000
/Users/jordanacle/Downloads/archive/Crema/1033_IWW_HAP_XX.wav,1033,happy,HAP,1033_IWW_HAP_XX.wav,True,54498,1611608492000000000
/Users/jordanacle/Downloads/archive/Crema/1033_MTI_ANG_XX.wav,1033,angry,ANG,1033_MTI_ANG_XX.wav,True,75852,1611608492000000000
/Users/jordanacle/Downloads/archive/Crema/1033_MTI_DIS_XX.wav,1033,disgust,DIS,1033_MTI_DIS_XX.wav,True,79056,1611608492000000000
/Users/jordanacle/Downloads/archive/Crema/1033_MTI_HAP_XX.wav,1033,happy,HAP,1033_MTI_HAP_XX.wav,True,75852,1611608492000000000
/Users/jordanacle/Downloads/archive/Crema/1033_MTI_FEA_XX.wav,1033,fear,FEA,1033_MTI_FEA_XX.wav,True,77988,1611608492000000000
/Users/jordanacle/Downloads/archive/Crema/1033_MTI_SAD_XX.wav,1033,sad,SAD,1033_MTI_SAD_XX.wav,True,79056,1611608492000000000
/Users/jordanacle/Downloads/archive/Crema/1033_TAI_FEA_XX.wav,1033,fear,FEA,1033_TAI_FEA_XX.wav,True,77988,1611608492000000000
/Users/jordanacle/Downloads/archive/Crema/1033_TAI_ANG_XX.wav,1033,angry,ANG,1033_TAI_ANG_XX.wav,True,80124,1611608492000000000
/Users/jordanacle/Downloads/archive/Crema/1033_TAI_DIS_XX.wav,1033,disgust,DIS,1033_TAI_DIS_XX.wav,True,72862,1611608492000000000
/Users/jordanacle/Downloads/archive/Crema/1033_TAI_SAD_XX.wav,1033,sad,SAD,1033_TAI_SAD_XX.wav,True,66244,1611608492000000000
/Users/jordanacle/Downloads/archive/Crema/1033_TAI_NEU_XX.wav,1033,neutral,NEU,1033_TAI_NEU_XX.wav,True,64108,1611608492000000000
/Users/jordanacle/Downloads/archive/Crema/1033_TIE_ANG_XX.wav,1033,angry,ANG,1033_TIE_ANG_XX.wav,True,80124,1611608492000000000
/Users/jordanacle/Downloads/archive/Crema/1033_TIE_DIS_XX.wav,1033,disgust,DIS,1033_TIE_DIS_XX.wav,True,92936,1611608492000000000
/Users/jordanacle/Downloads/archive/Crema/1033_TIE_FEA_XX.wav,1033,fear,FEA,1033_TIE_FEA_XX.wav,True,94004,1611608492000000000
/Users/jordanacle/Downloads/archive/Crema/1033_TIE_SAD_XX.wav,1033,sad,SAD,1033_TIE_SAD_XX.wav,True,92936,1611608492000000000
/Users/jordanacle/Downloads/archive/Crema/1033_TIE_NEU_XX.wav,1033,neutral,NEU,1033_TIE_NEU_XX.wav,True,77988,1611608492000000000
/Users/jordanacle/Downloads/archive/Crema/1033_TSI_ANG_XX.wav,1033,angry,ANG,1033_TSI_ANG_XX.wav,True,61972,1611608492000000000
/Users/jordanacle/Downloads/archive/Crema/1033_TSI_FEA_XX.wav,1033,fear,FEA,1033_TSI_FEA_XX.wav,True,70514,1611608492000000000
/Users/jordanacle/Downloads/archive/Crema/1033_TSI_DIS_XX.wav,1033,disgust,DIS,1033_TSI_DIS_XX.wav,True,69446,1611608492000000000
/Users/jordanacle/Downloads/archive/Crema/1033_TSI_HAP_XX.wav,1033,happy,HAP,1033_TSI_HAP_XX.wav,True,63040,1611608492000000000
/Users/jordanacle/Downloads/archive/Crema/1033_WSI_ANG_XX.wav,1033,angry,ANG,1033_WSI_ANG_XX.wav,True,66244,1611608492000000000
/Users/jordanacle/Downloads/archive/Crema/1033_TSI_NEU_XX.wav,1033,neutral,NEU,1033_TSI_NEU_XX.wav,True,82260,1611608492000000000
/Users/jordanacle/Downloads/archive/Crema/1033_TSI_SAD_XX.wav,1033,sad,SAD,1033_TSI_SAD_XX.wav,True,70514,1611608492000000000
/Users/jordanacle/Downloads/archive/Crema/1033_WSI_DIS_XX.wav,1033,disgust,DIS,1033_WSI_DIS_XX.wav,True,89734,1611608492000000000
/Users/jordanacle/Downloads/archive/Crema/1033_WSI_FEA_XX.wav,1033,fear,FEA,1033_WSI_FEA_XX.wav,True,83328,1611608492000000000
/Users/jordanacle/Downloads/archive/Crema/1033_WSI_HAP_XX.wav,1033,happy,HAP,1033_WSI_HAP_XX.wav,True,69446,1611608492000000000
/Users/jordanacle/Downloads/archive/Crema/1033_WSI_SAD_XX.wav,1033,sad,SAD,1033_WSI_SAD_XX.wav,True,99344,1611608492000000000
/Users/jordanacle/Downloads/archive/Crema/1034_DFA_ANG_XX.wav,1034,angry,ANG,1034_DFA_ANG_XX.wav,True,80124,1611608492000000000
/Users/jordanacle/Downloads/archive/Crema/1034_DFA_DIS_XX.wav,1034,disgust,DIS,1034_DFA_DIS_XX.wav,True,74786,1611608492000000000
/Users/jordanacle/Downloads/archive/Crema/1034_DFA_FEA_XX.wav,1034,fear,FEA,1034_DFA_FEA_XX.wav,True,61972,1611608492000000000
/Users/jordanacle/Downloads/archive/Crema/1034_IEO_ANG_HI.wav,1034,angry,ANG,1034_IEO_ANG_HI.wav,True,75852,1611608492000000000
/Users/jordanacle/Downloads/archive/Crema/1034_DFA_SAD_XX.wav,1034,sad,SAD,1034_DFA_SAD_XX.wav,True,75854,1611608492000000000
/Users/jordanacle/Downloads/archive/Crema/1034_DFA_HAP_XX.wav,1034,happy,HAP,1034_DFA_HAP_XX.wav,True,77988,1611608492000000000
/Users/jordanacle/Downloads/archive/Crema/1034_IEO_ANG_MD.wav,1034,angry,ANG,1034_IEO_ANG_MD.wav,True,63040,1611608492000000000
/Users/jordanacle/Downloads/archive/Crema/1034_IEO_DIS_HI.wav,1034,disgust,DIS,1034_IEO_DIS_HI.wav,True,72862,1611608492000000000
/Users/jordanacle/Downloads/archive/Crema/1034_IEO_DIS_LO.wav,1034,disgust,DIS,1034_IEO_DIS_LO.wav,True,58770,1611608492000000000
/Users/jordanacle/Downloads/archive/Crema/1034_IEO_DIS_MD.wav,1034,disgust,DIS,1034_IEO_DIS_MD.wav,True,72862,1611608492000000000
/Users/jordanacle/Downloads/archive/Crema/1034_IEO_FEA_HI.wav,1034,fear,FEA,1034_IEO_FEA_HI.wav,True,52362,1611608492000000000
/Users/jordanacle/Downloads/archive/Crema/1034_IEO_FEA_LO.wav,1034,fear,FEA,1034_IEO_FEA_LO.wav,True,58770,1611608492000000000
/Users/jordanacle/Downloads/archive/Crema/1034_IEO_FEA_MD.wav,1034,fear,FEA,1034_IEO_FEA_MD.wav,True,55566,1611608492000000000
/Users/jordanacle/Downloads/archive/Crema/1034_IEO_HAP_MD.wav,1034,happy,HAP,1034_IEO_HAP_MD.wav,True,64108,1611608492000000000
/Users/jordanacle/Downloads/archive/Crema/1034_IEO_HAP_LO.wav,1034,happy,HAP,1034_IEO_HAP_LO.wav,True,56634,1611608492000000000
/Users/jordanacle/Downloads/archive/Crema/1034_IEO_NEU_XX.wav,1034,neutral,NEU,1034_IEO_NEU_XX.wav,True,54498,1611608492000000000
/Users/jordanacle/Downloads/archive/Crema/1034_IEO_SAD_HI.wav,1034,sad,SAD,1034_IEO_SAD_HI.wav,True,68378,1611608492000000000
/Users/jordanacle/Downloads/archive/Crema/1034_IEO_SAD_LO.wav,1034,sad,SAD,1034_IEO_SAD_LO.wav,True,58770,1611608492000000000
/Users/jordanacle/Downloads/archive/Crema/1034_IEO_SAD_MD.wav,1034,sad,SAD,1034_IEO_SAD_MD.wav,True,68378,1611608492000000000
/Users/jordanacle/Downloads/archive/Crema/1034_IOM_ANG_XX.wav,1034,angry,ANG,1034_IOM_ANG_XX.wav,True,79056,1611608492000000000
/Users/jordanacle/Downloads/archive/Crema/1034_IOM_DIS_XX.wav,1034,disgust,DIS,1034_IOM_DIS_XX.wav,True,88666,1611608492000000000
/Users/jordanacle/Downloads/archive/Crema/1034_IOM_FEA_XX.wav,1034,fear,FEA,1034_IOM_FEA_XX.wav,True,77988,1611608492000000000
/Users/jordanacle/Downloads/archive/Crema/1034_IOM_HAP_XX.wav,1034,happy,HAP,1034_IOM_HAP_XX.wav,True,80124,1611608492000000000
/Users/jordanacle/Downloads/archive/Crema/1034_IOM_NEU_XX.wav,1034,neutral,NEU,1034_IOM_NEU_XX.wav,True,69446,1611608492000000000
/Users/jordanacle/Downloads/archive/Crema/1034_IOM_SAD_XX.wav,1034,sad,SAD,1034_IOM_SAD_XX.wav,True,85462,1611608492000000000
/Users/jordanacle/Downloads/archive/Crema/1034_ITH_ANG_XX.wav,1034,angry,ANG,1034_ITH_ANG_XX.wav,True,107886,1611608492000000000
/Users/jordanacle/Downloads/archive/Crema/1034_ITH_DIS_XX.wav,1034,disgust,DIS,1034_ITH_DIS_XX.wav,True,94004,1611608492000000000
/Users/jordanacle/Downloads/archive/Crema/1034_ITH_FEA_XX.wav,1034,fear,FEA,1034_ITH_FEA_XX.wav,True,81192,1611608492000000000
/Users/jordanacle/Downloads/archive/Crema/1034_ITH_NEU_XX.wav,1034,neutral,NEU,1034_ITH_NEU_XX.wav,True,82260,1611608492000000000
/Users/jordanacle/Downloads/archive/Crema/1034_ITH_SAD_XX.wav,1034,sad,SAD,1034_ITH_SAD_XX.wav,True,80124,1611608492000000000
/Users/jordanacle/Downloads/archive/Crema/1034_ITS_DIS_XX.wav,1034,disgust,DIS,1034_ITS_DIS_XX.wav,True,94004,1611608494000000000
/Users/jordanacle/Downloads/archive/Crema/1034_ITS_ANG_XX.wav,1034,angry,ANG,1034_ITS_ANG_XX.wav,True,83328,1611608494000000000
/Users/jordanacle/Downloads/archive/Crema/1034_ITS_FEA_XX.wav,1034,fear,FEA,1034_ITS_FEA_XX.wav,True,77988,1611608494000000000
/Users/jordanacle/Downloads/archive/Crema/1034_ITS_NEU_XX.wav,1034,neutral,NEU,1034_ITS_NEU_XX.wav,True,83328,1611608494000000000
/Users/jordanacle/Downloads/archive/Crema/1034_ITS_SAD_XX.wav,1034,sad,SAD,1034_ITS_SAD_XX.wav,True,80124,1611608494000000000
/Users/jordanacle/Downloads/archive/Crema/1034_IWL_ANG_XX.wav,1034,angry,ANG,1034_IWL_ANG_XX.wav,True,97208,1611608494000000000
/Users/jordanacle/Downloads/archive/Crema/1034_IWL_HAP_XX.wav,1034,happy,HAP,1034_IWL_HAP_XX.wav,True,95072,1611608494000000000
/Users/jordanacle/Downloads/archive/Crema/1034_IWL_NEU_XX.wav,1034,neutral,NEU,1034_IWL_NEU_XX.wav,True,73718,1611608494000000000
/Users/jordanacle/Downloads/archive/Crema/1034_IWW_ANG_XX.wav,1034,angry,ANG,1034_IWW_ANG_XX.wav,True,82260,1611608494000000000
/Users/jordanacle/Downloads/archive/Crema/1034_IWL_SAD_XX.wav,1034,sad,SAD,1034_IWL_SAD_XX.wav,True,84394,1611608494000000000
/Users/jordanacle/Downloads/archive/Crema/1034_IWW_HAP_XX.wav,1034,happy,HAP,1034_IWW_HAP_XX.wav,True,67312,1611608494000000000
/Users/jordanacle/Downloads/archive/Crema/1034_IWW_NEU_XX.wav,1034,neutral,NEU,1034_IWW_NEU_XX.wav,True,75854,1611608494000000000
/Users/jordanacle/Downloads/archive/Crema/1034_MTI_ANG_XX.wav,1034,angry,ANG,1034_MTI_ANG_XX.wav,True,81192,1611608494000000000
/Users/jordanacle/Downloads/archive/Crema/1034_MTI_HAP_XX.wav,1034,happy,HAP,1034_MTI_HAP_XX.wav,True,96140,1611608494000000000
/Users/jordanacle/Downloads/archive/Crema/1034_MTI_DIS_XX.wav,1034,disgust,DIS,1034_MTI_DIS_XX.wav,True,96140,1611608494000000000
/Users/jordanacle/Downloads/archive/Crema/1034_MTI_FEA_XX.wav,1034,fear,FEA,1034_MTI_FEA_XX.wav,True,80124,1611608494000000000
/Users/jordanacle/Downloads/archive/Crema/1034_MTI_SAD_XX.wav,1034,sad,SAD,1034_MTI_SAD_XX.wav,True,85462,1611608494000000000
/Users/jordanacle/Downloads/archive/Crema/1034_TAI_ANG_XX.wav,1034,angry,ANG,1034_TAI_ANG_XX.wav,True,85462,1611608494000000000
/Users/jordanacle/Downloads/archive/Crema/1034_TAI_DIS_XX.wav,1034,disgust,DIS,1034_TAI_DIS_XX.wav,True,96140,1611608494000000000
/Users/jordanacle/Downloads/archive/Crema/1034_TAI_FEA_XX.wav,1034,fear,FEA,1034_TAI_FEA_XX.wav,True,70514,1611608494000000000
/Users/jordanacle/Downloads/archive/Crema/1034_TAI_NEU_XX.wav,1034,neutral,NEU,1034_TAI_NEU_XX.wav,True,68378,1611608494000000000
/Users/jordanacle/Downloads/archive/Crema/1034_TAI_SAD_XX.wav,1034,sad,SAD,1034_TAI_SAD_XX.wav,True,77988,1611608494000000000
/Users/jordanacle/Downloads/archive/Crema/1034_TIE_DIS_XX.wav,1034,disgust,DIS,1034_TIE_DIS_XX.wav,True,88666,1611608494000000000
/Users/jordanacle/Downloads/archive/Crema/1034_TIE_FEA_XX.wav,1034,fear,FEA,1034_TIE_FEA_XX.wav,True,79056,1611608494000000000
/Users/jordanacle/Downloads/archive/Crema/1034_TIE_ANG_XX.wav,1034,angry,ANG,1034_TIE_ANG_XX.wav,True,86530,1611608494000000000
/Users/jordanacle/Downloads/archive/Crema/1034_TIE_NEU_XX.wav,1034,neutral,NEU,1034_TIE_NEU_XX.wav,True,85462,1611608494000000000
/Users/jordanacle/Downloads/archive/Crema/1034_TIE_SAD_XX.wav,1034,sad,SAD,1034_TIE_SAD_XX.wav,True,88666,1611608494000000000
/Users/jordanacle/Downloads/archive/Crema/1034_TSI_DIS_XX.wav,1034,disgust,DIS,1034_TSI_DIS_XX.wav,True,85462,1611608494000000000
/Users/jordanacle/Downloads/archive/Crema/1034_TSI_FEA_XX.wav,1034,fear,FEA,1034_TSI_FEA_XX.wav,True,81192,1611608494000000000
/Users/jordanacle/Downloads/archive/Crema/1034_TSI_HAP_XX.wav,1034,happy,HAP,1034_TSI_HAP_XX.wav,True,94004,1611608494000000000
/Users/jordanacle/Downloads/archive/Crema/1034_TSI_NEU_XX.wav,1034,neutral,NEU,1034_TSI_NEU_XX.wav,True,67312,1611608494000000000
/Users/jordanacle/Downloads/archive/Crema/1034_TSI_SAD_XX.wav,1034,sad,SAD,1034_TSI_SAD_XX.wav,True,81192,1611608494000000000
/Users/jordanacle/Downloads/archive/Crema/1034_WSI_ANG_XX.wav,1034,angry,ANG,1034_WSI_ANG_XX.wav,True,97208,1611608494000000000
/Users/jordanacle/Downloads/archive/Crema/1034_WSI_HAP_XX.wav,1034,happy,HAP,1034_WSI_HAP_XX.wav,True,95072,1611608494000000000
/Users/jordanacle/Downloads/archive/Crema/1034_WSI_SAD_XX.wav,1034,sad,SAD,1034_WSI_SAD_XX.wav,True,80124,1611608494000000000
/Users/jordanacle/Downloads/archive/Crema/1034_WSI_DIS_XX.wav,1034,disgust,DIS,1034_WSI_DIS_XX.wav,True,90802,1611608494000000000
/Users/jordanacle/Downloads/archive/Crema/1034_WSI_FEA_XX.wav,1034,fear,FEA,1034_WSI_FEA_XX.wav,True,77988,1611608494000000000
/Users/jordanacle/Downloads/archive/Crema/1035_DFA_ANG_XX.wav,1035,angry,ANG,1035_DFA_ANG_XX.wav,True,70514,1611608494000000000
/Users/jordanacle/Downloads/archive/Crema/1035_DFA_DIS_XX.wav,1035,disgust,DIS,1035_DFA_DIS_XX.wav,True,86530,1611608494000000000
/Users/jordanacle/Downloads/archive/Crema/1035_DFA_FEA_XX.wav,1035,fear,FEA,1035_DFA_FEA_XX.wav,True,76920,1611608494000000000
/Users/jordanacle/Downloads/archive/Crema/1035_DFA_HAP_XX.wav,1035,happy,HAP,1035_DFA_HAP_XX.wav,True,73718,1611608494000000000
/Users/jordanacle/Downloads/archive/Crema/1035_DFA_NEU_XX.wav,1035,neutral,NEU,1035_DFA_NEU_XX.wav,True,67312,1611608494000000000
/Users/jordanacle/Downloads/archive/Crema/1035_DFA_SAD_XX.wav,1035,sad,SAD,1035_DFA_SAD_XX.wav,True,74786,1611608494000000000
/Users/jordanacle/Downloads/archive/Crema/1035_IEO_ANG_HI.wav,1035,angry,ANG,1035_IEO_ANG_HI.wav,True,81192,1611608494000000000
/Users/jordanacle/Downloads/archive/Crema/1035_IEO_ANG_MD.wav,1035,angry,ANG,1035_IEO_ANG_MD.wav,True,76920,1611608494000000000
/Users/jordanacle/Downloads/archive/Crema/1035_IEO_DIS_HI.wav,1035,disgust,DIS,1035_IEO_DIS_HI.wav,True,89734,1611608494000000000
/Users/jordanacle/Downloads/archive/Crema/1035_IEO_DIS_LO.wav,1035,disgust,DIS,1035_IEO_DIS_LO.wav,True,60904,1611608494000000000
/Users/jordanacle/Downloads/archive/Crema/1035_IEO_DIS_MD.wav,1035,disgust,DIS,1035_IEO_DIS_MD.wav,True,77988,1611608494000000000
/Users/jordanacle/Downloads/archive/Crema/1035_IEO_FEA_HI.wav,1035,fear,FEA,1035_IEO_FEA_HI.wav,True,58770,1611608494000000000
/Users/jordanacle/Downloads/archive/Crema/1035_IEO_FEA_LO.wav,1035,fear,FEA,1035_IEO_FEA_LO.wav,True,53430,1611608494000000000
/Users/jordanacle/Downloads/archive/Crema/1035_IEO_FEA_MD.wav,1035,fear,FEA,1035_IEO_FEA_MD.wav,True,73718,1611608494000000000
/Users/jordanacle/Downloads/archive/Crema/1035_IEO_HAP_MD.wav,1035,happy,HAP,1035_IEO_HAP_MD.wav,True,70514,1611608494000000000
/Users/jordanacle/Downloads/archive/Crema/1035_IEO_HAP_LO.wav,1035,happy,HAP,1035_IEO_HAP_LO.wav,True,63040,1611608494000000000
/Users/jordanacle/Downloads/archive/Crema/1035_IEO_NEU_XX.wav,1035,neutral,NEU,1035_IEO_NEU_XX.wav,True,70514,1611608494000000000
/Users/jordanacle/Downloads/archive/Crema/1035_IEO_SAD_HI.wav,1035,sad,SAD,1035_IEO_SAD_HI.wav,True,72650,1611608494000000000
/Users/jordanacle/Downloads/archive/Crema/1035_IEO_SAD_LO.wav,1035,sad,SAD,1035_IEO_SAD_LO.wav,True,68378,1611608494000000000
/Users/jordanacle/Downloads/archive/Crema/1035_IEO_SAD_MD.wav,1035,sad,SAD,1035_IEO_SAD_MD.wav,True,68378,1611608494000000000
/Users/jordanacle/Downloads/archive/Crema/1035_IOM_DIS_XX.wav,1035,disgust,DIS,1035_IOM_DIS_XX.wav,True,74786,1611608494000000000
/Users/jordanacle/Downloads/archive/Crema/1035_IOM_FEA_XX.wav,1035,fear,FEA,1035_IOM_FEA_XX.wav,True,80124,1611608494000000000
/Users/jordanacle/Downloads/archive/Crema/1035_IOM_HAP_XX.wav,1035,happy,HAP,1035_IOM_HAP_XX.wav,True,65176,1611608494000000000
/Users/jordanacle/Downloads/archive/Crema/1035_IOM_NEU_XX.wav,1035,neutral,NEU,1035_IOM_NEU_XX.wav,True,72650,1611608494000000000
/Users/jordanacle/Downloads/archive/Crema/1035_IOM_SAD_XX.wav,1035,sad,SAD,1035_IOM_SAD_XX.wav,True,73718,1611608494000000000
/Users/jordanacle/Downloads/archive/Crema/1035_ITH_DIS_XX.wav,1035,disgust,DIS,1035_ITH_DIS_XX.wav,True,96140,1611608494000000000
/Users/jordanacle/Downloads/archive/Crema/1035_ITH_ANG_XX.wav,1035,angry,ANG,1035_ITH_ANG_XX.wav,True,83328,1611608494000000000
/Users/jordanacle/Downloads/archive/Crema/1035_ITH_NEU_XX.wav,1035,neutral,NEU,1035_ITH_NEU_XX.wav,True,69446,1611608494000000000
/Users/jordanacle/Downloads/archive/Crema/1035_ITH_FEA_XX.wav,1035,fear,FEA,1035_ITH_FEA_XX.wav,True,80124,1611608494000000000
/Users/jordanacle/Downloads/archive/Crema/1035_ITH_SAD_XX.wav,1035,sad,SAD,1035_ITH_SAD_XX.wav,True,88666,1611608494000000000
/Users/jordanacle/Downloads/archive/Crema/1035_ITS_ANG_XX.wav,1035,angry,ANG,1035_ITS_ANG_XX.wav,True,79056,1611608494000000000
/Users/jordanacle/Downloads/archive/Crema/1035_ITS_DIS_XX.wav,1035,disgust,DIS,1035_ITS_DIS_XX.wav,True,89734,1611608494000000000
/Users/jordanacle/Downloads/archive/Crema/1035_ITS_FEA_XX.wav,1035,fear,FEA,1035_ITS_FEA_XX.wav,True,67312,1611608494000000000
/Users/jordanacle/Downloads/archive/Crema/1035_ITS_HAP_XX.wav,1035,happy,HAP,1035_ITS_HAP_XX.wav,True,75852,1611608494000000000
/Users/jordanacle/Downloads/archive/Crema/1035_IWL_ANG_XX.wav,1035,angry,ANG,1035_IWL_ANG_XX.wav,True,70514,1611608494000000000
/Users/jordanacle/Downloads/archive/Crema/1035_ITS_NEU_XX.wav,1035,neutral,NEU,1035_ITS_NEU_XX.wav,True,81192,1611608494000000000
/Users/jordanacle/Downloads/archive/Crema/1035_ITS_SAD_XX.wav,1035,sad,SAD,1035_ITS_SAD_XX.wav,True,75852,1611608494000000000
/Users/jordanacle/Downloads/archive/Crema/1035_IWL_HAP_XX.wav,1035,happy,HAP,1035_IWL_HAP_XX.wav,True,74786,1611608494000000000
/Users/jordanacle/Downloads/archive/Crema/1035_IWL_NEU_XX.wav,1035,neutral,NEU,1035_IWL_NEU_XX.wav,True,77988,1611608494000000000
/Users/jordanacle/Downloads/archive/Crema/1035_IWW_ANG_XX.wav,1035,angry,ANG,1035_IWW_ANG_XX.wav,True,75852,1611608494000000000
/Users/jordanacle/Downloads/archive/Crema/1035_IWW_NEU_XX.wav,1035,neutral,NEU,1035_IWW_NEU_XX.wav,True,72862,1611608494000000000
/Users/jordanacle/Downloads/archive/Crema/1035_IWW_HAP_XX.wav,1035,happy,HAP,1035_IWW_HAP_XX.wav,True,74786,1611608494000000000
/Users/jordanacle/Downloads/archive/Crema/1035_IWW_SAD_XX.wav,1035,sad,SAD,1035_IWW_SAD_XX.wav,True,66244,1611608494000000000
/Users/jordanacle/Downloads/archive/Crema/1035_MTI_ANG_XX.wav,1035,angry,ANG,1035_MTI_ANG_XX.wav,True,66244,1611608494000000000
/Users/jordanacle/Downloads/archive/Crema/1035_MTI_FEA_XX.wav,1035,fear,FEA,1035_MTI_FEA_XX.wav,True,91868,1611608494000000000
/Users/jordanacle/Downloads/archive/Crema/1035_MTI_DIS_XX.wav,1035,disgust,DIS,1035_MTI_DIS_XX.wav,True,86530,1611608494000000000
/Users/jordanacle/Downloads/archive/Crema/1035_MTI_HAP_XX.wav,1035,happy,HAP,1035_MTI_HAP_XX.wav,True,85462,1611608494000000000
/Users/jordanacle/Downloads/archive/Crema/1035_MTI_NEU_XX.wav,1035,neutral,NEU,1035_MTI_NEU_XX.wav,True,82260,1611608494000000000
/Users/jordanacle/Downloads/archive/Crema/1035_MTI_SAD_XX.wav,1035,sad,SAD,1035_MTI_SAD_XX.wav,True,92936,1611608494000000000
/Users/jordanacle/Downloads/archive/Crema/1035_TAI_ANG_XX.wav,1035,angry,ANG,1035_TAI_ANG_XX.wav,True,67312,1611608494000000000
/Users/jordanacle/Downloads/archive/Crema/1035_TAI_DIS_XX.wav,1035,disgust,DIS,1035_TAI_DIS_XX.wav,True,77988,1611608494000000000
/Users/jordanacle/Downloads/archive/Crema/1035_TAI_FEA_XX.wav,1035,fear,FEA,1035_TAI_FEA_XX.wav,True,70514,1611608494000000000
/Users/jordanacle/Downloads/archive/Crema/1035_TAI_HAP_XX.wav,1035,happy,HAP,1035_TAI_HAP_XX.wav,True,76920,1611608494000000000
/Users/jordanacle/Downloads/archive/Crema/1035_TAI_NEU_XX.wav,1035,neutral,NEU,1035_TAI_NEU_XX.wav,True,73718,1611608494000000000
/Users/jordanacle/Downloads/archive/Crema/1035_TIE_DIS_XX.wav,1035,disgust,DIS,1035_TIE_DIS_XX.wav,True,98276,1611608494000000000
/Users/jordanacle/Downloads/archive/Crema/1035_TAI_SAD_XX.wav,1035,sad,SAD,1035_TAI_SAD_XX.wav,True,90802,1611608494000000000
/Users/jordanacle/Downloads/archive/Crema/1035_TIE_ANG_XX.wav,1035,angry,ANG,1035_TIE_ANG_XX.wav,True,84394,1611608494000000000
/Users/jordanacle/Downloads/archive/Crema/1035_TIE_FEA_XX.wav,1035,fear,FEA,1035_TIE_FEA_XX.wav,True,74786,1611608494000000000
/Users/jordanacle/Downloads/archive/Crema/1035_TIE_NEU_XX.wav,1035,neutral,NEU,1035_TIE_NEU_XX.wav,True,81192,1611608494000000000
/Users/jordanacle/Downloads/archive/Crema/1035_TIE_SAD_XX.wav,1035,sad,SAD,1035_TIE_SAD_XX.wav,True,92936,1611608494000000000
/Users/jordanacle/Downloads/archive/Crema/1035_TSI_DIS_XX.wav,1035,disgust,DIS,1035_TSI_DIS_XX.wav,True,95072,1611608494000000000
/Users/jordanacle/Downloads/archive/Crema/1035_TSI_FEA_XX.wav,1035,fear,FEA,1035_TSI_FEA_XX.wav,True,77988,1611608494000000000
/Users/jordanacle/Downloads/archive/Crema/1035_TSI_HAP_XX.wav,1035,happy,HAP,1035_TSI_HAP_XX.wav,True,84394,1611608494000000000
/Users/jordanacle/Downloads/archive/Crema/1035_TSI_SAD_XX.wav,1035,sad,SAD,1035_TSI_SAD_XX.wav,True,95072,1611608494000000000
/Users/jordanacle/Downloads/archive/Crema/1035_WSI_DIS_XX.wav,1035,disgust,DIS,1035_WSI_DIS_XX.wav,True,101478,1611608494000000000
/Users/jordanacle/Downloads/archive/Crema/1035_WSI_ANG_XX.wav,1035,angry,ANG,1035_WSI_ANG_XX.wav,True,80124,1611608494000000000
/Users/jordanacle/Downloads/archive/Crema/1035_TSI_NEU_XX.wav,1035,neutral,NEU,1035_TSI_NEU_XX.wav,True,87598,1611608494000000000
/Users/jordanacle/Downloads/archive/Crema/1035_WSI_HAP_XX.wav,1035,happy,HAP,1035_WSI_HAP_XX.wav,True,80124,1611608494000000000
/Users/jordanacle/Downloads/archive/Crema/1035_WSI_SAD_XX.wav,1035,sad,SAD,1035_WSI_SAD_XX.wav,True,86530,1611608494000000000
/Users/jordanacle/Downloads/archive/Crema/1035_WSI_FEA_XX.wav,1035,fear,FEA,1035_WSI_FEA_XX.wav,True,92936,1611608494000000000
/Users/jordanacle/Downloads/archive/Crema/1035_WSI_NEU_XX.wav,1035,neutral,NEU,1035_WSI_NEU_XX.wav,True,84394,1611608494000000000
/Users/jordanacle/Downloads/archive/Crema/1036_DFA_ANG_XX.wav,1036,angry,ANG,1036_DFA_ANG_XX.wav,True,81192,1611608494000000000
/Users/jordanacle/Downloads/archive/Crema/1036_DFA_DIS_XX.wav,1036,disgust,DIS,1036_DFA_DIS_XX.wav,True,80124,1611608494000000000
/Users/jordanacle/Downloads/archive/Crema/1036_DFA_FEA_XX.wav,1036,fear,FEA,1036_DFA_FEA_XX.wav,True,88666,1611608494000000000
/Users/jordanacle/Downloads/archive/Crema/1036_DFA_SAD_XX.wav,1036,sad,SAD,1036_DFA_SAD_XX.wav,True,84394,1611608494000000000
/Users/jordanacle/Downloads/archive/Crema/1036_DFA_NEU_XX.wav,1036,neutral,NEU,1036_DFA_NEU_XX.wav,True,69446,1611608494000000000
/Users/jordanacle/Downloads/archive/Crema/1036_IEO_ANG_HI.wav,1036,angry,ANG,1036_IEO_ANG_HI.wav,True,100410,1611608494000000000
/Users/jordanacle/Downloads/archive/Crema/1036_IEO_ANG_MD.wav,1036,angry,ANG,1036_IEO_ANG_MD.wav,True,73718,1611608494000000000
/Users/jordanacle/Downloads/archive/Crema/1036_IEO_ANG_LO.wav,1036,angry,ANG,1036_IEO_ANG_LO.wav,True,69446,1611608494000000000
/Users/jordanacle/Downloads/archive/Crema/1036_IEO_DIS_HI.wav,1036,disgust,DIS,1036_IEO_DIS_HI.wav,True,90802,1611608494000000000
/Users/jordanacle/Downloads/archive/Crema/1036_IEO_DIS_MD.wav,1036,disgust,DIS,1036_IEO_DIS_MD.wav,True,64108,1611608494000000000
/Users/jordanacle/Downloads/archive/Crema/1036_IEO_FEA_HI.wav,1036,fear,FEA,1036_IEO_FEA_HI.wav,True,64108,1611608494000000000
/Users/jordanacle/Downloads/archive/Crema/1036_IEO_FEA_MD.wav,1036,fear,FEA,1036_IEO_FEA_MD.wav,True,60904,1611608494000000000
/Users/jordanacle/Downloads/archive/Crema/1036_IEO_HAP_HI.wav,1036,happy,HAP,1036_IEO_HAP_HI.wav,True,65176,1611608494000000000
/Users/jordanacle/Downloads/archive/Crema/1036_IEO_HAP_LO.wav,1036,happy,HAP,1036_IEO_HAP_LO.wav,True,56634,1611608494000000000
/Users/jordanacle/Downloads/archive/Crema/1036_IEO_NEU_XX.wav,1036,neutral,NEU,1036_IEO_NEU_XX.wav,True,57702,1611608494000000000
/Users/jordanacle/Downloads/archive/Crema/1036_IEO_SAD_HI.wav,1036,sad,SAD,1036_IEO_SAD_HI.wav,True,95072,1611608494000000000
/Users/jordanacle/Downloads/archive/Crema/1036_IEO_SAD_MD.wav,1036,sad,SAD,1036_IEO_SAD_MD.wav,True,82260,1611608494000000000
/Users/jordanacle/Downloads/archive/Crema/1036_IOM_ANG_XX.wav,1036,angry,ANG,1036_IOM_ANG_XX.wav,True,90802,1611608494000000000
/Users/jordanacle/Downloads/archive/Crema/1036_IOM_HAP_XX.wav,1036,happy,HAP,1036_IOM_HAP_XX.wav,True,83328,1611608494000000000
/Users/jordanacle/Downloads/archive/Crema/1036_IOM_NEU_XX.wav,1036,neutral,NEU,1036_IOM_NEU_XX.wav,True,73718,1611608494000000000
/Users/jordanacle/Downloads/archive/Crema/1036_ITH_ANG_XX.wav,1036,angry,ANG,1036_ITH_ANG_XX.wav,True,99344,1611608494000000000
/Users/jordanacle/Downloads/archive/Crema/1036_ITH_DIS_XX.wav,1036,disgust,DIS,1036_ITH_DIS_XX.wav,True,97208,1611608494000000000
/Users/jordanacle/Downloads/archive/Crema/1036_ITH_FEA_XX.wav,1036,fear,FEA,1036_ITH_FEA_XX.wav,True,96140,1611608494000000000
/Users/jordanacle/Downloads/archive/Crema/1036_ITH_SAD_XX.wav,1036,sad,SAD,1036_ITH_SAD_XX.wav,True,94004,1611608494000000000
/Users/jordanacle/Downloads/archive/Crema/1036_ITS_ANG_XX.wav,1036,angry,ANG,1036_ITS_ANG_XX.wav,True,82260,1611608494000000000
/Users/jordanacle/Downloads/archive/Crema/1036_ITS_DIS_XX.wav,1036,disgust,DIS,1036_ITS_DIS_XX.wav,True,85462,1611608494000000000
/Users/jordanacle/Downloads/archive/Crema/1036_ITS_FEA_XX.wav,1036,fear,FEA,1036_ITS_FEA_XX.wav,True,75854,1611608494000000000
/Users/jordanacle/Downloads/archive/Crema/1036_ITS_HAP_XX.wav,1036,happy,HAP,1036_ITS_HAP_XX.wav,True,73090,1611608494000000000
/Users/jordanacle/Downloads/archive/Crema/1036_ITH_HAP_XX.wav,1036,happy,HAP,1036_ITH_HAP_XX.wav,True,81192,1611608494000000000
/Users/jordanacle/Downloads/archive/Crema/1036_ITS_SAD_XX.wav,1036,sad,SAD,1036_ITS_SAD_XX.wav,True,92936,1611608494000000000
/Users/jordanacle/Downloads/archive/Crema/1036_IWL_DIS_XX.wav,1036,disgust,DIS,1036_IWL_DIS_XX.wav,True,87598,1611608494000000000
/Users/jordanacle/Downloads/archive/Crema/1036_IWL_FEA_XX.wav,1036,fear,FEA,1036_IWL_FEA_XX.wav,True,88666,1611608494000000000
/Users/jordanacle/Downloads/archive/Crema/1036_IWL_HAP_XX.wav,1036,happy,HAP,1036_IWL_HAP_XX.wav,True,88666,1611608494000000000
/Users/jordanacle/Downloads/archive/Crema/1036_IWL_NEU_XX.wav,1036,neutral,NEU,1036_IWL_NEU_XX.wav,True,84394,1611608494000000000
/Users/jordanacle/Downloads/archive/Crema/1036_IWL_SAD_XX.wav,1036,sad,SAD,1036_IWL_SAD_XX.wav,True,92936,1611608494000000000
/Users/jordanacle/Downloads/archive/Crema/1036_IWW_DIS_XX.wav,1036,disgust,DIS,1036_IWW_DIS_XX.wav,True,94004,1611608494000000000
/Users/jordanacle/Downloads/archive/Crema/1036_IWW_FEA_XX.wav,1036,fear,FEA,1036_IWW_FEA_XX.wav,True,96140,1611608494000000000
/Users/jordanacle/Downloads/archive/Crema/1036_IWW_NEU_XX.wav,1036,neutral,NEU,1036_IWW_NEU_XX.wav,True,79056,1611608494000000000
/Users/jordanacle/Downloads/archive/Crema/1036_IWW_HAP_XX.wav,1036,happy,HAP,1036_IWW_HAP_XX.wav,True,86530,1611608494000000000
/Users/jordanacle/Downloads/archive/Crema/1036_IWW_SAD_XX.wav,1036,sad,SAD,1036_IWW_SAD_XX.wav,True,89734,1611608494000000000
/Users/jordanacle/Downloads/archive/Crema/1036_MTI_ANG_XX.wav,1036,angry,ANG,1036_MTI_ANG_XX.wav,True,90802,1611608494000000000
/Users/jordanacle/Downloads/archive/Crema/1036_MTI_FEA_XX.wav,1036,fear,FEA,1036_MTI_FEA_XX.wav,True,91870,1611608494000000000
/Users/jordanacle/Downloads/archive/Crema/1036_MTI_NEU_XX.wav,1036,neutral,NEU,1036_MTI_NEU_XX.wav,True,75854,1611608494000000000
/Users/jordanacle/Downloads/archive/Crema/1036_MTI_DIS_XX.wav,1036,disgust,DIS,1036_MTI_DIS_XX.wav,True,104682,1611608494000000000
/Users/jordanacle/Downloads/archive/Crema/1036_MTI_SAD_XX.wav,1036,sad,SAD,1036_MTI_SAD_XX.wav,True,94004,1611608494000000000
/Users/jordanacle/Downloads/archive/Crema/1036_TAI_ANG_XX.wav,1036,angry,ANG,1036_TAI_ANG_XX.wav,True,82260,1611608494000000000
/Users/jordanacle/Downloads/archive/Crema/1036_TAI_FEA_XX.wav,1036,fear,FEA,1036_TAI_FEA_XX.wav,True,90802,1611608494000000000
/Users/jordanacle/Downloads/archive/Crema/1036_TAI_DIS_XX.wav,1036,disgust,DIS,1036_TAI_DIS_XX.wav,True,99344,1611608494000000000
/Users/jordanacle/Downloads/archive/Crema/1036_TAI_HAP_XX.wav,1036,happy,HAP,1036_TAI_HAP_XX.wav,True,104682,1611608494000000000
/Users/jordanacle/Downloads/archive/Crema/1036_TIE_ANG_XX.wav,1036,angry,ANG,1036_TIE_ANG_XX.wav,True,100410,1611608494000000000
/Users/jordanacle/Downloads/archive/Crema/1036_TAI_SAD_XX.wav,1036,sad,SAD,1036_TAI_SAD_XX.wav,True,103614,1611608494000000000
/Users/jordanacle/Downloads/archive/Crema/1036_TIE_DIS_XX.wav,1036,disgust,DIS,1036_TIE_DIS_XX.wav,True,113224,1611608494000000000
/Users/jordanacle/Downloads/archive/Crema/1036_TIE_FEA_XX.wav,1036,fear,FEA,1036_TIE_FEA_XX.wav,True,86530,1611608494000000000
/Users/jordanacle/Downloads/archive/Crema/1036_TIE_HAP_XX.wav,1036,happy,HAP,1036_TIE_HAP_XX.wav,True,90802,1611608494000000000
/Users/jordanacle/Downloads/archive/Crema/1036_TIE_NEU_XX.wav,1036,neutral,NEU,1036_TIE_NEU_XX.wav,True,76920,1611608494000000000
/Users/jordanacle/Downloads/archive/Crema/1036_TIE_SAD_XX.wav,1036,sad,SAD,1036_TIE_SAD_XX.wav,True,121766,1611608494000000000
/Users/jordanacle/Downloads/archive/Crema/1036_TSI_HAP_XX.wav,1036,happy,HAP,1036_TSI_HAP_XX.wav,True,86530,1611608494000000000
/Users/jordanacle/Downloads/archive/Crema/1036_TSI_ANG_XX.wav,1036,angry,ANG,1036_TSI_ANG_XX.wav,True,81192,1611608494000000000
/Users/jordanacle/Downloads/archive/Crema/1036_TSI_NEU_XX.wav,1036,neutral,NEU,1036_TSI_NEU_XX.wav,True,74786,1611608494000000000
/Users/jordanacle/Downloads/archive/Crema/1036_WSI_ANG_XX.wav,1036,angry,ANG,1036_WSI_ANG_XX.wav,True,90802,1611608494000000000
/Users/jordanacle/Downloads/archive/Crema/1036_WSI_DIS_XX.wav,1036,disgust,DIS,1036_WSI_DIS_XX.wav,True,101478,1611608494000000000
/Users/jordanacle/Downloads/archive/Crema/1036_WSI_FEA_XX.wav,1036,fear,FEA,1036_WSI_FEA_XX.wav,True,95072,1611608494000000000
/Users/jordanacle/Downloads/archive/Crema/1036_WSI_NEU_XX.wav,1036,neutral,NEU,1036_WSI_NEU_XX.wav,True,79056,1611608494000000000
/Users/jordanacle/Downloads/archive/Crema/1036_WSI_SAD_XX.wav,1036,sad,SAD,1036_WSI_SAD_XX.wav,True,95072,1611608494000000000
/Users/jordanacle/Downloads/archive/Crema/1037_DFA_ANG_XX.wav,1037,angry,ANG,1037_DFA_ANG_XX.wav,True,82260,1611608494000000000
/Users/jordanacle/Downloads/archive/Crema/1037_DFA_DIS_XX.wav,1037,disgust,DIS,1037_DFA_DIS_XX.wav,True,73090,1611608494000000000
/Users/jordanacle/Downloads/archive/Crema/1037_DFA_FEA_XX.wav,1037,fear,FEA,1037_DFA_FEA_XX.wav,True,67312,1611608494000000000
/Users/jordanacle/Downloads/archive/Crema/1037_DFA_NEU_XX.wav,1037,neutral,NEU,1037_DFA_NEU_XX.wav,True,63040,1611608494000000000
/Users/jordanacle/Downloads/archive/Crema/1037_DFA_SAD_XX.wav,1037,sad,SAD,1037_DFA_SAD_XX.wav,True,74786,1611608494000000000
/Users/jordanacle/Downloads/archive/Crema/1037_IEO_ANG_HI.wav,1037,angry,ANG,1037_IEO_ANG_HI.wav,True,72650,1611608494000000000
/Users/jordanacle/Downloads/archive/Crema/1037_IEO_ANG_LO.wav,1037,angry,ANG,1037_IEO_ANG_LO.wav,True,70514,1611608494000000000
/Users/jordanacle/Downloads/archive/Crema/1037_IEO_ANG_MD.wav,1037,angry,ANG,1037_IEO_ANG_MD.wav,True,91868,1611608494000000000
/Users/jordanacle/Downloads/archive/Crema/1037_IEO_DIS_HI.wav,1037,disgust,DIS,1037_IEO_DIS_HI.wav,True,72650,1611608494000000000
/Users/jordanacle/Downloads/archive/Crema/1037_IEO_FEA_HI.wav,1037,fear,FEA,1037_IEO_FEA_HI.wav,True,60904,1611608494000000000
/Users/jordanacle/Downloads/archive/Crema/1037_IEO_DIS_MD.wav,1037,disgust,DIS,1037_IEO_DIS_MD.wav,True,76920,1611608494000000000
/Users/jordanacle/Downloads/archive/Crema/1037_IEO_FEA_MD.wav,1037,fear,FEA,1037_IEO_FEA_MD.wav,True,60904,1611608494000000000
/Users/jordanacle/Downloads/archive/Crema/1037_IEO_HAP_HI.wav,1037,happy,HAP,1037_IEO_HAP_HI.wav,True,57702,1611608494000000000
/Users/jordanacle/Downloads/archive/Crema/1037_IEO_HAP_LO.wav,1037,happy,HAP,1037_IEO_HAP_LO.wav,True,53430,1611608494000000000
/Users/jordanacle/Downloads/archive/Crema/1037_IEO_HAP_MD.wav,1037,happy,HAP,1037_IEO_HAP_MD.wav,True,60904,1611608494000000000
/Users/jordanacle/Downloads/archive/Crema/1037_IEO_NEU_XX.wav,1037,neutral,NEU,1037_IEO_NEU_XX.wav,True,53430,1611608494000000000
/Users/jordanacle/Downloads/archive/Crema/1037_IEO_SAD_HI.wav,1037,sad,SAD,1037_IEO_SAD_HI.wav,True,65176,1611608494000000000
/Users/jordanacle/Downloads/archive/Crema/1037_IEO_SAD_LO.wav,1037,sad,SAD,1037_IEO_SAD_LO.wav,True,58770,1611608494000000000
/Users/jordanacle/Downloads/archive/Crema/1037_IEO_SAD_MD.wav,1037,sad,SAD,1037_IEO_SAD_MD.wav,True,66244,1611608494000000000
/Users/jordanacle/Downloads/archive/Crema/1037_IOM_ANG_XX.wav,1037,angry,ANG,1037_IOM_ANG_XX.wav,True,88666,1611608494000000000
/Users/jordanacle/Downloads/archive/Crema/1037_IOM_HAP_XX.wav,1037,happy,HAP,1037_IOM_HAP_XX.wav,True,57702,1611608494000000000
/Users/jordanacle/Downloads/archive/Crema/1037_IOM_FEA_XX.wav,1037,fear,FEA,1037_IOM_FEA_XX.wav,True,89734,1611608494000000000
/Users/jordanacle/Downloads/archive/Crema/1037_IOM_NEU_XX.wav,1037,neutral,NEU,1037_IOM_NEU_XX.wav,True,70514,1611608494000000000
/Users/jordanacle/Downloads/archive/Crema/1037_ITH_ANG_XX.wav,1037,angry,ANG,1037_ITH_ANG_XX.wav,True,94004,1611608494000000000
/Users/jordanacle/Downloads/archive/Crema/1037_ITH_DIS_XX.wav,1037,disgust,DIS,1037_ITH_DIS_XX.wav,True,92936,1611608494000000000
/Users/jordanacle/Downloads/archive/Crema/1037_ITH_FEA_XX.wav,1037,fear,FEA,1037_ITH_FEA_XX.wav,True,85462,1611608494000000000
/Users/jordanacle/Downloads/archive/Crema/1037_ITH_HAP_XX.wav,1037,happy,HAP,1037_ITH_HAP_XX.wav,True,81192,1611608494000000000
/Users/jordanacle/Downloads/archive/Crema/1037_ITH_SAD_XX.wav,1037,sad,SAD,1037_ITH_SAD_XX.wav,True,100410,1611608494000000000
/Users/jordanacle/Downloads/archive/Crema/1037_ITS_ANG_XX.wav,1037,angry,ANG,1037_ITS_ANG_XX.wav,True,96140,1611608494000000000
/Users/jordanacle/Downloads/archive/Crema/1037_ITS_DIS_XX.wav,1037,disgust,DIS,1037_ITS_DIS_XX.wav,True,92936,1611608494000000000
/Users/jordanacle/Downloads/archive/Crema/1037_ITS_FEA_XX.wav,1037,fear,FEA,1037_ITS_FEA_XX.wav,True,81192,1611608494000000000
/Users/jordanacle/Downloads/archive/Crema/1037_ITS_HAP_XX.wav,1037,happy,HAP,1037_ITS_HAP_XX.wav,True,83328,1611608494000000000
/Users/jordanacle/Downloads/archive/Crema/1037_ITS_SAD_XX.wav,1037,sad,SAD,1037_ITS_SAD_XX.wav,True,83328,1611608494000000000
/Users/jordanacle/Downloads/archive/Crema/1037_IWL_DIS_XX.wav,1037,disgust,DIS,1037_IWL_DIS_XX.wav,True,97208,1611608494000000000
/Users/jordanacle/Downloads/archive/Crema/1037_IWL_FEA_XX.wav,1037,fear,FEA,1037_IWL_FEA_XX.wav,True,81192,1611608494000000000
/Users/jordanacle/Downloads/archive/Crema/1037_IWL_HAP_XX.wav,1037,happy,HAP,1037_IWL_HAP_XX.wav,True,85462,1611608494000000000
/Users/jordanacle/Downloads/archive/Crema/1037_IWL_NEU_XX.wav,1037,neutral,NEU,1037_IWL_NEU_XX.wav,True,70514,1611608494000000000
/Users/jordanacle/Downloads/archive/Crema/1037_IWL_SAD_XX.wav,1037,sad,SAD,1037_IWL_SAD_XX.wav,True,97208,1611608494000000000
/Users/jordanacle/Downloads/archive/Crema/1037_IWW_DIS_XX.wav,1037,disgust,DIS,1037_IWW_DIS_XX.wav,True,96140,1611608494000000000
/Users/jordanacle/Downloads/archive/Crema/1037_IWW_FEA_XX.wav,1037,fear,FEA,1037_IWW_FEA_XX.wav,True,88666,1611608494000000000
/Users/jordanacle/Downloads/archive/Crema/1037_IWW_HAP_XX.wav,1037,happy,HAP,1037_IWW_HAP_XX.wav,True,75854,1611608494000000000
/Users/jordanacle/Downloads/archive/Crema/1037_IWW_NEU_XX.wav,1037,neutral,NEU,1037_IWW_NEU_XX.wav,True,84394,1611608496000000000
/Users/jordanacle/Downloads/archive/Crema/1037_IWW_SAD_XX.wav,1037,sad,SAD,1037_IWW_SAD_XX.wav,True,94004,1611608496000000000
/Users/jordanacle/Downloads/archive/Crema/1037_MTI_ANG_XX.wav,1037,angry,ANG,1037_MTI_ANG_XX.wav,True,99344,1611608496000000000
/Users/jordanacle/Downloads/archive/Crema/1037_MTI_DIS_XX.wav,1037,disgust,DIS,1037_MTI_DIS_XX.wav,True,103614,1611608496000000000
/Users/jordanacle/Downloads/archive/Crema/1037_MTI_FEA_XX.wav,1037,fear,FEA,1037_MTI_FEA_XX.wav,True,92936,1611608496000000000
/Users/jordanacle/Downloads/archive/Crema/1037_MTI_HAP_XX.wav,1037,happy,HAP,1037_MTI_HAP_XX.wav,True,92936,1611608496000000000
/Users/jordanacle/Downloads/archive/Crema/1037_MTI_NEU_XX.wav,1037,neutral,NEU,1037_MTI_NEU_XX.wav,True,88666,1611608496000000000
/Users/jordanacle/Downloads/archive/Crema/1037_MTI_SAD_XX.wav,1037,sad,SAD,1037_MTI_SAD_XX.wav,True,97208,1611608496000000000
/Users/jordanacle/Downloads/archive/Crema/1037_TAI_ANG_XX.wav,1037,angry,ANG,1037_TAI_ANG_XX.wav,True,98276,1611608496000000000
/Users/jordanacle/Downloads/archive/Crema/1037_TAI_DIS_XX.wav,1037,disgust,DIS,1037_TAI_DIS_XX.wav,True,95072,1611608496000000000
/Users/jordanacle/Downloads/archive/Crema/1037_TAI_HAP_XX.wav,1037,happy,HAP,1037_TAI_HAP_XX.wav,True,88666,1611608496000000000
/Users/jordanacle/Downloads/archive/Crema/1037_TAI_FEA_XX.wav,1037,fear,FEA,1037_TAI_FEA_XX.wav,True,86530,1611608496000000000
/Users/jordanacle/Downloads/archive/Crema/1037_TAI_SAD_XX.wav,1037,sad,SAD,1037_TAI_SAD_XX.wav,True,94004,1611608496000000000
/Users/jordanacle/Downloads/archive/Crema/1037_TIE_ANG_XX.wav,1037,angry,ANG,1037_TIE_ANG_XX.wav,True,95072,1611608496000000000
/Users/jordanacle/Downloads/archive/Crema/1037_TIE_DIS_XX.wav,1037,disgust,DIS,1037_TIE_DIS_XX.wav,True,101478,1611608496000000000
/Users/jordanacle/Downloads/archive/Crema/1037_TIE_FEA_XX.wav,1037,fear,FEA,1037_TIE_FEA_XX.wav,True,89734,1611608496000000000
/Users/jordanacle/Downloads/archive/Crema/1037_TIE_HAP_XX.wav,1037,happy,HAP,1037_TIE_HAP_XX.wav,True,86530,1611608496000000000
/Users/jordanacle/Downloads/archive/Crema/1037_TIE_SAD_XX.wav,1037,sad,SAD,1037_TIE_SAD_XX.wav,True,100410,1611608496000000000
/Users/jordanacle/Downloads/archive/Crema/1037_TSI_ANG_XX.wav,1037,angry,ANG,1037_TSI_ANG_XX.wav,True,90802,1611608496000000000
/Users/jordanacle/Downloads/archive/Crema/1037_TSI_HAP_XX.wav,1037,happy,HAP,1037_TSI_HAP_XX.wav,True,79056,1611608496000000000
/Users/jordanacle/Downloads/archive/Crema/1037_TSI_NEU_XX.wav,1037,neutral,NEU,1037_TSI_NEU_XX.wav,True,87598,1611608496000000000
/Users/jordanacle/Downloads/archive/Crema/1037_WSI_ANG_XX.wav,1037,angry,ANG,1037_WSI_ANG_XX.wav,True,101478,1611608496000000000
/Users/jordanacle/Downloads/archive/Crema/1037_TSI_SAD_XX.wav,1037,sad,SAD,1037_TSI_SAD_XX.wav,True,82260,1611608496000000000
/Users/jordanacle/Downloads/archive/Crema/1037_WSI_DIS_XX.wav,1037,disgust,DIS,1037_WSI_DIS_XX.wav,True,95072,1611608496000000000
/Users/jordanacle/Downloads/archive/Crema/1037_WSI_FEA_XX.wav,1037,fear,FEA,1037_WSI_FEA_XX.wav,True,85462,1611608496000000000
/Users/jordanacle/Downloads/archive/Crema/1037_WSI_NEU_XX.wav,1037,neutral,NEU,1037_WSI_NEU_XX.wav,True,87598,1611608496000000000
/Users/jordanacle/Downloads/archive/Crema/1037_WSI_SAD_XX.wav,1037,sad,SAD,1037_WSI_SAD_XX.wav,True,86530,1611608496000000000
/Users/jordanacle/Downloads/archive/Crema/1038_DFA_ANG_XX.wav,1038,angry,ANG,1038_DFA_ANG_XX.wav,True,82260,1611608496000000000
/Users/jordanacle/Downloads/archive/Crema/1038_DFA_DIS_XX.wav,1038,disgust,DIS,1038_DFA_DIS_XX.wav,True,103614,1611608496000000000
/Users/jordanacle/Downloads/archive/Crema/1038_DFA_FEA_XX.wav,1038,fear,FEA,1038_DFA_FEA_XX.wav,True,72650,1611608496000000000
/Users/jordanacle/Downloads/archive/Crema/1038_DFA_NEU_XX.wav,1038,neutral,NEU,1038_DFA_NEU_XX.wav,True,72650,1611608496000000000
/Users/jordanacle/Downloads/archive/Crema/1038_DFA_SAD_XX.wav,1038,sad,SAD,1038_DFA_SAD_XX.wav,True,74786,1611608496000000000
/Users/jordanacle/Downloads/archive/Crema/1038_IEO_ANG_HI.wav,1038,angry,ANG,1038_IEO_ANG_HI.wav,True,97208,1611608496000000000
/Users/jordanacle/Downloads/archive/Crema/1038_IEO_ANG_LO.wav,1038,angry,ANG,1038_IEO_ANG_LO.wav,True,65176,1611608496000000000
/Users/jordanacle/Downloads/archive/Crema/1038_IEO_ANG_MD.wav,1038,angry,ANG,1038_IEO_ANG_MD.wav,True,67312,1611608496000000000
/Users/jordanacle/Downloads/archive/Crema/1038_IEO_DIS_HI.wav,1038,disgust,DIS,1038_IEO_DIS_HI.wav,True,89734,1611608496000000000
/Users/jordanacle/Downloads/archive/Crema/1038_IEO_DIS_LO.wav,1038,disgust,DIS,1038_IEO_DIS_LO.wav,True,74786,1611608496000000000
/Users/jordanacle/Downloads/archive/Crema/1038_IEO_DIS_MD.wav,1038,disgust,DIS,1038_IEO_DIS_MD.wav,True,87598,1611608496000000000
/Users/jordanacle/Downloads/archive/Crema/1038_IEO_FEA_LO.wav,1038,fear,FEA,1038_IEO_FEA_LO.wav,True,65176,1611608496000000000
/Users/jordanacle/Downloads/archive/Crema/1038_IEO_FEA_HI.wav,1038,fear,FEA,1038_IEO_FEA_HI.wav,True,56634,1611608496000000000
/Users/jordanacle/Downloads/archive/Crema/1038_IEO_FEA_MD.wav,1038,fear,FEA,1038_IEO_FEA_MD.wav,True,81192,1611608496000000000
/Users/jordanacle/Downloads/archive/Crema/1038_IEO_HAP_HI.wav,1038,happy,HAP,1038_IEO_HAP_HI.wav,True,60904,1611608496000000000
/Users/jordanacle/Downloads/archive/Crema/1038_IEO_HAP_LO.wav,1038,happy,HAP,1038_IEO_HAP_LO.wav,True,66244,1611608496000000000
/Users/jordanacle/Downloads/archive/Crema/1038_IEO_NEU_XX.wav,1038,neutral,NEU,1038_IEO_NEU_XX.wav,True,63040,1611608496000000000
/Users/jordanacle/Downloads/archive/Crema/1038_IEO_SAD_HI.wav,1038,sad,SAD,1038_IEO_SAD_HI.wav,True,89734,1611608496000000000
/Users/jordanacle/Downloads/archive/Crema/1038_IEO_SAD_MD.wav,1038,sad,SAD,1038_IEO_SAD_MD.wav,True,77988,1611608496000000000
/Users/jordanacle/Downloads/archive/Crema/1038_IOM_ANG_XX.wav,1038,angry,ANG,1038_IOM_ANG_XX.wav,True,88666,1611608496000000000
/Users/jordanacle/Downloads/archive/Crema/1038_IOM_HAP_XX.wav,1038,happy,HAP,1038_IOM_HAP_XX.wav,True,76920,1611608496000000000
/Users/jordanacle/Downloads/archive/Crema/1038_IOM_NEU_XX.wav,1038,neutral,NEU,1038_IOM_NEU_XX.wav,True,84394,1611608496000000000
/Users/jordanacle/Downloads/archive/Crema/1038_ITH_ANG_XX.wav,1038,angry,ANG,1038_ITH_ANG_XX.wav,True,91868,1611608496000000000
/Users/jordanacle/Downloads/archive/Crema/1038_ITH_DIS_XX.wav,1038,disgust,DIS,1038_ITH_DIS_XX.wav,True,140984,1611608496000000000
/Users/jordanacle/Downloads/archive/Crema/1038_ITH_FEA_XX.wav,1038,fear,FEA,1038_ITH_FEA_XX.wav,True,86530,1611608496000000000
/Users/jordanacle/Downloads/archive/Crema/1038_ITH_SAD_XX.wav,1038,sad,SAD,1038_ITH_SAD_XX.wav,True,91868,1611608496000000000
/Users/jordanacle/Downloads/archive/Crema/1038_ITH_HAP_XX.wav,1038,happy,HAP,1038_ITH_HAP_XX.wav,True,73718,1611608496000000000
/Users/jordanacle/Downloads/archive/Crema/1038_ITS_ANG_XX.wav,1038,angry,ANG,1038_ITS_ANG_XX.wav,True,96140,1611608496000000000
/Users/jordanacle/Downloads/archive/Crema/1038_ITS_DIS_XX.wav,1038,disgust,DIS,1038_ITS_DIS_XX.wav,True,113224,1611608496000000000
/Users/jordanacle/Downloads/archive/Crema/1038_ITS_FEA_XX.wav,1038,fear,FEA,1038_ITS_FEA_XX.wav,True,72650,1611608496000000000
/Users/jordanacle/Downloads/archive/Crema/1038_ITS_HAP_XX.wav,1038,happy,HAP,1038_ITS_HAP_XX.wav,True,86530,1611608496000000000
/Users/jordanacle/Downloads/archive/Crema/1038_ITS_SAD_XX.wav,1038,sad,SAD,1038_ITS_SAD_XX.wav,True,95072,1611608496000000000
/Users/jordanacle/Downloads/archive/Crema/1038_IWL_ANG_XX.wav,1038,angry,ANG,1038_IWL_ANG_XX.wav,True,88666,1611608496000000000
/Users/jordanacle/Downloads/archive/Crema/1038_IWL_DIS_XX.wav,1038,disgust,DIS,1038_IWL_DIS_XX.wav,True,137782,1611608496000000000
/Users/jordanacle/Downloads/archive/Crema/1038_IWL_FEA_XX.wav,1038,fear,FEA,1038_IWL_FEA_XX.wav,True,77988,1611608496000000000
/Users/jordanacle/Downloads/archive/Crema/1038_IWL_SAD_XX.wav,1038,sad,SAD,1038_IWL_SAD_XX.wav,True,95072,1611608496000000000
/Users/jordanacle/Downloads/archive/Crema/1038_IWL_HAP_XX.wav,1038,happy,HAP,1038_IWL_HAP_XX.wav,True,88666,1611608496000000000
/Users/jordanacle/Downloads/archive/Crema/1038_IWL_NEU_XX.wav,1038,neutral,NEU,1038_IWL_NEU_XX.wav,True,95072,1611608496000000000
/Users/jordanacle/Downloads/archive/Crema/1038_IWW_DIS_XX.wav,1038,disgust,DIS,1038_IWW_DIS_XX.wav,True,95072,1611608496000000000
/Users/jordanacle/Downloads/archive/Crema/1038_IWW_FEA_XX.wav,1038,fear,FEA,1038_IWW_FEA_XX.wav,True,81192,1611608496000000000
/Users/jordanacle/Downloads/archive/Crema/1038_IWW_HAP_XX.wav,1038,happy,HAP,1038_IWW_HAP_XX.wav,True,72650,1611608496000000000
/Users/jordanacle/Downloads/archive/Crema/1038_IWW_NEU_XX.wav,1038,neutral,NEU,1038_IWW_NEU_XX.wav,True,88666,1611608496000000000
/Users/jordanacle/Downloads/archive/Crema/1038_IWW_SAD_XX.wav,1038,sad,SAD,1038_IWW_SAD_XX.wav,True,85462,1611608496000000000
/Users/jordanacle/Downloads/archive/Crema/1038_MTI_ANG_XX.wav,1038,angry,ANG,1038_MTI_ANG_XX.wav,True,87598,1611608496000000000
/Users/jordanacle/Downloads/archive/Crema/1038_MTI_DIS_XX.wav,1038,disgust,DIS,1038_MTI_DIS_XX.wav,True,104682,1611608496000000000
/Users/jordanacle/Downloads/archive/Crema/1038_MTI_FEA_XX.wav,1038,fear,FEA,1038_MTI_FEA_XX.wav,True,88666,1611608496000000000
/Users/jordanacle/Downloads/archive/Crema/1038_MTI_NEU_XX.wav,1038,neutral,NEU,1038_MTI_NEU_XX.wav,True,94004,1611608496000000000
/Users/jordanacle/Downloads/archive/Crema/1038_MTI_HAP_XX.wav,1038,happy,HAP,1038_MTI_HAP_XX.wav,True,91868,1611608496000000000
/Users/jordanacle/Downloads/archive/Crema/1038_MTI_SAD_XX.wav,1038,sad,SAD,1038_MTI_SAD_XX.wav,True,96140,1611608496000000000
/Users/jordanacle/Downloads/archive/Crema/1038_TAI_ANG_XX.wav,1038,angry,ANG,1038_TAI_ANG_XX.wav,True,95072,1611608496000000000
/Users/jordanacle/Downloads/archive/Crema/1038_TAI_DIS_XX.wav,1038,disgust,DIS,1038_TAI_DIS_XX.wav,True,95072,1611608496000000000
/Users/jordanacle/Downloads/archive/Crema/1038_TAI_FEA_XX.wav,1038,fear,FEA,1038_TAI_FEA_XX.wav,True,80124,1611608496000000000
/Users/jordanacle/Downloads/archive/Crema/1038_TAI_SAD_XX.wav,1038,sad,SAD,1038_TAI_SAD_XX.wav,True,94004,1611608496000000000
/Users/jordanacle/Downloads/archive/Crema/1038_TAI_HAP_XX.wav,1038,happy,HAP,1038_TAI_HAP_XX.wav,True,81192,1611608496000000000
/Users/jordanacle/Downloads/archive/Crema/1038_TIE_ANG_XX.wav,1038,angry,ANG,1038_TIE_ANG_XX.wav,True,90802,1611608496000000000
/Users/jordanacle/Downloads/archive/Crema/1038_TIE_DIS_XX.wav,1038,disgust,DIS,1038_TIE_DIS_XX.wav,True,108952,1611608496000000000
/Users/jordanacle/Downloads/archive/Crema/1038_TIE_FEA_XX.wav,1038,fear,FEA,1038_TIE_FEA_XX.wav,True,81192,1611608496000000000
/Users/jordanacle/Downloads/archive/Crema/1038_TIE_HAP_XX.wav,1038,happy,HAP,1038_TIE_HAP_XX.wav,True,81192,1611608496000000000
/Users/jordanacle/Downloads/archive/Crema/1038_TIE_SAD_XX.wav,1038,sad,SAD,1038_TIE_SAD_XX.wav,True,71582,1611608496000000000
/Users/jordanacle/Downloads/archive/Crema/1038_TSI_ANG_XX.wav,1038,angry,ANG,1038_TSI_ANG_XX.wav,True,85462,1611608496000000000
/Users/jordanacle/Downloads/archive/Crema/1038_TSI_DIS_XX.wav,1038,disgust,DIS,1038_TSI_DIS_XX.wav,True,89734,1611608496000000000
/Users/jordanacle/Downloads/archive/Crema/1038_TSI_FEA_XX.wav,1038,fear,FEA,1038_TSI_FEA_XX.wav,True,75852,1611608496000000000
/Users/jordanacle/Downloads/archive/Crema/1038_TSI_NEU_XX.wav,1038,neutral,NEU,1038_TSI_NEU_XX.wav,True,94004,1611608496000000000
/Users/jordanacle/Downloads/archive/Crema/1038_TSI_HAP_XX.wav,1038,happy,HAP,1038_TSI_HAP_XX.wav,True,87598,1611608496000000000
/Users/jordanacle/Downloads/archive/Crema/1038_WSI_ANG_XX.wav,1038,angry,ANG,1038_WSI_ANG_XX.wav,True,94004,1611608496000000000
/Users/jordanacle/Downloads/archive/Crema/1038_WSI_DIS_XX.wav,1038,disgust,DIS,1038_WSI_DIS_XX.wav,True,113224,1611608496000000000
/Users/jordanacle/Downloads/archive/Crema/1038_WSI_FEA_XX.wav,1038,fear,FEA,1038_WSI_FEA_XX.wav,True,85462,1611608496000000000
/Users/jordanacle/Downloads/archive/Crema/1038_WSI_NEU_XX.wav,1038,neutral,NEU,1038_WSI_NEU_XX.wav,True,92936,1611608496000000000
/Users/jordanacle/Downloads/archive/Crema/1038_WSI_SAD_XX.wav,1038,sad,SAD,1038_WSI_SAD_XX.wav,True,95072,1611608496000000000
/Users/jordanacle/Downloads/archive/Crema/1039_DFA_ANG_XX.wav,1039,angry,ANG,1039_DFA_ANG_XX.wav,True,80124,1611608496000000000
/Users/jordanacle/Downloads/archive/Crema/1039_DFA_DIS_XX.wav,1039,disgust,DIS,1039_DFA_DIS_XX.wav,True,77988,1611608496000000000
/Users/jordanacle/Downloads/archive/Crema/1039_DFA_FEA_XX.wav,1039,fear,FEA,1039_DFA_FEA_XX.wav,True,88666,1611608496000000000
/Users/jordanacle/Downloads/archive/Crema/1039_DFA_NEU_XX.wav,1039,neutral,NEU,1039_DFA_NEU_XX.wav,True,66244,1611608496000000000
/Users/jordanacle/Downloads/archive/Crema/1039_DFA_SAD_XX.wav,1039,sad,SAD,1039_DFA_SAD_XX.wav,True,63040,1611608496000000000
/Users/jordanacle/Downloads/archive/Crema/1039_IEO_ANG_HI.wav,1039,angry,ANG,1039_IEO_ANG_HI.wav,True,73090,1611608496000000000
/Users/jordanacle/Downloads/archive/Crema/1039_IEO_ANG_LO.wav,1039,angry,ANG,1039_IEO_ANG_LO.wav,True,63040,1611608496000000000
/Users/jordanacle/Downloads/archive/Crema/1039_IEO_ANG_MD.wav,1039,angry,ANG,1039_IEO_ANG_MD.wav,True,58770,1611608496000000000
/Users/jordanacle/Downloads/archive/Crema/1039_IEO_DIS_HI.wav,1039,disgust,DIS,1039_IEO_DIS_HI.wav,True,72650,1611608496000000000
/Users/jordanacle/Downloads/archive/Crema/1039_IEO_FEA_HI.wav,1039,fear,FEA,1039_IEO_FEA_HI.wav,True,76920,1611608496000000000
/Users/jordanacle/Downloads/archive/Crema/1039_IEO_FEA_MD.wav,1039,fear,FEA,1039_IEO_FEA_MD.wav,True,70514,1611608496000000000
/Users/jordanacle/Downloads/archive/Crema/1039_IEO_DIS_MD.wav,1039,disgust,DIS,1039_IEO_DIS_MD.wav,True,82260,1611608496000000000
/Users/jordanacle/Downloads/archive/Crema/1039_IEO_HAP_HI.wav,1039,happy,HAP,1039_IEO_HAP_HI.wav,True,72650,1611608496000000000
/Users/jordanacle/Downloads/archive/Crema/1039_IEO_HAP_LO.wav,1039,happy,HAP,1039_IEO_HAP_LO.wav,True,68378,1611608496000000000
/Users/jordanacle/Downloads/archive/Crema/1039_IEO_NEU_XX.wav,1039,neutral,NEU,1039_IEO_NEU_XX.wav,True,61972,1611608496000000000
/Users/jordanacle/Downloads/archive/Crema/1039_IEO_SAD_HI.wav,1039,sad,SAD,1039_IEO_SAD_HI.wav,True,68378,1611608496000000000
/Users/jordanacle/Downloads/archive/Crema/1039_IEO_SAD_LO.wav,1039,sad,SAD,1039_IEO_SAD_LO.wav,True,65176,1611608496000000000
/Users/jordanacle/Downloads/archive/Crema/1039_IEO_SAD_MD.wav,1039,sad,SAD,1039_IEO_SAD_MD.wav,True,70514,1611608496000000000
/Users/jordanacle/Downloads/archive/Crema/1039_IOM_ANG_XX.wav,1039,angry,ANG,1039_IOM_ANG_XX.wav,True,92936,1611608496000000000
/Users/jordanacle/Downloads/archive/Crema/1039_IOM_NEU_XX.wav,1039,neutral,NEU,1039_IOM_NEU_XX.wav,True,65176,1611608496000000000
/Users/jordanacle/Downloads/archive/Crema/1039_IOM_HAP_XX.wav,1039,happy,HAP,1039_IOM_HAP_XX.wav,True,76920,1611608496000000000
/Users/jordanacle/Downloads/archive/Crema/1039_ITH_ANG_XX.wav,1039,angry,ANG,1039_ITH_ANG_XX.wav,True,75854,1611608496000000000
/Users/jordanacle/Downloads/archive/Crema/1039_ITH_DIS_XX.wav,1039,disgust,DIS,1039_ITH_DIS_XX.wav,True,103614,1611608496000000000
/Users/jordanacle/Downloads/archive/Crema/1039_ITH_FEA_XX.wav,1039,fear,FEA,1039_ITH_FEA_XX.wav,True,95072,1611608496000000000
/Users/jordanacle/Downloads/archive/Crema/1039_ITH_HAP_XX.wav,1039,happy,HAP,1039_ITH_HAP_XX.wav,True,88666,1611608496000000000
/Users/jordanacle/Downloads/archive/Crema/1039_ITH_SAD_XX.wav,1039,sad,SAD,1039_ITH_SAD_XX.wav,True,89734,1611608496000000000
/Users/jordanacle/Downloads/archive/Crema/1039_ITS_ANG_XX.wav,1039,angry,ANG,1039_ITS_ANG_XX.wav,True,83328,1611608496000000000
/Users/jordanacle/Downloads/archive/Crema/1039_ITS_DIS_XX.wav,1039,disgust,DIS,1039_ITS_DIS_XX.wav,True,92936,1611608496000000000
/Users/jordanacle/Downloads/archive/Crema/1039_ITS_FEA_XX.wav,1039,fear,FEA,1039_ITS_FEA_XX.wav,True,83328,1611608496000000000
/Users/jordanacle/Downloads/archive/Crema/1039_ITS_NEU_XX.wav,1039,neutral,NEU,1039_ITS_NEU_XX.wav,True,67312,1611608496000000000
/Users/jordanacle/Downloads/archive/Crema/1039_ITS_HAP_XX.wav,1039,happy,HAP,1039_ITS_HAP_XX.wav,True,73718,1611608496000000000
/Users/jordanacle/Downloads/archive/Crema/1039_IWL_DIS_XX.wav,1039,disgust,DIS,1039_IWL_DIS_XX.wav,True,98276,1611608496000000000
/Users/jordanacle/Downloads/archive/Crema/1039_ITS_SAD_XX.wav,1039,sad,SAD,1039_ITS_SAD_XX.wav,True,84394,1611608496000000000
/Users/jordanacle/Downloads/archive/Crema/1039_IWL_FEA_XX.wav,1039,fear,FEA,1039_IWL_FEA_XX.wav,True,86530,1611608496000000000
/Users/jordanacle/Downloads/archive/Crema/1039_IWL_HAP_XX.wav,1039,happy,HAP,1039_IWL_HAP_XX.wav,True,73090,1611608496000000000
/Users/jordanacle/Downloads/archive/Crema/1039_IWL_NEU_XX.wav,1039,neutral,NEU,1039_IWL_NEU_XX.wav,True,70514,1611608496000000000
/Users/jordanacle/Downloads/archive/Crema/1039_IWL_SAD_XX.wav,1039,sad,SAD,1039_IWL_SAD_XX.wav,True,90802,1611608496000000000
/Users/jordanacle/Downloads/archive/Crema/1039_IWW_DIS_XX.wav,1039,disgust,DIS,1039_IWW_DIS_XX.wav,True,79056,1611608496000000000
/Users/jordanacle/Downloads/archive/Crema/1039_IWW_FEA_XX.wav,1039,fear,FEA,1039_IWW_FEA_XX.wav,True,77988,1611608496000000000
/Users/jordanacle/Downloads/archive/Crema/1039_IWW_HAP_XX.wav,1039,happy,HAP,1039_IWW_HAP_XX.wav,True,76920,1611608496000000000
/Users/jordanacle/Downloads/archive/Crema/1039_IWW_NEU_XX.wav,1039,neutral,NEU,1039_IWW_NEU_XX.wav,True,70514,1611608496000000000
/Users/jordanacle/Downloads/archive/Crema/1039_IWW_SAD_XX.wav,1039,sad,SAD,1039_IWW_SAD_XX.wav,True,87598,1611608496000000000
/Users/jordanacle/Downloads/archive/Crema/1039_MTI_DIS_XX.wav,1039,disgust,DIS,1039_MTI_DIS_XX.wav,True,100410,1611608496000000000
/Users/jordanacle/Downloads/archive/Crema/1039_MTI_FEA_XX.wav,1039,fear,FEA,1039_MTI_FEA_XX.wav,True,95072,1611608496000000000
/Users/jordanacle/Downloads/archive/Crema/1039_MTI_ANG_XX.wav,1039,angry,ANG,1039_MTI_ANG_XX.wav,True,97208,1611608496000000000
/Users/jordanacle/Downloads/archive/Crema/1039_MTI_NEU_XX.wav,1039,neutral,NEU,1039_MTI_NEU_XX.wav,True,75854,1611608496000000000
/Users/jordanacle/Downloads/archive/Crema/1039_MTI_SAD_XX.wav,1039,sad,SAD,1039_MTI_SAD_XX.wav,True,84394,1611608496000000000
/Users/jordanacle/Downloads/archive/Crema/1039_TAI_ANG_XX.wav,1039,angry,ANG,1039_TAI_ANG_XX.wav,True,77988,1611608496000000000
/Users/jordanacle/Downloads/archive/Crema/1039_TAI_DIS_XX.wav,1039,disgust,DIS,1039_TAI_DIS_XX.wav,True,85462,1611608496000000000
/Users/jordanacle/Downloads/archive/Crema/1039_TAI_FEA_XX.wav,1039,fear,FEA,1039_TAI_FEA_XX.wav,True,94004,1611608496000000000
/Users/jordanacle/Downloads/archive/Crema/1039_TAI_HAP_XX.wav,1039,happy,HAP,1039_TAI_HAP_XX.wav,True,86530,1611608496000000000
/Users/jordanacle/Downloads/archive/Crema/1039_TAI_NEU_XX.wav,1039,neutral,NEU,1039_TAI_NEU_XX.wav,True,76920,1611608496000000000
/Users/jordanacle/Downloads/archive/Crema/1039_TAI_SAD_XX.wav,1039,sad,SAD,1039_TAI_SAD_XX.wav,True,94004,1611608496000000000
/Users/jordanacle/Downloads/archive/Crema/1039_TIE_ANG_XX.wav,1039,angry,ANG,1039_TIE_ANG_XX.wav,True,90802,1611608496000000000
/Users/jordanacle/Downloads/archive/Crema/1039_TIE_DIS_XX.wav,1039,disgust,DIS,1039_TIE_DIS_XX.wav,True,101478,1611608496000000000
/Users/jordanacle/Downloads/archive/Crema/1039_TIE_FEA_XX.wav,1039,fear,FEA,1039_TIE_FEA_XX.wav,True,88666,1611608496000000000
/Users/jordanacle/Downloads/archive/Crema/1039_TIE_HAP_XX.wav,1039,happy,HAP,1039_TIE_HAP_XX.wav,True,97208,1611608496000000000
/Users/jordanacle/Downloads/archive/Crema/1039_TIE_NEU_XX.wav,1039,neutral,NEU,1039_TIE_NEU_XX.wav,True,72862,1611608496000000000
/Users/jordanacle/Downloads/archive/Crema/1039_TIE_SAD_XX.wav,1039,sad,SAD,1039_TIE_SAD_XX.wav,True,92936,1611608496000000000
/Users/jordanacle/Downloads/archive/Crema/1039_TSI_ANG_XX.wav,1039,angry,ANG,1039_TSI_ANG_XX.wav,True,76920,1611608496000000000
/Users/jordanacle/Downloads/archive/Crema/1039_TSI_HAP_XX.wav,1039,happy,HAP,1039_TSI_HAP_XX.wav,True,74786,1611608496000000000
/Users/jordanacle/Downloads/archive/Crema/1039_TSI_NEU_XX.wav,1039,neutral,NEU,1039_TSI_NEU_XX.wav,True,63040,1611608496000000000
/Users/jordanacle/Downloads/archive/Crema/1039_WSI_DIS_XX.wav,1039,disgust,DIS,1039_WSI_DIS_XX.wav,True,77988,1611608496000000000
/Users/jordanacle/Downloads/archive/Crema/1039_WSI_ANG_XX.wav,1039,angry,ANG,1039_WSI_ANG_XX.wav,True,80124,1611608496000000000
/Users/jordanacle/Downloads/archive/Crema/1039_WSI_FEA_XX.wav,1039,fear,FEA,1039_WSI_FEA_XX.wav,True,77988,1611608496000000000
/Users/jordanacle/Downloads/archive/Crema/1039_WSI_HAP_XX.wav,1039,happy,HAP,1039_WSI_HAP_XX.wav,True,76920,1611608496000000000
/Users/jordanacle/Downloads/archive/Crema/1039_WSI_NEU_XX.wav,1039,neutral,NEU,1039_WSI_NEU_XX.wav,True,73090,1611608496000000000
/Users/jordanacle/Downloads/archive/Crema/1039_WSI_SAD_XX.wav,1039,sad,SAD,1039_WSI_SAD_XX.wav,True,92936,1611608496000000000
/Users/jordanacle/Downloads/archive/Crema/1040_DFA_ANG_XX.wav,1040,angry,ANG,1040_DFA_ANG_XX.wav,True,72862,1611608496000000000
/Users/jordanacle/Downloads/archive/Crema/1040_DFA_DIS_XX.wav,1040,disgust,DIS,1040_DFA_DIS_XX.wav,True,84394,1611608496000000000
/Users/jordanacle/Downloads/archive/Crema/1040_DFA_FEA_XX.wav,1040,fear,FEA,1040_DFA_FEA_XX.wav,True,72862,1611608496000000000
/Users/jordanacle/Downloads/archive/Crema/1040_DFA_HAP_XX.wav,1040,happy,HAP,1040_DFA_HAP_XX.wav,True,66244,1611608496000000000
/Users/jordanacle/Downloads/archive/Crema/1040_DFA_NEU_XX.wav,1040,neutral,NEU,1040_DFA_NEU_XX.wav,True,64108,1611608496000000000
/Users/jordanacle/Downloads/archive/Crema/1040_DFA_SAD_XX.wav,1040,sad,SAD,1040_DFA_SAD_XX.wav,True,75852,1611608496000000000
/Users/jordanacle/Downloads/archive/Crema/1040_IEO_ANG_HI.wav,1040,angry,ANG,1040_IEO_ANG_HI.wav,True,73718,1611608496000000000
/Users/jordanacle/Downloads/archive/Crema/1040_IEO_ANG_LO.wav,1040,angry,ANG,1040_IEO_ANG_LO.wav,True,65176,1611608496000000000
/Users/jordanacle/Downloads/archive/Crema/1040_IEO_ANG_MD.wav,1040,angry,ANG,1040_IEO_ANG_MD.wav,True,64108,1611608496000000000
/Users/jordanacle/Downloads/archive/Crema/1040_IEO_DIS_MD.wav,1040,disgust,DIS,1040_IEO_DIS_MD.wav,True,68378,1611608496000000000
/Users/jordanacle/Downloads/archive/Crema/1040_IEO_DIS_HI.wav,1040,disgust,DIS,1040_IEO_DIS_HI.wav,True,81192,1611608496000000000
/Users/jordanacle/Downloads/archive/Crema/1040_IEO_FEA_HI.wav,1040,fear,FEA,1040_IEO_FEA_HI.wav,True,64108,1611608496000000000
/Users/jordanacle/Downloads/archive/Crema/1040_IEO_FEA_MD.wav,1040,fear,FEA,1040_IEO_FEA_MD.wav,True,64108,1611608496000000000
/Users/jordanacle/Downloads/archive/Crema/1040_IEO_HAP_HI.wav,1040,happy,HAP,1040_IEO_HAP_HI.wav,True,75852,1611608496000000000
/Users/jordanacle/Downloads/archive/Crema/1040_IEO_HAP_LO.wav,1040,happy,HAP,1040_IEO_HAP_LO.wav,True,64108,1611608496000000000
/Users/jordanacle/Downloads/archive/Crema/1040_IEO_NEU_XX.wav,1040,neutral,NEU,1040_IEO_NEU_XX.wav,True,64108,1611608496000000000
/Users/jordanacle/Downloads/archive/Crema/1040_IEO_SAD_MD.wav,1040,sad,SAD,1040_IEO_SAD_MD.wav,True,75852,1611608496000000000
/Users/jordanacle/Downloads/archive/Crema/1040_IEO_SAD_HI.wav,1040,sad,SAD,1040_IEO_SAD_HI.wav,True,80124,1611608496000000000
/Users/jordanacle/Downloads/archive/Crema/1040_IOM_ANG_XX.wav,1040,angry,ANG,1040_IOM_ANG_XX.wav,True,72650,1611608496000000000
/Users/jordanacle/Downloads/archive/Crema/1040_IOM_HAP_XX.wav,1040,happy,HAP,1040_IOM_HAP_XX.wav,True,76920,1611608496000000000
/Users/jordanacle/Downloads/archive/Crema/1040_IOM_NEU_XX.wav,1040,neutral,NEU,1040_IOM_NEU_XX.wav,True,80124,1611608496000000000
/Users/jordanacle/Downloads/archive/Crema/1040_ITH_ANG_XX.wav,1040,angry,ANG,1040_ITH_ANG_XX.wav,True,76920,1611608496000000000
/Users/jordanacle/Downloads/archive/Crema/1040_ITH_DIS_XX.wav,1040,disgust,DIS,1040_ITH_DIS_XX.wav,True,77988,1611608496000000000
/Users/jordanacle/Downloads/archive/Crema/1040_ITH_FEA_XX.wav,1040,fear,FEA,1040_ITH_FEA_XX.wav,True,75852,1611608496000000000
/Users/jordanacle/Downloads/archive/Crema/1040_ITH_HAP_XX.wav,1040,happy,HAP,1040_ITH_HAP_XX.wav,True,81192,1611608496000000000
/Users/jordanacle/Downloads/archive/Crema/1040_ITH_SAD_X.wav,1040,sad,SAD,1040_ITH_SAD_X.wav,True,87598,1611608496000000000
/Users/jordanacle/Downloads/archive/Crema/1040_ITS_ANG_XX.wav,1040,angry,ANG,1040_ITS_ANG_XX.wav,True,74786,1611608496000000000
/Users/jordanacle/Downloads/archive/Crema/1040_ITS_DIS_XX.wav,1040,disgust,DIS,1040_ITS_DIS_XX.wav,True,96140,1611608496000000000
/Users/jordanacle/Downloads/archive/Crema/1040_ITS_FEA_XX.wav,1040,fear,FEA,1040_ITS_FEA_XX.wav,True,86530,1611608496000000000
/Users/jordanacle/Downloads/archive/Crema/1040_ITS_HAP_XX.wav,1040,happy,HAP,1040_ITS_HAP_XX.wav,True,81192,1611608496000000000
/Users/jordanacle/Downloads/archive/Crema/1040_ITS_NEU_XX.wav,1040,neutral,NEU,1040_ITS_NEU_XX.wav,True,66244,1611608496000000000
/Users/jordanacle/Downloads/archive/Crema/1040_ITS_SAD_XX.wav,1040,sad,SAD,1040_ITS_SAD_XX.wav,True,83328,1611608496000000000
/Users/jordanacle/Downloads/archive/Crema/1040_IWL_DIS_XX.wav,1040,disgust,DIS,1040_IWL_DIS_XX.wav,True,87598,1611608496000000000
/Users/jordanacle/Downloads/archive/Crema/1040_IWL_FEA_XX.wav,1040,fear,FEA,1040_IWL_FEA_XX.wav,True,81192,1611608496000000000
/Users/jordanacle/Downloads/archive/Crema/1040_IWL_HAP_XX.wav,1040,happy,HAP,1040_IWL_HAP_XX.wav,True,77988,1611608496000000000
/Users/jordanacle/Downloads/archive/Crema/1040_IWL_NEU_XX.wav,1040,neutral,NEU,1040_IWL_NEU_XX.wav,True,87598,1611608496000000000
/Users/jordanacle/Downloads/archive/Crema/1040_IWL_SAD_XX.wav,1040,sad,SAD,1040_IWL_SAD_XX.wav,True,86530,1611608496000000000
/Users/jordanacle/Downloads/archive/Crema/1040_IWW_DIS_XX.wav,1040,disgust,DIS,1040_IWW_DIS_XX.wav,True,85462,1611608496000000000
/Users/jordanacle/Downloads/archive/Crema/1040_IWW_FEA_XX.wav,1040,fear,FEA,1040_IWW_FEA_XX.wav,True,74786,1611608498000000000
/Users/jordanacle/Downloads/archive/Crema/1040_IWW_HAP_XX.wav,1040,happy,HAP,1040_IWW_HAP_XX.wav,True,68378,1611608498000000000
/Users/jordanacle/Downloads/archive/Crema/1040_IWW_NEU_XX.wav,1040,neutral,NEU,1040_IWW_NEU_XX.wav,True,82260,1611608498000000000
/Users/jordanacle/Downloads/archive/Crema/1040_IWW_SAD_XX.wav,1040,sad,SAD,1040_IWW_SAD_XX.wav,True,82260,1611608498000000000
/Users/jordanacle/Downloads/archive/Crema/1040_MTI_ANG_XX.wav,1040,angry,ANG,1040_MTI_ANG_XX.wav,True,74786,1611608498000000000
/Users/jordanacle/Downloads/archive/Crema/1040_MTI_DIS_XX.wav,1040,disgust,DIS,1040_MTI_DIS_XX.wav,True,90802,1611608498000000000
/Users/jordanacle/Downloads/archive/Crema/1040_MTI_FEA_XX.wav,1040,fear,FEA,1040_MTI_FEA_XX.wav,True,77988,1611608498000000000
/Users/jordanacle/Downloads/archive/Crema/1040_MTI_HAP_XX.wav,1040,happy,HAP,1040_MTI_HAP_XX.wav,True,76920,1611608498000000000
/Users/jordanacle/Downloads/archive/Crema/1040_MTI_NEU_XX.wav,1040,neutral,NEU,1040_MTI_NEU_XX.wav,True,88666,1611608498000000000
/Users/jordanacle/Downloads/archive/Crema/1040_MTI_SAD_XX.wav,1040,sad,SAD,1040_MTI_SAD_XX.wav,True,81192,1611608498000000000
/Users/jordanacle/Downloads/archive/Crema/1040_TAI_ANG_XX.wav,1040,angry,ANG,1040_TAI_ANG_XX.wav,True,95072,1611608498000000000
/Users/jordanacle/Downloads/archive/Crema/1040_TAI_DIS_XX.wav,1040,disgust,DIS,1040_TAI_DIS_XX.wav,True,90802,1611608498000000000
/Users/jordanacle/Downloads/archive/Crema/1040_TAI_FEA_XX.wav,1040,fear,FEA,1040_TAI_FEA_XX.wav,True,76920,1611608498000000000
/Users/jordanacle/Downloads/archive/Crema/1040_TAI_HAP_XX.wav,1040,happy,HAP,1040_TAI_HAP_XX.wav,True,85462,1611608498000000000
/Users/jordanacle/Downloads/archive/Crema/1040_TAI_NEU_XX.wav,1040,neutral,NEU,1040_TAI_NEU_XX.wav,True,72650,1611608498000000000
/Users/jordanacle/Downloads/archive/Crema/1040_TAI_SAD_XX.wav,1040,sad,SAD,1040_TAI_SAD_XX.wav,True,84394,1611608498000000000
/Users/jordanacle/Downloads/archive/Crema/1040_TIE_ANG_XX.wav,1040,angry,ANG,1040_TIE_ANG_XX.wav,True,92936,1611608498000000000
/Users/jordanacle/Downloads/archive/Crema/1040_TIE_DIS_XX.wav,1040,disgust,DIS,1040_TIE_DIS_XX.wav,True,92936,1611608498000000000
/Users/jordanacle/Downloads/archive/Crema/1040_TIE_FEA_XX.wav,1040,fear,FEA,1040_TIE_FEA_XX.wav,True,87598,1611608498000000000
/Users/jordanacle/Downloads/archive/Crema/1040_TIE_HAP_XX.wav,1040,happy,HAP,1040_TIE_HAP_XX.wav,True,94004,1611608498000000000
/Users/jordanacle/Downloads/archive/Crema/1040_TIE_SAD_XX.wav,1040,sad,SAD,1040_TIE_SAD_XX.wav,True,102546,1611608498000000000
/Users/jordanacle/Downloads/archive/Crema/1040_TSI_ANG_XX.wav,1040,angry,ANG,1040_TSI_ANG_XX.wav,True,74786,1611608498000000000
/Users/jordanacle/Downloads/archive/Crema/1040_TSI_HAP_XX.wav,1040,happy,HAP,1040_TSI_HAP_XX.wav,True,76920,1611608498000000000
/Users/jordanacle/Downloads/archive/Crema/1040_TSI_FEA_XX.wav,1040,fear,FEA,1040_TSI_FEA_XX.wav,True,76920,1611608498000000000
/Users/jordanacle/Downloads/archive/Crema/1040_TSI_NEU_XX.wav,1040,neutral,NEU,1040_TSI_NEU_XX.wav,True,72862,1611608498000000000
/Users/jordanacle/Downloads/archive/Crema/1040_WSI_ANG_XX.wav,1040,angry,ANG,1040_WSI_ANG_XX.wav,True,90802,1611608498000000000
/Users/jordanacle/Downloads/archive/Crema/1040_WSI_DIS_XX.wav,1040,disgust,DIS,1040_WSI_DIS_XX.wav,True,104682,1611608498000000000
/Users/jordanacle/Downloads/archive/Crema/1040_WSI_FEA_XX.wav,1040,fear,FEA,1040_WSI_FEA_XX.wav,True,89734,1611608498000000000
/Users/jordanacle/Downloads/archive/Crema/1040_WSI_HAP_XX.wav,1040,happy,HAP,1040_WSI_HAP_XX.wav,True,79056,1611608498000000000
/Users/jordanacle/Downloads/archive/Crema/1040_WSI_SAD_XX.wav,1040,sad,SAD,1040_WSI_SAD_XX.wav,True,92936,1611608498000000000
/Users/jordanacle/Downloads/archive/Crema/1040_WSI_NEU_XX.wav,1040,neutral,NEU,1040_WSI_NEU_XX.wav,True,83328,1611608498000000000
/Users/jordanacle/Downloads/archive/Crema/1041_DFA_ANG_XX.wav,1041,angry,ANG,1041_DFA_ANG_XX.wav,True,68378,1611608498000000000
/Users/jordanacle/Downloads/archive/Crema/1041_DFA_DIS_XX.wav,1041,disgust,DIS,1041_DFA_DIS_XX.wav,True,73718,1611608498000000000
/Users/jordanacle/Downloads/archive/Crema/1041_DFA_FEA_XX.wav,1041,fear,FEA,1041_DFA_FEA_XX.wav,True,82260,1611608498000000000
/Users/jordanacle/Downloads/archive/Crema/1041_DFA_NEU_XX.wav,1041,neutral,NEU,1041_DFA_NEU_XX.wav,True,57702,1611608498000000000
/Users/jordanacle/Downloads/archive/Crema/1041_IEO_ANG_HI.wav,1041,angry,ANG,1041_IEO_ANG_HI.wav,True,75854,1611608498000000000
/Users/jordanacle/Downloads/archive/Crema/1041_IEO_ANG_LO.wav,1041,angry,ANG,1041_IEO_ANG_LO.wav,True,57702,1611608498000000000
/Users/jordanacle/Downloads/archive/Crema/1041_DFA_SAD_XX.wav,1041,sad,SAD,1041_DFA_SAD_XX.wav,True,73718,1611608498000000000
/Users/jordanacle/Downloads/archive/Crema/1041_IEO_ANG_MD.wav,1041,angry,ANG,1041_IEO_ANG_MD.wav,True,70514,1611608498000000000
/Users/jordanacle/Downloads/archive/Crema/1041_IEO_DIS_HI.wav,1041,disgust,DIS,1041_IEO_DIS_HI.wav,True,91870,1611608498000000000
/Users/jordanacle/Downloads/archive/Crema/1041_IEO_DIS_MD.wav,1041,disgust,DIS,1041_IEO_DIS_MD.wav,True,82260,1611608498000000000
/Users/jordanacle/Downloads/archive/Crema/1041_IEO_FEA_HI.wav,1041,fear,FEA,1041_IEO_FEA_HI.wav,True,72650,1611608498000000000
/Users/jordanacle/Downloads/archive/Crema/1041_IEO_FEA_LO.wav,1041,fear,FEA,1041_IEO_FEA_LO.wav,True,76920,1611608498000000000
/Users/jordanacle/Downloads/archive/Crema/1041_IEO_FEA_MD.wav,1041,fear,FEA,1041_IEO_FEA_MD.wav,True,77988,1611608498000000000
/Users/jordanacle/Downloads/archive/Crema/1041_IEO_HAP_HI.wav,1041,happy,HAP,1041_IEO_HAP_HI.wav,True,72650,1611608498000000000
/Users/jordanacle/Downloads/archive/Crema/1041_IEO_HAP_LO.wav,1041,happy,HAP,1041_IEO_HAP_LO.wav,True,67312,1611608498000000000
/Users/jordanacle/Downloads/archive/Crema/1041_IEO_NEU_XX.wav,1041,neutral,NEU,1041_IEO_NEU_XX.wav,True,56634,1611608498000000000
/Users/jordanacle/Downloads/archive/Crema/1041_IEO_SAD_HI.wav,1041,sad,SAD,1041_IEO_SAD_HI.wav,True,72650,1611608498000000000
/Users/jordanacle/Downloads/archive/Crema/1041_IEO_SAD_MD.wav,1041,sad,SAD,1041_IEO_SAD_MD.wav,True,61972,1611608498000000000
/Users/jordanacle/Downloads/archive/Crema/1041_IOM_ANG_XX.wav,1041,angry,ANG,1041_IOM_ANG_XX.wav,True,64108,1611608498000000000
/Users/jordanacle/Downloads/archive/Crema/1041_IOM_NEU_XX.wav,1041,neutral,NEU,1041_IOM_NEU_XX.wav,True,64108,1611608498000000000
/Users/jordanacle/Downloads/archive/Crema/1041_IOM_HAP_XX.wav,1041,happy,HAP,1041_IOM_HAP_XX.wav,True,64108,1611608498000000000
/Users/jordanacle/Downloads/archive/Crema/1041_IOM_SAD_XX.wav,1041,sad,SAD,1041_IOM_SAD_XX.wav,True,76920,1611608498000000000
/Users/jordanacle/Downloads/archive/Crema/1041_ITH_ANG_XX.wav,1041,angry,ANG,1041_ITH_ANG_XX.wav,True,85462,1611608498000000000
/Users/jordanacle/Downloads/archive/Crema/1041_ITH_DIS_XX.wav,1041,disgust,DIS,1041_ITH_DIS_XX.wav,True,90802,1611608498000000000
/Users/jordanacle/Downloads/archive/Crema/1041_ITH_FEA_XX.wav,1041,fear,FEA,1041_ITH_FEA_XX.wav,True,79056,1611608498000000000
/Users/jordanacle/Downloads/archive/Crema/1041_ITH_HAP_XX.wav,1041,happy,HAP,1041_ITH_HAP_XX.wav,True,74786,1611608498000000000
/Users/jordanacle/Downloads/archive/Crema/1041_ITH_NEU_XX.wav,1041,neutral,NEU,1041_ITH_NEU_XX.wav,True,85462,1611608498000000000
/Users/jordanacle/Downloads/archive/Crema/1041_ITH_SAD_XX.wav,1041,sad,SAD,1041_ITH_SAD_XX.wav,True,80124,1611608498000000000
/Users/jordanacle/Downloads/archive/Crema/1041_ITS_ANG_XX.wav,1041,angry,ANG,1041_ITS_ANG_XX.wav,True,94004,1611608498000000000
/Users/jordanacle/Downloads/archive/Crema/1041_ITS_DIS_XX.wav,1041,disgust,DIS,1041_ITS_DIS_XX.wav,True,94004,1611608498000000000
/Users/jordanacle/Downloads/archive/Crema/1041_ITS_FEA_XX.wav,1041,fear,FEA,1041_ITS_FEA_XX.wav,True,94004,1611608498000000000
/Users/jordanacle/Downloads/archive/Crema/1041_ITS_HAP_XX.wav,1041,happy,HAP,1041_ITS_HAP_XX.wav,True,58770,1611608498000000000
/Users/jordanacle/Downloads/archive/Crema/1041_ITS_SAD_XX.wav,1041,sad,SAD,1041_ITS_SAD_XX.wav,True,90802,1611608498000000000
/Users/jordanacle/Downloads/archive/Crema/1041_IWL_ANG_XX.wav,1041,angry,ANG,1041_IWL_ANG_XX.wav,True,94004,1611608498000000000
/Users/jordanacle/Downloads/archive/Crema/1041_IWL_DIS_XX.wav,1041,disgust,DIS,1041_IWL_DIS_XX.wav,True,105750,1611608498000000000
/Users/jordanacle/Downloads/archive/Crema/1041_IWL_FEA_XX.wav,1041,fear,FEA,1041_IWL_FEA_XX.wav,True,73718,1611608498000000000
/Users/jordanacle/Downloads/archive/Crema/1041_IWL_NEU_XX.wav,1041,neutral,NEU,1041_IWL_NEU_XX.wav,True,80124,1611608498000000000
/Users/jordanacle/Downloads/archive/Crema/1041_IWL_HAP_XX.wav,1041,happy,HAP,1041_IWL_HAP_XX.wav,True,84394,1611608498000000000
/Users/jordanacle/Downloads/archive/Crema/1041_IWL_SAD_XX.wav,1041,sad,SAD,1041_IWL_SAD_XX.wav,True,86530,1611608498000000000
/Users/jordanacle/Downloads/archive/Crema/1041_IWW_FEA_XX.wav,1041,fear,FEA,1041_IWW_FEA_XX.wav,True,79056,1611608498000000000
/Users/jordanacle/Downloads/archive/Crema/1041_IWW_HAP_XX.wav,1041,happy,HAP,1041_IWW_HAP_XX.wav,True,53430,1611608498000000000
/Users/jordanacle/Downloads/archive/Crema/1041_IWW_NEU_XX.wav,1041,neutral,NEU,1041_IWW_NEU_XX.wav,True,74786,1611608498000000000
/Users/jordanacle/Downloads/archive/Crema/1041_IWW_SAD_XX.wav,1041,sad,SAD,1041_IWW_SAD_XX.wav,True,86530,1611608498000000000
/Users/jordanacle/Downloads/archive/Crema/1041_MTI_ANG_XX.wav,1041,angry,ANG,1041_MTI_ANG_XX.wav,True,82260,1611608498000000000
/Users/jordanacle/Downloads/archive/Crema/1041_MTI_DIS_XX.wav,1041,disgust,DIS,1041_MTI_DIS_XX.wav,True,83328,1611608498000000000
/Users/jordanacle/Downloads/archive/Crema/1041_MTI_FEA_XX.wav,1041,fear,FEA,1041_MTI_FEA_XX.wav,True,75852,1611608498000000000
/Users/jordanacle/Downloads/archive/Crema/1041_MTI_NEU_XX.wav,1041,neutral,NEU,1041_MTI_NEU_XX.wav,True,72862,1611608498000000000
/Users/jordanacle/Downloads/archive/Crema/1041_MTI_SAD_XX.wav,1041,sad,SAD,1041_MTI_SAD_XX.wav,True,76920,1611608498000000000
/Users/jordanacle/Downloads/archive/Crema/1041_TAI_ANG_XX.wav,1041,angry,ANG,1041_TAI_ANG_XX.wav,True,89734,1611608498000000000
/Users/jordanacle/Downloads/archive/Crema/1041_TAI_DIS_XX.wav,1041,disgust,DIS,1041_TAI_DIS_XX.wav,True,96140,1611608498000000000
/Users/jordanacle/Downloads/archive/Crema/1041_TAI_HAP_XX.wav,1041,happy,HAP,1041_TAI_HAP_XX.wav,True,74786,1611608498000000000
/Users/jordanacle/Downloads/archive/Crema/1041_TAI_FEA_XX.wav,1041,fear,FEA,1041_TAI_FEA_XX.wav,True,91868,1611608498000000000
/Users/jordanacle/Downloads/archive/Crema/1041_TIE_ANG_XX.wav,1041,angry,ANG,1041_TIE_ANG_XX.wav,True,87598,1611608498000000000
/Users/jordanacle/Downloads/archive/Crema/1041_TAI_SAD_XX.wav,1041,sad,SAD,1041_TAI_SAD_XX.wav,True,79056,1611608498000000000
/Users/jordanacle/Downloads/archive/Crema/1041_TIE_DIS_XX.wav,1041,disgust,DIS,1041_TIE_DIS_XX.wav,True,112156,1611608498000000000
/Users/jordanacle/Downloads/archive/Crema/1041_TIE_FEA_XX.wav,1041,fear,FEA,1041_TIE_FEA_XX.wav,True,86530,1611608498000000000
/Users/jordanacle/Downloads/archive/Crema/1041_TIE_HAP_XX.wav,1041,happy,HAP,1041_TIE_HAP_XX.wav,True,81192,1611608498000000000
/Users/jordanacle/Downloads/archive/Crema/1041_TSI_ANG_XX.wav,1041,angry,ANG,1041_TSI_ANG_XX.wav,True,74786,1611608498000000000
/Users/jordanacle/Downloads/archive/Crema/1041_TIE_SAD_XX.wav,1041,sad,SAD,1041_TIE_SAD_XX.wav,True,97208,1611608498000000000
/Users/jordanacle/Downloads/archive/Crema/1041_TSI_FEA_XX.wav,1041,fear,FEA,1041_TSI_FEA_XX.wav,True,85462,1611608498000000000
/Users/jordanacle/Downloads/archive/Crema/1041_TSI_HAP_XX.wav,1041,happy,HAP,1041_TSI_HAP_XX.wav,True,76920,1611608498000000000
/Users/jordanacle/Downloads/archive/Crema/1041_WSI_DIS_XX.wav,1041,disgust,DIS,1041_WSI_DIS_XX.wav,True,96140,1611608498000000000
/Users/jordanacle/Downloads/archive/Crema/1041_TSI_NEU_XX.wav,1041,neutral,NEU,1041_TSI_NEU_XX.wav,True,77988,1611608498000000000
/Users/jordanacle/Downloads/archive/Crema/1041_WSI_ANG_XX.wav,1041,angry,ANG,1041_WSI_ANG_XX.wav,True,96140,1611608498000000000
/Users/jordanacle/Downloads/archive/Crema/1041_WSI_FEA_XX.wav,1041,fear,FEA,1041_WSI_FEA_XX.wav,True,88666,1611608498000000000
/Users/jordanacle/Downloads/archive/Crema/1041_WSI_NEU_XX.wav,1041,neutral,NEU,1041_WSI_NEU_XX.wav,True,81192,1611608498000000000
/Users/jordanacle/Downloads/archive/Crema/1041_WSI_SAD_XX.wav,1041,sad,SAD,1041_WSI_SAD_XX.wav,True,92936,1611608498000000000
/Users/jordanacle/Downloads/archive/Crema/1042_DFA_ANG_XX.wav,1042,angry,ANG,1042_DFA_ANG_XX.wav,True,61972,1611608498000000000
/Users/jordanacle/Downloads/archive/Crema/1042_DFA_DIS_XX.wav,1042,disgust,DIS,1042_DFA_DIS_XX.wav,True,61972,1611608498000000000
/Users/jordanacle/Downloads/archive/Crema/1042_DFA_FEA_XX.wav,1042,fear,FEA,1042_DFA_FEA_XX.wav,True,52362,1611608498000000000
/Users/jordanacle/Downloads/archive/Crema/1042_DFA_HAP_XX.wav,1042,happy,HAP,1042_DFA_HAP_XX.wav,True,64108,1611608498000000000
/Users/jordanacle/Downloads/archive/Crema/1042_DFA_SAD_XX.wav,1042,sad,SAD,1042_DFA_SAD_XX.wav,True,65176,1611608498000000000
/Users/jordanacle/Downloads/archive/Crema/1042_IEO_ANG_LO.wav,1042,angry,ANG,1042_IEO_ANG_LO.wav,True,54498,1611608498000000000
/Users/jordanacle/Downloads/archive/Crema/1042_IEO_ANG_HI.wav,1042,angry,ANG,1042_IEO_ANG_HI.wav,True,81192,1611608498000000000
/Users/jordanacle/Downloads/archive/Crema/1042_IEO_ANG_MD.wav,1042,angry,ANG,1042_IEO_ANG_MD.wav,True,58770,1611608498000000000
/Users/jordanacle/Downloads/archive/Crema/1042_IEO_DIS_HI.wav,1042,disgust,DIS,1042_IEO_DIS_HI.wav,True,66244,1611608498000000000
/Users/jordanacle/Downloads/archive/Crema/1042_IEO_DIS_LO.wav,1042,disgust,DIS,1042_IEO_DIS_LO.wav,True,83328,1611608498000000000
/Users/jordanacle/Downloads/archive/Crema/1042_IEO_DIS_MD.wav,1042,disgust,DIS,1042_IEO_DIS_MD.wav,True,74786,1611608498000000000
/Users/jordanacle/Downloads/archive/Crema/1042_IEO_FEA_HI.wav,1042,fear,FEA,1042_IEO_FEA_HI.wav,True,66244,1611608498000000000
/Users/jordanacle/Downloads/archive/Crema/1042_IEO_FEA_LO.wav,1042,fear,FEA,1042_IEO_FEA_LO.wav,True,80124,1611608498000000000
/Users/jordanacle/Downloads/archive/Crema/1042_IEO_FEA_MD.wav,1042,fear,FEA,1042_IEO_FEA_MD.wav,True,74786,1611608498000000000
/Users/jordanacle/Downloads/archive/Crema/1042_IEO_HAP_HI.wav,1042,happy,HAP,1042_IEO_HAP_HI.wav,True,86530,1611608498000000000
/Users/jordanacle/Downloads/archive/Crema/1042_IEO_NEU_XX.wav,1042,neutral,NEU,1042_IEO_NEU_XX.wav,True,61972,1611608498000000000
/Users/jordanacle/Downloads/archive/Crema/1042_IEO_HAP_LO.wav,1042,happy,HAP,1042_IEO_HAP_LO.wav,True,65176,1611608498000000000
/Users/jordanacle/Downloads/archive/Crema/1042_IEO_HAP_MD.wav,1042,happy,HAP,1042_IEO_HAP_MD.wav,True,66244,1611608498000000000
/Users/jordanacle/Downloads/archive/Crema/1042_IEO_SAD_HI.wav,1042,sad,SAD,1042_IEO_SAD_HI.wav,True,89734,1611608498000000000
/Users/jordanacle/Downloads/archive/Crema/1042_IEO_SAD_LO.wav,1042,sad,SAD,1042_IEO_SAD_LO.wav,True,67312,1611608498000000000
/Users/jordanacle/Downloads/archive/Crema/1042_IEO_SAD_MD.wav,1042,sad,SAD,1042_IEO_SAD_MD.wav,True,82260,1611608498000000000
/Users/jordanacle/Downloads/archive/Crema/1042_IOM_DIS_XX.wav,1042,disgust,DIS,1042_IOM_DIS_XX.wav,True,73090,1611608498000000000
/Users/jordanacle/Downloads/archive/Crema/1042_IOM_FEA_XX.wav,1042,fear,FEA,1042_IOM_FEA_XX.wav,True,65176,1611608498000000000
/Users/jordanacle/Downloads/archive/Crema/1042_IOM_HAP_XX.wav,1042,happy,HAP,1042_IOM_HAP_XX.wav,True,74786,1611608498000000000
/Users/jordanacle/Downloads/archive/Crema/1042_IOM_NEU_XX.wav,1042,neutral,NEU,1042_IOM_NEU_XX.wav,True,69446,1611608498000000000
/Users/jordanacle/Downloads/archive/Crema/1042_IOM_SAD_XX.wav,1042,sad,SAD,1042_IOM_SAD_XX.wav,True,60904,1611608498000000000
/Users/jordanacle/Downloads/archive/Crema/1042_ITH_ANG_XX.wav,1042,angry,ANG,1042_ITH_ANG_XX.wav,True,87598,1611608498000000000
/Users/jordanacle/Downloads/archive/Crema/1042_ITH_DIS_XX.wav,1042,disgust,DIS,1042_ITH_DIS_XX.wav,True,85462,1611608498000000000
/Users/jordanacle/Downloads/archive/Crema/1042_ITH_FEA_XX.wav,1042,fear,FEA,1042_ITH_FEA_XX.wav,True,92936,1611608498000000000
/Users/jordanacle/Downloads/archive/Crema/1042_ITH_NEU_XX.wav,1042,neutral,NEU,1042_ITH_NEU_XX.wav,True,74786,1611608498000000000
/Users/jordanacle/Downloads/archive/Crema/1042_ITH_SAD_XX.wav,1042,sad,SAD,1042_ITH_SAD_XX.wav,True,87598,1611608498000000000
/Users/jordanacle/Downloads/archive/Crema/1042_ITS_ANG_XX.wav,1042,angry,ANG,1042_ITS_ANG_XX.wav,True,72650,1611608498000000000
/Users/jordanacle/Downloads/archive/Crema/1042_ITS_DIS_XX.wav,1042,disgust,DIS,1042_ITS_DIS_XX.wav,True,81192,1611608498000000000
/Users/jordanacle/Downloads/archive/Crema/1042_ITS_FEA_XX.wav,1042,fear,FEA,1042_ITS_FEA_XX.wav,True,65176,1611608498000000000
/Users/jordanacle/Downloads/archive/Crema/1042_ITS_NEU_XX.wav,1042,neutral,NEU,1042_ITS_NEU_XX.wav,True,70514,1611608498000000000
/Users/jordanacle/Downloads/archive/Crema/1042_ITS_SAD_XX.wav,1042,sad,SAD,1042_ITS_SAD_XX.wav,True,76920,1611608498000000000
/Users/jordanacle/Downloads/archive/Crema/1042_IWL_ANG_XX.wav,1042,angry,ANG,1042_IWL_ANG_XX.wav,True,82260,1611608498000000000
/Users/jordanacle/Downloads/archive/Crema/1042_IWL_DIS_XX.wav,1042,disgust,DIS,1042_IWL_DIS_XX.wav,True,88666,1611608498000000000
/Users/jordanacle/Downloads/archive/Crema/1042_IWL_HAP_XX.wav,1042,happy,HAP,1042_IWL_HAP_XX.wav,True,56634,1611608498000000000
/Users/jordanacle/Downloads/archive/Crema/1042_IWL_FEA_XX.wav,1042,fear,FEA,1042_IWL_FEA_XX.wav,True,73718,1611608498000000000
/Users/jordanacle/Downloads/archive/Crema/1042_IWL_NEU_XX.wav,1042,neutral,NEU,1042_IWL_NEU_XX.wav,True,65176,1611608498000000000
/Users/jordanacle/Downloads/archive/Crema/1042_IWW_ANG_XX.wav,1042,angry,ANG,1042_IWW_ANG_XX.wav,True,72650,1611608498000000000
/Users/jordanacle/Downloads/archive/Crema/1042_IWW_HAP_XX.wav,1042,happy,HAP,1042_IWW_HAP_XX.wav,True,66244,1611608498000000000
/Users/jordanacle/Downloads/archive/Crema/1042_IWW_NEU_XX.wav,1042,neutral,NEU,1042_IWW_NEU_XX.wav,True,72650,1611608498000000000
/Users/jordanacle/Downloads/archive/Crema/1042_MTI_DIS_XX.wav,1042,disgust,DIS,1042_MTI_DIS_XX.wav,True,90802,1611608498000000000
/Users/jordanacle/Downloads/archive/Crema/1042_MTI_ANG_XX.wav,1042,angry,ANG,1042_MTI_ANG_XX.wav,True,77988,1611608498000000000
/Users/jordanacle/Downloads/archive/Crema/1042_MTI_FEA_XX.wav,1042,fear,FEA,1042_MTI_FEA_XX.wav,True,80124,1611608498000000000
/Users/jordanacle/Downloads/archive/Crema/1042_MTI_SAD_XX.wav,1042,sad,SAD,1042_MTI_SAD_XX.wav,True,95072,1611608498000000000
/Users/jordanacle/Downloads/archive/Crema/1042_MTI_HAP_XX.wav,1042,happy,HAP,1042_MTI_HAP_XX.wav,True,92936,1611608498000000000
/Users/jordanacle/Downloads/archive/Crema/1042_TAI_ANG_XX.wav,1042,angry,ANG,1042_TAI_ANG_XX.wav,True,70514,1611608498000000000
/Users/jordanacle/Downloads/archive/Crema/1042_TAI_DIS_XX.wav,1042,disgust,DIS,1042_TAI_DIS_XX.wav,True,80124,1611608498000000000
/Users/jordanacle/Downloads/archive/Crema/1042_TAI_FEA_XX.wav,1042,fear,FEA,1042_TAI_FEA_XX.wav,True,77988,1611608498000000000
/Users/jordanacle/Downloads/archive/Crema/1042_TAI_NEU_XX.wav,1042,neutral,NEU,1042_TAI_NEU_XX.wav,True,73718,1611608498000000000
/Users/jordanacle/Downloads/archive/Crema/1042_TAI_SAD_XX.wav,1042,sad,SAD,1042_TAI_SAD_XX.wav,True,66244,1611608498000000000
/Users/jordanacle/Downloads/archive/Crema/1042_TIE_ANG_XX.wav,1042,angry,ANG,1042_TIE_ANG_XX.wav,True,96140,1611608498000000000
/Users/jordanacle/Downloads/archive/Crema/1042_TIE_DIS_XX.wav,1042,disgust,DIS,1042_TIE_DIS_XX.wav,True,86530,1611608498000000000
/Users/jordanacle/Downloads/archive/Crema/1042_TIE_FEA_XX.wav,1042,fear,FEA,1042_TIE_FEA_XX.wav,True,84394,1611608498000000000
/Users/jordanacle/Downloads/archive/Crema/1042_TIE_NEU_XX.wav,1042,neutral,NEU,1042_TIE_NEU_XX.wav,True,72650,1611608498000000000
/Users/jordanacle/Downloads/archive/Crema/1042_TSI_ANG_XX.wav,1042,angry,ANG,1042_TSI_ANG_XX.wav,True,63040,1611608498000000000
/Users/jordanacle/Downloads/archive/Crema/1042_TIE_SAD_XX.wav,1042,sad,SAD,1042_TIE_SAD_XX.wav,True,100410,1611608498000000000
/Users/jordanacle/Downloads/archive/Crema/1042_TSI_DIS_XX.wav,1042,disgust,DIS,1042_TSI_DIS_XX.wav,True,47024,1611608498000000000
/Users/jordanacle/Downloads/archive/Crema/1042_TSI_FEA_XX.wav,1042,fear,FEA,1042_TSI_FEA_XX.wav,True,73090,1611608498000000000
/Users/jordanacle/Downloads/archive/Crema/1042_TSI_NEU_XX.wav,1042,neutral,NEU,1042_TSI_NEU_XX.wav,True,70514,1611608498000000000
/Users/jordanacle/Downloads/archive/Crema/1042_TSI_HAP_XX.wav,1042,happy,HAP,1042_TSI_HAP_XX.wav,True,79056,1611608498000000000
/Users/jordanacle/Downloads/archive/Crema/1042_TSI_SAD_XX.wav,1042,sad,SAD,1042_TSI_SAD_XX.wav,True,59838,1611608498000000000
/Users/jordanacle/Downloads/archive/Crema/1042_WSI_DIS_XX.wav,1042,disgust,DIS,1042_WSI_DIS_XX.wav,True,81192,1611608498000000000
/Users/jordanacle/Downloads/archive/Crema/1042_WSI_ANG_XX.wav,1042,angry,ANG,1042_WSI_ANG_XX.wav,True,75854,1611608498000000000
/Users/jordanacle/Downloads/archive/Crema/1042_WSI_FEA_XX.wav,1042,fear,FEA,1042_WSI_FEA_XX.wav,True,75854,1611608498000000000
/Users/jordanacle/Downloads/archive/Crema/1042_WSI_SAD_XX.wav,1042,sad,SAD,1042_WSI_SAD_XX.wav,True,75854,1611608498000000000
/Users/jordanacle/Downloads/archive/Crema/1042_WSI_HAP_XX.wav,1042,happy,HAP,1042_WSI_HAP_XX.wav,True,72650,1611608498000000000
/Users/jordanacle/Downloads/archive/Crema/1043_DFA_ANG_XX.wav,1043,angry,ANG,1043_DFA_ANG_XX.wav,True,53430,1611608498000000000
/Users/jordanacle/Downloads/archive/Crema/1043_DFA_DIS_XX.wav,1043,disgust,DIS,1043_DFA_DIS_XX.wav,True,72650,1611608498000000000
/Users/jordanacle/Downloads/archive/Crema/1043_DFA_FEA_XX.wav,1043,fear,FEA,1043_DFA_FEA_XX.wav,True,70514,1611608498000000000
/Users/jordanacle/Downloads/archive/Crema/1043_DFA_HAP_XX.wav,1043,happy,HAP,1043_DFA_HAP_XX.wav,True,56634,1611608498000000000
/Users/jordanacle/Downloads/archive/Crema/1043_DFA_SAD_XX.wav,1043,sad,SAD,1043_DFA_SAD_XX.wav,True,73090,1611608498000000000
/Users/jordanacle/Downloads/archive/Crema/1043_IEO_ANG_HI.wav,1043,angry,ANG,1043_IEO_ANG_HI.wav,True,83328,1611608498000000000
/Users/jordanacle/Downloads/archive/Crema/1043_IEO_ANG_MD.wav,1043,angry,ANG,1043_IEO_ANG_MD.wav,True,67312,1611608498000000000
/Users/jordanacle/Downloads/archive/Crema/1043_IEO_DIS_HI.wav,1043,disgust,DIS,1043_IEO_DIS_HI.wav,True,74786,1611608498000000000
/Users/jordanacle/Downloads/archive/Crema/1043_IEO_DIS_LO.wav,1043,disgust,DIS,1043_IEO_DIS_LO.wav,True,76920,1611608498000000000
/Users/jordanacle/Downloads/archive/Crema/1043_IEO_DIS_MD.wav,1043,disgust,DIS,1043_IEO_DIS_MD.wav,True,82260,1611608498000000000
/Users/jordanacle/Downloads/archive/Crema/1043_IEO_FEA_HI.wav,1043,fear,FEA,1043_IEO_FEA_HI.wav,True,60904,1611608498000000000
/Users/jordanacle/Downloads/archive/Crema/1043_IEO_FEA_LO.wav,1043,fear,FEA,1043_IEO_FEA_LO.wav,True,75854,1611608498000000000
/Users/jordanacle/Downloads/archive/Crema/1043_IEO_FEA_MD.wav,1043,fear,FEA,1043_IEO_FEA_MD.wav,True,72650,1611608498000000000
/Users/jordanacle/Downloads/archive/Crema/1043_IEO_HAP_LO.wav,1043,happy,HAP,1043_IEO_HAP_LO.wav,True,58770,1611608498000000000
/Users/jordanacle/Downloads/archive/Crema/1043_IEO_HAP_MD.wav,1043,happy,HAP,1043_IEO_HAP_MD.wav,True,69446,1611608498000000000
/Users/jordanacle/Downloads/archive/Crema/1043_IEO_NEU_XX.wav,1043,neutral,NEU,1043_IEO_NEU_XX.wav,True,57702,1611608498000000000
/Users/jordanacle/Downloads/archive/Crema/1043_IEO_SAD_LO.wav,1043,sad,SAD,1043_IEO_SAD_LO.wav,True,64108,1611608498000000000
/Users/jordanacle/Downloads/archive/Crema/1043_IEO_SAD_HI.wav,1043,sad,SAD,1043_IEO_SAD_HI.wav,True,74786,1611608498000000000
/Users/jordanacle/Downloads/archive/Crema/1043_IEO_SAD_MD.wav,1043,sad,SAD,1043_IEO_SAD_MD.wav,True,67312,1611608498000000000
/Users/jordanacle/Downloads/archive/Crema/1043_IOM_DIS_XX.wav,1043,disgust,DIS,1043_IOM_DIS_XX.wav,True,80124,1611608498000000000
/Users/jordanacle/Downloads/archive/Crema/1043_IOM_FEA_XX.wav,1043,fear,FEA,1043_IOM_FEA_XX.wav,True,68378,1611608498000000000
/Users/jordanacle/Downloads/archive/Crema/1043_IOM_HAP_XX.wav,1043,happy,HAP,1043_IOM_HAP_XX.wav,True,54498,1611608498000000000
/Users/jordanacle/Downloads/archive/Crema/1043_IOM_NEU_XX.wav,1043,neutral,NEU,1043_IOM_NEU_XX.wav,True,57702,1611608498000000000
/Users/jordanacle/Downloads/archive/Crema/1043_IOM_SAD_XX.wav,1043,sad,SAD,1043_IOM_SAD_XX.wav,True,56634,1611608498000000000
/Users/jordanacle/Downloads/archive/Crema/1043_ITH_DIS_XX.wav,1043,disgust,DIS,1043_ITH_DIS_XX.wav,True,91870,1611608498000000000
/Users/jordanacle/Downloads/archive/Crema/1043_ITH_ANG_XX.wav,1043,angry,ANG,1043_ITH_ANG_XX.wav,True,68378,1611608498000000000
/Users/jordanacle/Downloads/archive/Crema/1043_ITH_FEA_XX.wav,1043,fear,FEA,1043_ITH_FEA_XX.wav,True,77988,1611608498000000000
/Users/jordanacle/Downloads/archive/Crema/1043_ITH_NEU_XX.wav,1043,neutral,NEU,1043_ITH_NEU_XX.wav,True,69446,1611608498000000000
/Users/jordanacle/Downloads/archive/Crema/1043_ITH_SAD_XX.wav,1043,sad,SAD,1043_ITH_SAD_XX.wav,True,72650,1611608498000000000
/Users/jordanacle/Downloads/archive/Crema/1043_ITS_ANG_XX.wav,1043,angry,ANG,1043_ITS_ANG_XX.wav,True,59838,1611608498000000000
/Users/jordanacle/Downloads/archive/Crema/1043_ITS_DIS_XX.wav,1043,disgust,DIS,1043_ITS_DIS_XX.wav,True,86530,1611608498000000000
/Users/jordanacle/Downloads/archive/Crema/1043_ITS_FEA_XX.wav,1043,fear,FEA,1043_ITS_FEA_XX.wav,True,82260,1611608498000000000
/Users/jordanacle/Downloads/archive/Crema/1043_ITS_NEU_XX.wav,1043,neutral,NEU,1043_ITS_NEU_XX.wav,True,55566,1611608498000000000
/Users/jordanacle/Downloads/archive/Crema/1043_ITS_SAD_XX.wav,1043,sad,SAD,1043_ITS_SAD_XX.wav,True,63040,1611608498000000000
/Users/jordanacle/Downloads/archive/Crema/1043_IWL_ANG_XX.wav,1043,angry,ANG,1043_IWL_ANG_XX.wav,True,85462,1611608498000000000
/Users/jordanacle/Downloads/archive/Crema/1043_IWL_HAP_XX.wav,1043,happy,HAP,1043_IWL_HAP_XX.wav,True,79056,1611608498000000000
/Users/jordanacle/Downloads/archive/Crema/1043_IWL_NEU_XX.wav,1043,neutral,NEU,1043_IWL_NEU_XX.wav,True,69446,1611608498000000000
/Users/jordanacle/Downloads/archive/Crema/1043_IWW_ANG_XX.wav,1043,angry,ANG,1043_IWW_ANG_XX.wav,True,57702,1611608498000000000
/Users/jordanacle/Downloads/archive/Crema/1043_IWW_FEA_XX.wav,1043,fear,FEA,1043_IWW_FEA_XX.wav,True,73090,1611608498000000000
/Users/jordanacle/Downloads/archive/Crema/1043_IWW_DIS_XX.wav,1043,disgust,DIS,1043_IWW_DIS_XX.wav,True,83328,1611608498000000000
/Users/jordanacle/Downloads/archive/Crema/1043_IWW_HAP_XX.wav,1043,happy,HAP,1043_IWW_HAP_XX.wav,True,58770,1611608498000000000
/Users/jordanacle/Downloads/archive/Crema/1043_IWW_NEU_XX.wav,1043,neutral,NEU,1043_IWW_NEU_XX.wav,True,57702,1611608498000000000
/Users/jordanacle/Downloads/archive/Crema/1043_MTI_ANG_XX.wav,1043,angry,ANG,1043_MTI_ANG_XX.wav,True,76920,1611608498000000000
/Users/jordanacle/Downloads/archive/Crema/1043_MTI_DIS_XX.wav,1043,disgust,DIS,1043_MTI_DIS_XX.wav,True,65176,1611608498000000000
/Users/jordanacle/Downloads/archive/Crema/1043_MTI_FEA_XX.wav,1043,fear,FEA,1043_MTI_FEA_XX.wav,True,64108,1611608498000000000
/Users/jordanacle/Downloads/archive/Crema/1043_MTI_HAP_XX.wav,1043,happy,HAP,1043_MTI_HAP_XX.wav,True,67312,1611608498000000000
/Users/jordanacle/Downloads/archive/Crema/1043_MTI_SAD_XX.wav,1043,sad,SAD,1043_MTI_SAD_XX.wav,True,67312,1611608498000000000
/Users/jordanacle/Downloads/archive/Crema/1043_TAI_ANG_XX.wav,1043,angry,ANG,1043_TAI_ANG_XX.wav,True,75854,1611608498000000000
/Users/jordanacle/Downloads/archive/Crema/1043_TAI_DIS_XX.wav,1043,disgust,DIS,1043_TAI_DIS_XX.wav,True,86530,1611608498000000000
/Users/jordanacle/Downloads/archive/Crema/1043_TAI_FEA_XX.wav,1043,fear,FEA,1043_TAI_FEA_XX.wav,True,76920,1611608498000000000
/Users/jordanacle/Downloads/archive/Crema/1043_TAI_NEU_XX.wav,1043,neutral,NEU,1043_TAI_NEU_XX.wav,True,66244,1611608498000000000
/Users/jordanacle/Downloads/archive/Crema/1043_TAI_SAD_XX.wav,1043,sad,SAD,1043_TAI_SAD_XX.wav,True,72650,1611608498000000000
/Users/jordanacle/Downloads/archive/Crema/1043_TIE_ANG_XX.wav,1043,angry,ANG,1043_TIE_ANG_XX.wav,True,85462,1611608498000000000
/Users/jordanacle/Downloads/archive/Crema/1043_TIE_DIS_XX.wav,1043,disgust,DIS,1043_TIE_DIS_XX.wav,True,137782,1611608498000000000
/Users/jordanacle/Downloads/archive/Crema/1043_TIE_FEA_XX.wav,1043,fear,FEA,1043_TIE_FEA_XX.wav,True,77988,1611608498000000000
/Users/jordanacle/Downloads/archive/Crema/1043_TIE_HAP_XX.wav,1043,happy,HAP,1043_TIE_HAP_XX.wav,True,77988,1611608498000000000
/Users/jordanacle/Downloads/archive/Crema/1043_TIE_NEU_XX.wav,1043,neutral,NEU,1043_TIE_NEU_XX.wav,True,81192,1611608498000000000
/Users/jordanacle/Downloads/archive/Crema/1043_TIE_SAD_XX.wav,1043,sad,SAD,1043_TIE_SAD_XX.wav,True,82260,1611608498000000000
/Users/jordanacle/Downloads/archive/Crema/1043_TSI_DIS_XX.wav,1043,disgust,DIS,1043_TSI_DIS_XX.wav,True,83328,1611608498000000000
/Users/jordanacle/Downloads/archive/Crema/1043_TSI_FEA_XX.wav,1043,fear,FEA,1043_TSI_FEA_XX.wav,True,88666,1611608498000000000
/Users/jordanacle/Downloads/archive/Crema/1043_TSI_HAP_XX.wav,1043,happy,HAP,1043_TSI_HAP_XX.wav,True,54498,1611608498000000000
/Users/jordanacle/Downloads/archive/Crema/1043_TSI_NEU_XX.wav,1043,neutral,NEU,1043_TSI_NEU_XX.wav,True,55566,1611608498000000000
/Users/jordanacle/Downloads/archive/Crema/1043_TSI_SAD_XX.wav,1043,sad,SAD,1043_TSI_SAD_XX.wav,True,66244,1611608498000000000
/Users/jordanacle/Downloads/archive/Crema/1043_WSI_ANG_XX.wav,1043,angry,ANG,1043_WSI_ANG_XX.wav,True,74786,1611608498000000000
/Users/jordanacle/Downloads/archive/Crema/1043_WSI_HAP_XX.wav,1043,happy,HAP,1043_WSI_HAP_XX.wav,True,73090,1611608500000000000
/Users/jordanacle/Downloads/archive/Crema/1043_WSI_DIS_XX.wav,1043,disgust,DIS,1043_WSI_DIS_XX.wav,True,95072,1611608498000000000
/Users/jordanacle/Downloads/archive/Crema/1043_WSI_FEA_XX.wav,1043,fear,FEA,1043_WSI_FEA_XX.wav,True,73718,1611608500000000000
/Users/jordanacle/Downloads/archive/Crema/1043_WSI_SAD_XX.wav,1043,sad,SAD,1043_WSI_SAD_XX.wav,True,77988,1611608500000000000
/Users/jordanacle/Downloads/archive/Crema/1044_DFA_ANG_XX.wav,1044,angry,ANG,1044_DFA_ANG_XX.wav,True,85462,1611608500000000000
/Users/jordanacle/Downloads/archive/Crema/1044_DFA_DIS_XX.wav,1044,disgust,DIS,1044_DFA_DIS_XX.wav,True,85462,1611608500000000000
/Users/jordanacle/Downloads/archive/Crema/1044_DFA_FEA_XX.wav,1044,fear,FEA,1044_DFA_FEA_XX.wav,True,80124,1611608500000000000
/Users/jordanacle/Downloads/archive/Crema/1044_DFA_NEU_XX.wav,1044,neutral,NEU,1044_DFA_NEU_XX.wav,True,79056,1611608500000000000
/Users/jordanacle/Downloads/archive/Crema/1044_DFA_HAP_XX.wav,1044,happy,HAP,1044_DFA_HAP_XX.wav,True,69446,1611608500000000000
/Users/jordanacle/Downloads/archive/Crema/1044_DFA_SAD_XX.wav,1044,sad,SAD,1044_DFA_SAD_XX.wav,True,86530,1611608500000000000
/Users/jordanacle/Downloads/archive/Crema/1044_IEO_ANG_MD.wav,1044,angry,ANG,1044_IEO_ANG_MD.wav,True,75852,1611608500000000000
/Users/jordanacle/Downloads/archive/Crema/1044_IEO_ANG_HI.wav,1044,angry,ANG,1044_IEO_ANG_HI.wav,True,101478,1611608500000000000
/Users/jordanacle/Downloads/archive/Crema/1044_IEO_ANG_LO.wav,1044,angry,ANG,1044_IEO_ANG_LO.wav,True,94004,1611608500000000000
/Users/jordanacle/Downloads/archive/Crema/1044_IEO_DIS_HI.wav,1044,disgust,DIS,1044_IEO_DIS_HI.wav,True,90802,1611608500000000000
/Users/jordanacle/Downloads/archive/Crema/1044_IEO_DIS_LO.wav,1044,disgust,DIS,1044_IEO_DIS_LO.wav,True,83328,1611608500000000000
/Users/jordanacle/Downloads/archive/Crema/1044_IEO_DIS_MD.wav,1044,disgust,DIS,1044_IEO_DIS_MD.wav,True,86530,1611608500000000000
/Users/jordanacle/Downloads/archive/Crema/1044_IEO_FEA_HI.wav,1044,fear,FEA,1044_IEO_FEA_HI.wav,True,82260,1611608500000000000
/Users/jordanacle/Downloads/archive/Crema/1044_IEO_FEA_LO.wav,1044,fear,FEA,1044_IEO_FEA_LO.wav,True,96140,1611608500000000000
/Users/jordanacle/Downloads/archive/Crema/1044_IEO_FEA_MD.wav,1044,fear,FEA,1044_IEO_FEA_MD.wav,True,72862,1611608500000000000
/Users/jordanacle/Downloads/archive/Crema/1044_IEO_HAP_LO.wav,1044,happy,HAP,1044_IEO_HAP_LO.wav,True,57702,1611608500000000000
/Users/jordanacle/Downloads/archive/Crema/1044_IEO_HAP_MD.wav,1044,happy,HAP,1044_IEO_HAP_MD.wav,True,83328,1611608500000000000
/Users/jordanacle/Downloads/archive/Crema/1044_IEO_NEU_XX.wav,1044,neutral,NEU,1044_IEO_NEU_XX.wav,True,66244,1611608500000000000
/Users/jordanacle/Downloads/archive/Crema/1044_IEO_SAD_HI.wav,1044,sad,SAD,1044_IEO_SAD_HI.wav,True,90802,1611608500000000000
/Users/jordanacle/Downloads/archive/Crema/1044_IEO_SAD_LO.wav,1044,sad,SAD,1044_IEO_SAD_LO.wav,True,82260,1611608500000000000
/Users/jordanacle/Downloads/archive/Crema/1044_IEO_SAD_MD.wav,1044,sad,SAD,1044_IEO_SAD_MD.wav,True,74786,1611608500000000000
/Users/jordanacle/Downloads/archive/Crema/1044_IOM_DIS_XX.wav,1044,disgust,DIS,1044_IOM_DIS_XX.wav,True,90802,1611608500000000000
/Users/jordanacle/Downloads/archive/Crema/1044_IOM_FEA_XX.wav,1044,fear,FEA,1044_IOM_FEA_XX.wav,True,76920,1611608500000000000
/Users/jordanacle/Downloads/archive/Crema/1044_IOM_HAP_XX.wav,1044,happy,HAP,1044_IOM_HAP_XX.wav,True,73718,1611608500000000000
/Users/jordanacle/Downloads/archive/Crema/1044_IOM_NEU_XX.wav,1044,neutral,NEU,1044_IOM_NEU_XX.wav,True,91868,1611608500000000000
/Users/jordanacle/Downloads/archive/Crema/1044_IOM_SAD_XX.wav,1044,sad,SAD,1044_IOM_SAD_XX.wav,True,75852,1611608500000000000
/Users/jordanacle/Downloads/archive/Crema/1044_ITH_ANG_XX.wav,1044,angry,ANG,1044_ITH_ANG_XX.wav,True,100410,1611608500000000000
/Users/jordanacle/Downloads/archive/Crema/1044_ITH_DIS_XX.wav,1044,disgust,DIS,1044_ITH_DIS_XX.wav,True,102546,1611608500000000000
/Users/jordanacle/Downloads/archive/Crema/1044_ITH_FEA_XX.wav,1044,fear,FEA,1044_ITH_FEA_XX.wav,True,94004,1611608500000000000
/Users/jordanacle/Downloads/archive/Crema/1044_ITH_NEU_XX.wav,1044,neutral,NEU,1044_ITH_NEU_XX.wav,True,90802,1611608500000000000
/Users/jordanacle/Downloads/archive/Crema/1044_ITH_SAD_XX.wav,1044,sad,SAD,1044_ITH_SAD_XX.wav,True,87598,1611608500000000000
/Users/jordanacle/Downloads/archive/Crema/1044_ITS_ANG_XX.wav,1044,angry,ANG,1044_ITS_ANG_XX.wav,True,102546,1611608500000000000
/Users/jordanacle/Downloads/archive/Crema/1044_ITS_DIS_XX.wav,1044,disgust,DIS,1044_ITS_DIS_XX.wav,True,94004,1611608500000000000
/Users/jordanacle/Downloads/archive/Crema/1044_ITS_FEA_XX.wav,1044,fear,FEA,1044_ITS_FEA_XX.wav,True,88666,1611608500000000000
/Users/jordanacle/Downloads/archive/Crema/1044_ITS_HAP_XX.wav,1044,happy,HAP,1044_ITS_HAP_XX.wav,True,84394,1611608500000000000
/Users/jordanacle/Downloads/archive/Crema/1044_ITS_NEU_XX.wav,1044,neutral,NEU,1044_ITS_NEU_XX.wav,True,72650,1611608500000000000
/Users/jordanacle/Downloads/archive/Crema/1044_ITS_SAD_XX.wav,1044,sad,SAD,1044_ITS_SAD_XX.wav,True,77988,1611608500000000000
/Users/jordanacle/Downloads/archive/Crema/1044_IWL_ANG_XX.wav,1044,angry,ANG,1044_IWL_ANG_XX.wav,True,111088,1611608500000000000
/Users/jordanacle/Downloads/archive/Crema/1044_IWL_HAP_XX.wav,1044,happy,HAP,1044_IWL_HAP_XX.wav,True,92936,1611608500000000000
/Users/jordanacle/Downloads/archive/Crema/1044_IWL_NEU_XX.wav,1044,neutral,NEU,1044_IWL_NEU_XX.wav,True,95072,1611608500000000000
/Users/jordanacle/Downloads/archive/Crema/1044_IWW_ANG_XX.wav,1044,angry,ANG,1044_IWW_ANG_XX.wav,True,75852,1611608500000000000
/Users/jordanacle/Downloads/archive/Crema/1044_IWW_HAP_XX.wav,1044,happy,HAP,1044_IWW_HAP_XX.wav,True,80124,1611608500000000000
/Users/jordanacle/Downloads/archive/Crema/1044_IWW_NEU_XX.wav,1044,neutral,NEU,1044_IWW_NEU_XX.wav,True,95072,1611608500000000000
/Users/jordanacle/Downloads/archive/Crema/1044_IWW_SAD_XX.wav,1044,sad,SAD,1044_IWW_SAD_XX.wav,True,90802,1611608500000000000
/Users/jordanacle/Downloads/archive/Crema/1044_MTI_ANG_XX.wav,1044,angry,ANG,1044_MTI_ANG_XX.wav,True,83328,1611608500000000000
/Users/jordanacle/Downloads/archive/Crema/1044_MTI_FEA_XX.wav,1044,fear,FEA,1044_MTI_FEA_XX.wav,True,81192,1611608500000000000
/Users/jordanacle/Downloads/archive/Crema/1044_MTI_HAP_XX.wav,1044,happy,HAP,1044_MTI_HAP_XX.wav,True,86530,1611608500000000000
/Users/jordanacle/Downloads/archive/Crema/1044_MTI_NEU_XX.wav,1044,neutral,NEU,1044_MTI_NEU_XX.wav,True,91868,1611608500000000000
/Users/jordanacle/Downloads/archive/Crema/1044_MTI_DIS_XX.wav,1044,disgust,DIS,1044_MTI_DIS_XX.wav,True,96140,1611608500000000000
/Users/jordanacle/Downloads/archive/Crema/1044_MTI_SAD_XX.wav,1044,sad,SAD,1044_MTI_SAD_XX.wav,True,91868,1611608500000000000
/Users/jordanacle/Downloads/archive/Crema/1044_TAI_ANG_XX.wav,1044,angry,ANG,1044_TAI_ANG_XX.wav,True,81192,1611608500000000000
/Users/jordanacle/Downloads/archive/Crema/1044_TAI_DIS_XX.wav,1044,disgust,DIS,1044_TAI_DIS_XX.wav,True,96140,1611608500000000000
/Users/jordanacle/Downloads/archive/Crema/1044_TAI_FEA_XX.wav,1044,fear,FEA,1044_TAI_FEA_XX.wav,True,82260,1611608500000000000
/Users/jordanacle/Downloads/archive/Crema/1044_TAI_HAP_XX.wav,1044,happy,HAP,1044_TAI_HAP_XX.wav,True,83328,1611608500000000000
/Users/jordanacle/Downloads/archive/Crema/1044_TAI_NEU_XX.wav,1044,neutral,NEU,1044_TAI_NEU_XX.wav,True,96140,1611608500000000000
/Users/jordanacle/Downloads/archive/Crema/1044_TAI_SAD_XX.wav,1044,sad,SAD,1044_TAI_SAD_XX.wav,True,88666,1611608500000000000
/Users/jordanacle/Downloads/archive/Crema/1044_TIE_ANG_XX.wav,1044,angry,ANG,1044_TIE_ANG_XX.wav,True,100410,1611608500000000000
/Users/jordanacle/Downloads/archive/Crema/1044_TIE_DIS_XX.wav,1044,disgust,DIS,1044_TIE_DIS_XX.wav,True,110020,1611608500000000000
/Users/jordanacle/Downloads/archive/Crema/1044_TIE_FEA_XX.wav,1044,fear,FEA,1044_TIE_FEA_XX.wav,True,95072,1611608500000000000
/Users/jordanacle/Downloads/archive/Crema/1044_TIE_NEU_XX.wav,1044,neutral,NEU,1044_TIE_NEU_XX.wav,True,82260,1611608500000000000
/Users/jordanacle/Downloads/archive/Crema/1044_TIE_SAD_XX.wav,1044,sad,SAD,1044_TIE_SAD_XX.wav,True,97208,1611608500000000000
/Users/jordanacle/Downloads/archive/Crema/1044_TSI_DIS_XX.wav,1044,disgust,DIS,1044_TSI_DIS_XX.wav,True,81192,1611608500000000000
/Users/jordanacle/Downloads/archive/Crema/1044_TSI_FEA_XX.wav,1044,fear,FEA,1044_TSI_FEA_XX.wav,True,76920,1611608500000000000
/Users/jordanacle/Downloads/archive/Crema/1044_TSI_HAP_XX.wav,1044,happy,HAP,1044_TSI_HAP_XX.wav,True,77988,1611608500000000000
/Users/jordanacle/Downloads/archive/Crema/1044_TSI_NEU_XX.wav,1044,neutral,NEU,1044_TSI_NEU_XX.wav,True,81192,1611608500000000000
/Users/jordanacle/Downloads/archive/Crema/1044_TSI_SAD_XX.wav,1044,sad,SAD,1044_TSI_SAD_XX.wav,True,68378,1611608500000000000
/Users/jordanacle/Downloads/archive/Crema/1044_WSI_ANG_XX.wav,1044,angry,ANG,1044_WSI_ANG_XX.wav,True,95072,1611608500000000000
/Users/jordanacle/Downloads/archive/Crema/1044_WSI_DIS_XX.wav,1044,disgust,DIS,1044_WSI_DIS_XX.wav,True,82260,1611608500000000000
/Users/jordanacle/Downloads/archive/Crema/1044_WSI_FEA_XX.wav,1044,fear,FEA,1044_WSI_FEA_XX.wav,True,79056,1611608500000000000
/Users/jordanacle/Downloads/archive/Crema/1044_WSI_HAP_XX.wav,1044,happy,HAP,1044_WSI_HAP_XX.wav,True,74786,1611608500000000000
/Users/jordanacle/Downloads/archive/Crema/1044_WSI_NEU_XX.wav,1044,neutral,NEU,1044_WSI_NEU_XX.wav,True,86530,1611608500000000000
/Users/jordanacle/Downloads/archive/Crema/1044_WSI_SAD_XX.wav,1044,sad,SAD,1044_WSI_SAD_XX.wav,True,83328,1611608500000000000
/Users/jordanacle/Downloads/archive/Crema/1045_DFA_ANG_XX.wav,1045,angry,ANG,1045_DFA_ANG_XX.wav,True,81192,1611608500000000000
/Users/jordanacle/Downloads/archive/Crema/1045_DFA_DIS_XX.wav,1045,disgust,DIS,1045_DFA_DIS_XX.wav,True,86530,1611608500000000000
/Users/jordanacle/Downloads/archive/Crema/1045_DFA_FEA_XX.wav,1045,fear,FEA,1045_DFA_FEA_XX.wav,True,86530,1611608500000000000
/Users/jordanacle/Downloads/archive/Crema/1045_DFA_HAP_XX.wav,1045,happy,HAP,1045_DFA_HAP_XX.wav,True,68378,1611608500000000000
/Users/jordanacle/Downloads/archive/Crema/1045_DFA_SAD_XX.wav,1045,sad,SAD,1045_DFA_SAD_XX.wav,True,76920,1611608500000000000
/Users/jordanacle/Downloads/archive/Crema/1045_IEO_ANG_HI.wav,1045,angry,ANG,1045_IEO_ANG_HI.wav,True,83328,1611608500000000000
/Users/jordanacle/Downloads/archive/Crema/1045_IEO_ANG_MD.wav,1045,angry,ANG,1045_IEO_ANG_MD.wav,True,58770,1611608500000000000
/Users/jordanacle/Downloads/archive/Crema/1045_IEO_DIS_HI.wav,1045,disgust,DIS,1045_IEO_DIS_HI.wav,True,92936,1611608500000000000
/Users/jordanacle/Downloads/archive/Crema/1045_IEO_DIS_LO.wav,1045,disgust,DIS,1045_IEO_DIS_LO.wav,True,66244,1611608500000000000
/Users/jordanacle/Downloads/archive/Crema/1045_IEO_DIS_MD.wav,1045,disgust,DIS,1045_IEO_DIS_MD.wav,True,65176,1611608500000000000
/Users/jordanacle/Downloads/archive/Crema/1045_IEO_FEA_HI.wav,1045,fear,FEA,1045_IEO_FEA_HI.wav,True,67312,1611608500000000000
/Users/jordanacle/Downloads/archive/Crema/1045_IEO_FEA_LO.wav,1045,fear,FEA,1045_IEO_FEA_LO.wav,True,73718,1611608500000000000
/Users/jordanacle/Downloads/archive/Crema/1045_IEO_FEA_MD.wav,1045,fear,FEA,1045_IEO_FEA_MD.wav,True,65176,1611608500000000000
/Users/jordanacle/Downloads/archive/Crema/1045_IEO_HAP_HI.wav,1045,happy,HAP,1045_IEO_HAP_HI.wav,True,75852,1611608500000000000
/Users/jordanacle/Downloads/archive/Crema/1045_IEO_HAP_MD.wav,1045,happy,HAP,1045_IEO_HAP_MD.wav,True,67312,1611608500000000000
/Users/jordanacle/Downloads/archive/Crema/1045_IEO_HAP_LO.wav,1045,happy,HAP,1045_IEO_HAP_LO.wav,True,55566,1611608500000000000
/Users/jordanacle/Downloads/archive/Crema/1045_IEO_NEU_XX.wav,1045,neutral,NEU,1045_IEO_NEU_XX.wav,True,63040,1611608500000000000
/Users/jordanacle/Downloads/archive/Crema/1045_IEO_SAD_HI.wav,1045,sad,SAD,1045_IEO_SAD_HI.wav,True,85462,1611608500000000000
/Users/jordanacle/Downloads/archive/Crema/1045_IEO_SAD_LO.wav,1045,sad,SAD,1045_IEO_SAD_LO.wav,True,55566,1611608500000000000
/Users/jordanacle/Downloads/archive/Crema/1045_IEO_SAD_MD.wav,1045,sad,SAD,1045_IEO_SAD_MD.wav,True,79056,1611608500000000000
/Users/jordanacle/Downloads/archive/Crema/1045_IOM_DIS_XX.wav,1045,disgust,DIS,1045_IOM_DIS_XX.wav,True,75854,1611608500000000000
/Users/jordanacle/Downloads/archive/Crema/1045_IOM_FEA_XX.wav,1045,fear,FEA,1045_IOM_FEA_XX.wav,True,64108,1611608500000000000
/Users/jordanacle/Downloads/archive/Crema/1045_IOM_HAP_XX.wav,1045,happy,HAP,1045_IOM_HAP_XX.wav,True,68378,1611608500000000000
/Users/jordanacle/Downloads/archive/Crema/1045_IOM_NEU_XX.wav,1045,neutral,NEU,1045_IOM_NEU_XX.wav,True,73090,1611608500000000000
/Users/jordanacle/Downloads/archive/Crema/1045_IOM_SAD_XX.wav,1045,sad,SAD,1045_IOM_SAD_XX.wav,True,70514,1611608500000000000
/Users/jordanacle/Downloads/archive/Crema/1045_ITH_ANG_XX.wav,1045,angry,ANG,1045_ITH_ANG_XX.wav,True,84394,1611608500000000000
/Users/jordanacle/Downloads/archive/Crema/1045_ITH_FEA_XX.wav,1045,fear,FEA,1045_ITH_FEA_XX.wav,True,84394,1611608500000000000
/Users/jordanacle/Downloads/archive/Crema/1045_ITH_HAP_XX.wav,1045,happy,HAP,1045_ITH_HAP_XX.wav,True,79056,1611608500000000000
/Users/jordanacle/Downloads/archive/Crema/1045_ITH_DIS_XX.wav,1045,disgust,DIS,1045_ITH_DIS_XX.wav,True,101478,1611608500000000000
/Users/jordanacle/Downloads/archive/Crema/1045_ITH_NEU_XX.wav,1045,neutral,NEU,1045_ITH_NEU_XX.wav,True,97208,1611608500000000000
/Users/jordanacle/Downloads/archive/Crema/1045_ITH_SAD_XX.wav,1045,sad,SAD,1045_ITH_SAD_XX.wav,True,88666,1611608500000000000
/Users/jordanacle/Downloads/archive/Crema/1045_ITS_ANG_XX.wav,1045,angry,ANG,1045_ITS_ANG_XX.wav,True,88666,1611608500000000000
/Users/jordanacle/Downloads/archive/Crema/1045_ITS_DIS_XX.wav,1045,disgust,DIS,1045_ITS_DIS_XX.wav,True,99344,1611608500000000000
/Users/jordanacle/Downloads/archive/Crema/1045_ITS_NEU_XX.wav,1045,neutral,NEU,1045_ITS_NEU_XX.wav,True,84394,1611608500000000000
/Users/jordanacle/Downloads/archive/Crema/1045_ITS_FEA_XX.wav,1045,fear,FEA,1045_ITS_FEA_XX.wav,True,83328,1611608500000000000
/Users/jordanacle/Downloads/archive/Crema/1045_IWL_ANG_XX.wav,1045,angry,ANG,1045_IWL_ANG_XX.wav,True,95072,1611608500000000000
/Users/jordanacle/Downloads/archive/Crema/1045_IWL_HAP_XX.wav,1045,happy,HAP,1045_IWL_HAP_XX.wav,True,69446,1611608500000000000
/Users/jordanacle/Downloads/archive/Crema/1045_IWL_NEU_XX.wav,1045,neutral,NEU,1045_IWL_NEU_XX.wav,True,87598,1611608500000000000
/Users/jordanacle/Downloads/archive/Crema/1045_ITS_SAD_XX.wav,1045,sad,SAD,1045_ITS_SAD_XX.wav,True,74786,1611608500000000000
/Users/jordanacle/Downloads/archive/Crema/1045_IWL_SAD_XX.wav,1045,sad,SAD,1045_IWL_SAD_XX.wav,True,92936,1611608500000000000
/Users/jordanacle/Downloads/archive/Crema/1045_IWW_ANG_XX.wav,1045,angry,ANG,1045_IWW_ANG_XX.wav,True,84394,1611608500000000000
/Users/jordanacle/Downloads/archive/Crema/1045_IWW_HAP_XX.wav,1045,happy,HAP,1045_IWW_HAP_XX.wav,True,68378,1611608500000000000
/Users/jordanacle/Downloads/archive/Crema/1045_IWW_NEU_XX.wav,1045,neutral,NEU,1045_IWW_NEU_XX.wav,True,74786,1611608500000000000
/Users/jordanacle/Downloads/archive/Crema/1045_MTI_ANG_XX.wav,1045,angry,ANG,1045_MTI_ANG_XX.wav,True,88666,1611608500000000000
/Users/jordanacle/Downloads/archive/Crema/1045_MTI_FEA_XX.wav,1045,fear,FEA,1045_MTI_FEA_XX.wav,True,92936,1611608500000000000
/Users/jordanacle/Downloads/archive/Crema/1045_MTI_DIS_XX.wav,1045,disgust,DIS,1045_MTI_DIS_XX.wav,True,91870,1611608500000000000
/Users/jordanacle/Downloads/archive/Crema/1045_MTI_HAP_XX.wav,1045,happy,HAP,1045_MTI_HAP_XX.wav,True,85462,1611608500000000000
/Users/jordanacle/Downloads/archive/Crema/1045_MTI_SAD_XX.wav,1045,sad,SAD,1045_MTI_SAD_XX.wav,True,79056,1611608500000000000
/Users/jordanacle/Downloads/archive/Crema/1045_TAI_DIS_XX.wav,1045,disgust,DIS,1045_TAI_DIS_XX.wav,True,103614,1611608500000000000
/Users/jordanacle/Downloads/archive/Crema/1045_TAI_ANG_XX.wav,1045,angry,ANG,1045_TAI_ANG_XX.wav,True,103614,1611608500000000000
/Users/jordanacle/Downloads/archive/Crema/1045_TAI_NEU_XX.wav,1045,neutral,NEU,1045_TAI_NEU_XX.wav,True,86530,1611608500000000000
/Users/jordanacle/Downloads/archive/Crema/1045_TAI_FEA_XX.wav,1045,fear,FEA,1045_TAI_FEA_XX.wav,True,91870,1611608500000000000
/Users/jordanacle/Downloads/archive/Crema/1045_TAI_SAD_XX.wav,1045,sad,SAD,1045_TAI_SAD_XX.wav,True,82260,1611608500000000000
/Users/jordanacle/Downloads/archive/Crema/1045_TIE_ANG_XX.wav,1045,angry,ANG,1045_TIE_ANG_XX.wav,True,105750,1611608500000000000
/Users/jordanacle/Downloads/archive/Crema/1045_TIE_DIS_XX.wav,1045,disgust,DIS,1045_TIE_DIS_XX.wav,True,118562,1611608500000000000
/Users/jordanacle/Downloads/archive/Crema/1045_TIE_NEU_XX.wav,1045,neutral,NEU,1045_TIE_NEU_XX.wav,True,83328,1611608500000000000
/Users/jordanacle/Downloads/archive/Crema/1045_TIE_FEA_XX.wav,1045,fear,FEA,1045_TIE_FEA_XX.wav,True,90802,1611608500000000000
/Users/jordanacle/Downloads/archive/Crema/1045_TIE_SAD_XX.wav,1045,sad,SAD,1045_TIE_SAD_XX.wav,True,102546,1611608500000000000
/Users/jordanacle/Downloads/archive/Crema/1045_TSI_DIS_XX.wav,1045,disgust,DIS,1045_TSI_DIS_XX.wav,True,97208,1611608500000000000
/Users/jordanacle/Downloads/archive/Crema/1045_TSI_FEA_XX.wav,1045,fear,FEA,1045_TSI_FEA_XX.wav,True,69446,1611608500000000000
/Users/jordanacle/Downloads/archive/Crema/1045_TSI_HAP_XX.wav,1045,happy,HAP,1045_TSI_HAP_XX.wav,True,76920,1611608500000000000
/Users/jordanacle/Downloads/archive/Crema/1045_WSI_ANG_XX.wav,1045,angry,ANG,1045_WSI_ANG_XX.wav,True,101478,1611608500000000000
/Users/jordanacle/Downloads/archive/Crema/1045_TSI_SAD_XX.wav,1045,sad,SAD,1045_TSI_SAD_XX.wav,True,84394,1611608500000000000
/Users/jordanacle/Downloads/archive/Crema/1045_TSI_NEU_XX.wav,1045,neutral,NEU,1045_TSI_NEU_XX.wav,True,89734,1611608500000000000
/Users/jordanacle/Downloads/archive/Crema/1045_WSI_DIS_XX.wav,1045,disgust,DIS,1045_WSI_DIS_XX.wav,True,107884,1611608500000000000
/Users/jordanacle/Downloads/archive/Crema/1045_WSI_FEA_XX.wav,1045,fear,FEA,1045_WSI_FEA_XX.wav,True,83328,1611608500000000000
/Users/jordanacle/Downloads/archive/Crema/1045_WSI_SAD_XX.wav,1045,sad,SAD,1045_WSI_SAD_XX.wav,True,85462,1611608500000000000
/Users/jordanacle/Downloads/archive/Crema/1045_WSI_HAP_XX.wav,1045,happy,HAP,1045_WSI_HAP_XX.wav,True,83328,1611608500000000000
/Users/jordanacle/Downloads/archive/Crema/1045_WSI_NEU_XX.wav,1045,neutral,NEU,1045_WSI_NEU_XX.wav,True,100410,1611608500000000000
/Users/jordanacle/Downloads/archive/Crema/1046_DFA_ANG_XX.wav,1046,angry,ANG,1046_DFA_ANG_XX.wav,True,73090,1611608500000000000
/Users/jordanacle/Downloads/archive/Crema/1046_DFA_DIS_XX.wav,1046,disgust,DIS,1046_DFA_DIS_XX.wav,True,69446,1611608500000000000
/Users/jordanacle/Downloads/archive/Crema/1046_DFA_FEA_XX.wav,1046,fear,FEA,1046_DFA_FEA_XX.wav,True,61972,1611608500000000000
/Users/jordanacle/Downloads/archive/Crema/1046_DFA_NEU_XX.wav,1046,neutral,NEU,1046_DFA_NEU_XX.wav,True,69446,1611608500000000000
/Users/jordanacle/Downloads/archive/Crema/1046_DFA_SAD_XX.wav,1046,sad,SAD,1046_DFA_SAD_XX.wav,True,64108,1611608500000000000
/Users/jordanacle/Downloads/archive/Crema/1046_IEO_ANG_HI.wav,1046,angry,ANG,1046_IEO_ANG_HI.wav,True,74786,1611608500000000000
/Users/jordanacle/Downloads/archive/Crema/1046_IEO_ANG_LO.wav,1046,angry,ANG,1046_IEO_ANG_LO.wav,True,67312,1611608500000000000
/Users/jordanacle/Downloads/archive/Crema/1046_IEO_ANG_MD.wav,1046,angry,ANG,1046_IEO_ANG_MD.wav,True,72650,1611608500000000000
/Users/jordanacle/Downloads/archive/Crema/1046_IEO_DIS_MD.wav,1046,disgust,DIS,1046_IEO_DIS_MD.wav,True,65176,1611608500000000000
/Users/jordanacle/Downloads/archive/Crema/1046_IEO_DIS_HI.wav,1046,disgust,DIS,1046_IEO_DIS_HI.wav,True,63040,1611608500000000000
/Users/jordanacle/Downloads/archive/Crema/1046_IEO_FEA_HI.wav,1046,fear,FEA,1046_IEO_FEA_HI.wav,True,55566,1611608500000000000
/Users/jordanacle/Downloads/archive/Crema/1046_IEO_FEA_MD.wav,1046,fear,FEA,1046_IEO_FEA_MD.wav,True,56634,1611608500000000000
/Users/jordanacle/Downloads/archive/Crema/1046_IEO_HAP_HI.wav,1046,happy,HAP,1046_IEO_HAP_HI.wav,True,55566,1611608500000000000
/Users/jordanacle/Downloads/archive/Crema/1046_IEO_HAP_LO.wav,1046,happy,HAP,1046_IEO_HAP_LO.wav,True,58770,1611608500000000000
/Users/jordanacle/Downloads/archive/Crema/1046_IEO_HAP_MD.wav,1046,happy,HAP,1046_IEO_HAP_MD.wav,True,56634,1611608500000000000
/Users/jordanacle/Downloads/archive/Crema/1046_IEO_SAD_HI.wav,1046,sad,SAD,1046_IEO_SAD_HI.wav,True,73718,1611608500000000000
/Users/jordanacle/Downloads/archive/Crema/1046_IEO_SAD_LO.wav,1046,sad,SAD,1046_IEO_SAD_LO.wav,True,60904,1611608500000000000
/Users/jordanacle/Downloads/archive/Crema/1046_IEO_NEU_XX.wav,1046,neutral,NEU,1046_IEO_NEU_XX.wav,True,54498,1611608500000000000
/Users/jordanacle/Downloads/archive/Crema/1046_IOM_ANG_XX.wav,1046,angry,ANG,1046_IOM_ANG_XX.wav,True,74786,1611608500000000000
/Users/jordanacle/Downloads/archive/Crema/1046_IEO_SAD_MD.wav,1046,sad,SAD,1046_IEO_SAD_MD.wav,True,66244,1611608500000000000
/Users/jordanacle/Downloads/archive/Crema/1046_IOM_DIS_XX.wav,1046,disgust,DIS,1046_IOM_DIS_XX.wav,True,80124,1611608500000000000
/Users/jordanacle/Downloads/archive/Crema/1046_IOM_FEA_XX.wav,1046,fear,FEA,1046_IOM_FEA_XX.wav,True,83328,1611608500000000000
/Users/jordanacle/Downloads/archive/Crema/1046_IOM_NEU_XX.wav,1046,neutral,NEU,1046_IOM_NEU_XX.wav,True,67312,1611608500000000000
/Users/jordanacle/Downloads/archive/Crema/1046_IOM_HAP_XX.wav,1046,happy,HAP,1046_IOM_HAP_XX.wav,True,60904,1611608500000000000
/Users/jordanacle/Downloads/archive/Crema/1046_ITH_ANG_XX.wav,1046,angry,ANG,1046_ITH_ANG_XX.wav,True,69446,1611608500000000000
/Users/jordanacle/Downloads/archive/Crema/1046_ITH_FEA_XX.wav,1046,fear,FEA,1046_ITH_FEA_XX.wav,True,61972,1611608500000000000
/Users/jordanacle/Downloads/archive/Crema/1046_ITH_DIS_XX.wav,1046,disgust,DIS,1046_ITH_DIS_XX.wav,True,77988,1611608500000000000
/Users/jordanacle/Downloads/archive/Crema/1046_ITH_HAP_XX.wav,1046,happy,HAP,1046_ITH_HAP_XX.wav,True,67312,1611608500000000000
/Users/jordanacle/Downloads/archive/Crema/1046_ITS_ANG_XX.wav,1046,angry,ANG,1046_ITS_ANG_XX.wav,True,82260,1611608500000000000
/Users/jordanacle/Downloads/archive/Crema/1046_ITH_SAD_XX.wav,1046,sad,SAD,1046_ITH_SAD_XX.wav,True,76920,1611608500000000000
/Users/jordanacle/Downloads/archive/Crema/1046_ITS_DIS_XX.wav,1046,disgust,DIS,1046_ITS_DIS_XX.wav,True,72650,1611608500000000000
/Users/jordanacle/Downloads/archive/Crema/1046_ITS_SAD_XX.wav,1046,sad,SAD,1046_ITS_SAD_XX.wav,True,73718,1611608500000000000
/Users/jordanacle/Downloads/archive/Crema/1046_ITS_FEA_XX.wav,1046,fear,FEA,1046_ITS_FEA_XX.wav,True,66244,1611608500000000000
/Users/jordanacle/Downloads/archive/Crema/1046_IWL_DIS_XX.wav,1046,disgust,DIS,1046_IWL_DIS_XX.wav,True,72650,1611608500000000000
/Users/jordanacle/Downloads/archive/Crema/1046_IWL_HAP_XX.wav,1046,happy,HAP,1046_IWL_HAP_XX.wav,True,65176,1611608500000000000
/Users/jordanacle/Downloads/archive/Crema/1046_IWL_FEA_XX.wav,1046,fear,FEA,1046_IWL_FEA_XX.wav,True,67312,1611608500000000000
/Users/jordanacle/Downloads/archive/Crema/1046_IWL_NEU_XX.wav,1046,neutral,NEU,1046_IWL_NEU_XX.wav,True,76920,1611608500000000000
/Users/jordanacle/Downloads/archive/Crema/1046_IWL_SAD_XX.wav,1046,sad,SAD,1046_IWL_SAD_XX.wav,True,73090,1611608500000000000
/Users/jordanacle/Downloads/archive/Crema/1046_IWW_DIS_XX.wav,1046,disgust,DIS,1046_IWW_DIS_XX.wav,True,59838,1611608500000000000
/Users/jordanacle/Downloads/archive/Crema/1046_IWW_FEA_XX.wav,1046,fear,FEA,1046_IWW_FEA_XX.wav,True,80124,1611608500000000000
/Users/jordanacle/Downloads/archive/Crema/1046_IWW_HAP_XX.wav,1046,happy,HAP,1046_IWW_HAP_XX.wav,True,59838,1611608500000000000
/Users/jordanacle/Downloads/archive/Crema/1046_IWW_NEU_XX.wav,1046,neutral,NEU,1046_IWW_NEU_XX.wav,True,73090,1611608500000000000
/Users/jordanacle/Downloads/archive/Crema/1046_IWW_SAD_XX.wav,1046,sad,SAD,1046_IWW_SAD_XX.wav,True,61972,1611608500000000000
/Users/jordanacle/Downloads/archive/Crema/1046_MTI_DIS_XX.wav,1046,disgust,DIS,1046_MTI_DIS_XX.wav,True,81192,1611608500000000000
/Users/jordanacle/Downloads/archive/Crema/1046_MTI_ANG_XX.wav,1046,angry,ANG,1046_MTI_ANG_XX.wav,True,85462,1611608500000000000
/Users/jordanacle/Downloads/archive/Crema/1046_MTI_NEU_XX.wav,1046,neutral,NEU,1046_MTI_NEU_XX.wav,True,66244,1611608500000000000
/Users/jordanacle/Downloads/archive/Crema/1046_TAI_ANG_XX.wav,1046,angry,ANG,1046_TAI_ANG_XX.wav,True,70514,1611608500000000000
/Users/jordanacle/Downloads/archive/Crema/1046_MTI_FEA_XX.wav,1046,fear,FEA,1046_MTI_FEA_XX.wav,True,73090,1611608500000000000
/Users/jordanacle/Downloads/archive/Crema/1046_MTI_SAD_XX.wav,1046,sad,SAD,1046_MTI_SAD_XX.wav,True,73718,1611608500000000000
/Users/jordanacle/Downloads/archive/Crema/1046_TAI_DIS_XX.wav,1046,disgust,DIS,1046_TAI_DIS_XX.wav,True,64108,1611608500000000000
/Users/jordanacle/Downloads/archive/Crema/1046_TAI_HAP_XX.wav,1046,happy,HAP,1046_TAI_HAP_XX.wav,True,63040,1611608500000000000
/Users/jordanacle/Downloads/archive/Crema/1046_TAI_FEA_XX.wav,1046,fear,FEA,1046_TAI_FEA_XX.wav,True,65176,1611608500000000000
/Users/jordanacle/Downloads/archive/Crema/1046_TAI_SAD_XX.wav,1046,sad,SAD,1046_TAI_SAD_XX.wav,True,67312,1611608500000000000
/Users/jordanacle/Downloads/archive/Crema/1046_TIE_ANG_XX.wav,1046,angry,ANG,1046_TIE_ANG_XX.wav,True,72862,1611608500000000000
/Users/jordanacle/Downloads/archive/Crema/1046_TIE_SAD_XX.wav,1046,sad,SAD,1046_TIE_SAD_XX.wav,True,72650,1611608500000000000
/Users/jordanacle/Downloads/archive/Crema/1046_TIE_HAP_XX.wav,1046,happy,HAP,1046_TIE_HAP_XX.wav,True,70514,1611608500000000000
/Users/jordanacle/Downloads/archive/Crema/1046_TIE_FEA_XX.wav,1046,fear,FEA,1046_TIE_FEA_XX.wav,True,63040,1611608500000000000
/Users/jordanacle/Downloads/archive/Crema/1046_TIE_DIS_XX.wav,1046,disgust,DIS,1046_TIE_DIS_XX.wav,True,66244,1611608500000000000
/Users/jordanacle/Downloads/archive/Crema/1046_TSI_ANG_XX.wav,1046,angry,ANG,1046_TSI_ANG_XX.wav,True,58770,1611608500000000000
/Users/jordanacle/Downloads/archive/Crema/1046_TSI_HAP_XX.wav,1046,happy,HAP,1046_TSI_HAP_XX.wav,True,51296,1611608500000000000
/Users/jordanacle/Downloads/archive/Crema/1046_TSI_NEU_XX.wav,1046,neutral,NEU,1046_TSI_NEU_XX.wav,True,65176,1611608500000000000
/Users/jordanacle/Downloads/archive/Crema/1046_TSI_SAD_XX.wav,1046,sad,SAD,1046_TSI_SAD_XX.wav,True,61972,1611608500000000000
/Users/jordanacle/Downloads/archive/Crema/1046_WSI_ANG_XX.wav,1046,angry,ANG,1046_WSI_ANG_XX.wav,True,75854,1611608500000000000
/Users/jordanacle/Downloads/archive/Crema/1046_WSI_DIS_XX.wav,1046,disgust,DIS,1046_WSI_DIS_XX.wav,True,73090,1611608500000000000
/Users/jordanacle/Downloads/archive/Crema/1046_WSI_FEA_XX.wav,1046,fear,FEA,1046_WSI_FEA_XX.wav,True,60904,1611608500000000000
/Users/jordanacle/Downloads/archive/Crema/1046_WSI_NEU_XX.wav,1046,neutral,NEU,1046_WSI_NEU_XX.wav,True,61972,1611608500000000000
/Users/jordanacle/Downloads/archive/Crema/1046_WSI_SAD_XX.wav,1046,sad,SAD,1046_WSI_SAD_XX.wav,True,61972,1611608500000000000
/Users/jordanacle/Downloads/archive/Crema/1047_DFA_ANG_XX.wav,1047,angry,ANG,1047_DFA_ANG_XX.wav,True,65176,1611608500000000000
/Users/jordanacle/Downloads/archive/Crema/1047_DFA_DIS_XX.wav,1047,disgust,DIS,1047_DFA_DIS_XX.wav,True,72650,1611608500000000000
/Users/jordanacle/Downloads/archive/Crema/1047_DFA_FEA_XX.wav,1047,fear,FEA,1047_DFA_FEA_XX.wav,True,59836,1611608500000000000
/Users/jordanacle/Downloads/archive/Crema/1047_DFA_NEU_XX.wav,1047,neutral,NEU,1047_DFA_NEU_XX.wav,True,74786,1611608500000000000
/Users/jordanacle/Downloads/archive/Crema/1047_DFA_SAD_XX.wav,1047,sad,SAD,1047_DFA_SAD_XX.wav,True,58770,1611608500000000000
/Users/jordanacle/Downloads/archive/Crema/1047_IEO_ANG_HI.wav,1047,angry,ANG,1047_IEO_ANG_HI.wav,True,81192,1611608500000000000
/Users/jordanacle/Downloads/archive/Crema/1047_IEO_ANG_LO.wav,1047,angry,ANG,1047_IEO_ANG_LO.wav,True,64108,1611608500000000000
/Users/jordanacle/Downloads/archive/Crema/1047_IEO_DIS_HI.wav,1047,disgust,DIS,1047_IEO_DIS_HI.wav,True,76920,1611608500000000000
/Users/jordanacle/Downloads/archive/Crema/1047_IEO_ANG_MD.wav,1047,angry,ANG,1047_IEO_ANG_MD.wav,True,73718,1611608500000000000
/Users/jordanacle/Downloads/archive/Crema/1047_IEO_DIS_MD.wav,1047,disgust,DIS,1047_IEO_DIS_MD.wav,True,82260,1611608500000000000
/Users/jordanacle/Downloads/archive/Crema/1047_IEO_FEA_HI.wav,1047,fear,FEA,1047_IEO_FEA_HI.wav,True,54498,1611608500000000000
/Users/jordanacle/Downloads/archive/Crema/1047_IEO_FEA_MD.wav,1047,fear,FEA,1047_IEO_FEA_MD.wav,True,65176,1611608500000000000
/Users/jordanacle/Downloads/archive/Crema/1047_IEO_HAP_HI.wav,1047,happy,HAP,1047_IEO_HAP_HI.wav,True,59838,1611608500000000000
/Users/jordanacle/Downloads/archive/Crema/1047_IEO_HAP_LO.wav,1047,happy,HAP,1047_IEO_HAP_LO.wav,True,58770,1611608500000000000
/Users/jordanacle/Downloads/archive/Crema/1047_IEO_SAD_HI.wav,1047,sad,SAD,1047_IEO_SAD_HI.wav,True,61972,1611608502000000000
/Users/jordanacle/Downloads/archive/Crema/1047_IEO_NEU_XX.wav,1047,neutral,NEU,1047_IEO_NEU_XX.wav,True,58770,1611608502000000000
/Users/jordanacle/Downloads/archive/Crema/1047_IEO_SAD_MD.wav,1047,sad,SAD,1047_IEO_SAD_MD.wav,True,70514,1611608502000000000
/Users/jordanacle/Downloads/archive/Crema/1047_IOM_ANG_XX.wav,1047,angry,ANG,1047_IOM_ANG_XX.wav,True,72650,1611608502000000000
/Users/jordanacle/Downloads/archive/Crema/1047_IOM_NEU_XX.wav,1047,neutral,NEU,1047_IOM_NEU_XX.wav,True,83328,1611608502000000000
/Users/jordanacle/Downloads/archive/Crema/1047_IOM_HAP_XX.wav,1047,happy,HAP,1047_IOM_HAP_XX.wav,True,64108,1611608502000000000
/Users/jordanacle/Downloads/archive/Crema/1047_ITH_ANG_XX.wav,1047,angry,ANG,1047_ITH_ANG_XX.wav,True,96140,1611608502000000000
/Users/jordanacle/Downloads/archive/Crema/1047_ITH_DIS_XX.wav,1047,disgust,DIS,1047_ITH_DIS_XX.wav,True,85462,1611608502000000000
/Users/jordanacle/Downloads/archive/Crema/1047_ITH_FEA_XX.wav,1047,fear,FEA,1047_ITH_FEA_XX.wav,True,90802,1611608502000000000
/Users/jordanacle/Downloads/archive/Crema/1047_ITH_HAP_XX.wav,1047,happy,HAP,1047_ITH_HAP_XX.wav,True,73718,1611608502000000000
/Users/jordanacle/Downloads/archive/Crema/1047_ITH_SAD_XX.wav,1047,sad,SAD,1047_ITH_SAD_XX.wav,True,79056,1611608502000000000
/Users/jordanacle/Downloads/archive/Crema/1047_ITS_DIS_XX.wav,1047,disgust,DIS,1047_ITS_DIS_XX.wav,True,79056,1611608502000000000
/Users/jordanacle/Downloads/archive/Crema/1047_ITS_ANG_XX.wav,1047,angry,ANG,1047_ITS_ANG_XX.wav,True,90802,1611608502000000000
/Users/jordanacle/Downloads/archive/Crema/1047_ITS_HAP_XX.wav,1047,happy,HAP,1047_ITS_HAP_XX.wav,True,79056,1611608502000000000
/Users/jordanacle/Downloads/archive/Crema/1047_ITS_FEA_XX.wav,1047,fear,FEA,1047_ITS_FEA_XX.wav,True,68378,1611608502000000000
/Users/jordanacle/Downloads/archive/Crema/1047_ITS_SAD_XX.wav,1047,sad,SAD,1047_ITS_SAD_XX.wav,True,76920,1611608502000000000
/Users/jordanacle/Downloads/archive/Crema/1047_IWL_DIS_XX.wav,1047,disgust,DIS,1047_IWL_DIS_XX.wav,True,76920,1611608502000000000
/Users/jordanacle/Downloads/archive/Crema/1047_IWL_FEA_XX.wav,1047,fear,FEA,1047_IWL_FEA_XX.wav,True,74786,1611608502000000000
/Users/jordanacle/Downloads/archive/Crema/1047_IWL_HAP_XX.wav,1047,happy,HAP,1047_IWL_HAP_XX.wav,True,80124,1611608502000000000
/Users/jordanacle/Downloads/archive/Crema/1047_IWL_NEU_XX.wav,1047,neutral,NEU,1047_IWL_NEU_XX.wav,True,79056,1611608502000000000
/Users/jordanacle/Downloads/archive/Crema/1047_IWL_SAD_XX.wav,1047,sad,SAD,1047_IWL_SAD_XX.wav,True,83328,1611608502000000000
/Users/jordanacle/Downloads/archive/Crema/1047_IWW_DIS_XX.wav,1047,disgust,DIS,1047_IWW_DIS_XX.wav,True,82260,1611608502000000000
/Users/jordanacle/Downloads/archive/Crema/1047_IWW_FEA_XX.wav,1047,fear,FEA,1047_IWW_FEA_XX.wav,True,72650,1611608502000000000
/Users/jordanacle/Downloads/archive/Crema/1047_IWW_HAP_XX.wav,1047,happy,HAP,1047_IWW_HAP_XX.wav,True,81192,1611608502000000000
/Users/jordanacle/Downloads/archive/Crema/1047_IWW_NEU_XX.wav,1047,neutral,NEU,1047_IWW_NEU_XX.wav,True,66244,1611608502000000000
/Users/jordanacle/Downloads/archive/Crema/1047_IWW_SAD_XX.wav,1047,sad,SAD,1047_IWW_SAD_XX.wav,True,69446,1611608502000000000
/Users/jordanacle/Downloads/archive/Crema/1047_MTI_ANG_XX.wav,1047,angry,ANG,1047_MTI_ANG_XX.wav,True,80124,1611608502000000000
/Users/jordanacle/Downloads/archive/Crema/1047_MTI_DIS_XX.wav,1047,disgust,DIS,1047_MTI_DIS_XX.wav,True,96140,1611608502000000000
/Users/jordanacle/Downloads/archive/Crema/1047_MTI_FEA_XX.wav,1047,fear,FEA,1047_MTI_FEA_XX.wav,True,85462,1611608502000000000
/Users/jordanacle/Downloads/archive/Crema/1047_MTI_HAP_XX.wav,1047,happy,HAP,1047_MTI_HAP_XX.wav,True,90802,1611608502000000000
/Users/jordanacle/Downloads/archive/Crema/1047_MTI_SAD_XX.wav,1047,sad,SAD,1047_MTI_SAD_XX.wav,True,95072,1611608502000000000
/Users/jordanacle/Downloads/archive/Crema/1047_MTI_NEU_XX.wav,1047,neutral,NEU,1047_MTI_NEU_XX.wav,True,85462,1611608502000000000
/Users/jordanacle/Downloads/archive/Crema/1047_TAI_ANG_XX.wav,1047,angry,ANG,1047_TAI_ANG_XX.wav,True,85462,1611608502000000000
/Users/jordanacle/Downloads/archive/Crema/1047_TAI_FEA_XX.wav,1047,fear,FEA,1047_TAI_FEA_XX.wav,True,74786,1611608502000000000
/Users/jordanacle/Downloads/archive/Crema/1047_TAI_DIS_XX.wav,1047,disgust,DIS,1047_TAI_DIS_XX.wav,True,81192,1611608502000000000
/Users/jordanacle/Downloads/archive/Crema/1047_TAI_HAP_XX.wav,1047,happy,HAP,1047_TAI_HAP_XX.wav,True,56634,1611608502000000000
/Users/jordanacle/Downloads/archive/Crema/1047_TIE_DIS_XX.wav,1047,disgust,DIS,1047_TIE_DIS_XX.wav,True,108952,1611608502000000000
/Users/jordanacle/Downloads/archive/Crema/1047_TAI_SAD_XX.wav,1047,sad,SAD,1047_TAI_SAD_XX.wav,True,77988,1611608502000000000
/Users/jordanacle/Downloads/archive/Crema/1047_TIE_ANG_XX.wav,1047,angry,ANG,1047_TIE_ANG_XX.wav,True,84394,1611608502000000000
/Users/jordanacle/Downloads/archive/Crema/1047_TIE_FEA_XX.wav,1047,fear,FEA,1047_TIE_FEA_XX.wav,True,72862,1611608502000000000
/Users/jordanacle/Downloads/archive/Crema/1047_TIE_HAP_XX.wav,1047,happy,HAP,1047_TIE_HAP_XX.wav,True,84394,1611608502000000000
/Users/jordanacle/Downloads/archive/Crema/1047_TIE_SAD_XX.wav,1047,sad,SAD,1047_TIE_SAD_XX.wav,True,94004,1611608502000000000
/Users/jordanacle/Downloads/archive/Crema/1047_TSI_ANG_XX.wav,1047,angry,ANG,1047_TSI_ANG_XX.wav,True,72862,1611608502000000000
/Users/jordanacle/Downloads/archive/Crema/1047_TSI_HAP_XX.wav,1047,happy,HAP,1047_TSI_HAP_XX.wav,True,68378,1611608502000000000
/Users/jordanacle/Downloads/archive/Crema/1047_TSI_DIS_XX.wav,1047,disgust,DIS,1047_TSI_DIS_XX.wav,True,91868,1611608502000000000
/Users/jordanacle/Downloads/archive/Crema/1047_TSI_NEU_XX.wav,1047,neutral,NEU,1047_TSI_NEU_XX.wav,True,70514,1611608502000000000
/Users/jordanacle/Downloads/archive/Crema/1047_WSI_ANG_XX.wav,1047,angry,ANG,1047_WSI_ANG_XX.wav,True,84394,1611608502000000000
/Users/jordanacle/Downloads/archive/Crema/1047_WSI_FEA_XX.wav,1047,fear,FEA,1047_WSI_FEA_XX.wav,True,73718,1611608502000000000
/Users/jordanacle/Downloads/archive/Crema/1047_WSI_HAP_XX.wav,1047,happy,HAP,1047_WSI_HAP_XX.wav,True,72650,1611608502000000000
/Users/jordanacle/Downloads/archive/Crema/1047_WSI_DIS_XX.wav,1047,disgust,DIS,1047_WSI_DIS_XX.wav,True,100410,1611608502000000000
/Users/jordanacle/Downloads/archive/Crema/1047_WSI_NEU_XX.wav,1047,neutral,NEU,1047_WSI_NEU_XX.wav,True,69446,1611608502000000000
/Users/jordanacle/Downloads/archive/Crema/1047_WSI_SAD_XX.wav,1047,sad,SAD,1047_WSI_SAD_XX.wav,True,66244,1611608502000000000
/Users/jordanacle/Downloads/archive/Crema/1048_DFA_FEA_XX.wav,1048,fear,FEA,1048_DFA_FEA_XX.wav,True,74786,1611608502000000000
/Users/jordanacle/Downloads/archive/Crema/1048_DFA_ANG_XX.wav,1048,angry,ANG,1048_DFA_ANG_XX.wav,True,80124,1611608502000000000
/Users/jordanacle/Downloads/archive/Crema/1048_DFA_DIS_XX.wav,1048,disgust,DIS,1048_DFA_DIS_XX.wav,True,76920,1611608502000000000
/Users/jordanacle/Downloads/archive/Crema/1048_DFA_HAP_XX.wav,1048,happy,HAP,1048_DFA_HAP_XX.wav,True,69446,1611608502000000000
/Users/jordanacle/Downloads/archive/Crema/1048_DFA_NEU_XX.wav,1048,neutral,NEU,1048_DFA_NEU_XX.wav,True,73090,1611608502000000000
/Users/jordanacle/Downloads/archive/Crema/1048_IEO_ANG_HI.wav,1048,angry,ANG,1048_IEO_ANG_HI.wav,True,74786,1611608502000000000
/Users/jordanacle/Downloads/archive/Crema/1048_DFA_SAD_XX.wav,1048,sad,SAD,1048_DFA_SAD_XX.wav,True,68378,1611608502000000000
/Users/jordanacle/Downloads/archive/Crema/1048_IEO_ANG_LO.wav,1048,angry,ANG,1048_IEO_ANG_LO.wav,True,68378,1611608502000000000
/Users/jordanacle/Downloads/archive/Crema/1048_IEO_ANG_MD.wav,1048,angry,ANG,1048_IEO_ANG_MD.wav,True,82260,1611608502000000000
/Users/jordanacle/Downloads/archive/Crema/1048_IEO_DIS_HI.wav,1048,disgust,DIS,1048_IEO_DIS_HI.wav,True,75854,1611608502000000000
/Users/jordanacle/Downloads/archive/Crema/1048_IEO_DIS_MD.wav,1048,disgust,DIS,1048_IEO_DIS_MD.wav,True,94004,1611608502000000000
/Users/jordanacle/Downloads/archive/Crema/1048_IEO_FEA_HI.wav,1048,fear,FEA,1048_IEO_FEA_HI.wav,True,72650,1611608502000000000
/Users/jordanacle/Downloads/archive/Crema/1048_IEO_FEA_MD.wav,1048,fear,FEA,1048_IEO_FEA_MD.wav,True,67312,1611608502000000000
/Users/jordanacle/Downloads/archive/Crema/1048_IEO_HAP_HI.wav,1048,happy,HAP,1048_IEO_HAP_HI.wav,True,67312,1611608502000000000
/Users/jordanacle/Downloads/archive/Crema/1048_IEO_HAP_LO.wav,1048,happy,HAP,1048_IEO_HAP_LO.wav,True,65176,1611608502000000000
/Users/jordanacle/Downloads/archive/Crema/1048_IEO_HAP_MD.wav,1048,happy,HAP,1048_IEO_HAP_MD.wav,True,85462,1611608502000000000
/Users/jordanacle/Downloads/archive/Crema/1048_IEO_NEU_XX.wav,1048,neutral,NEU,1048_IEO_NEU_XX.wav,True,58770,1611608502000000000
/Users/jordanacle/Downloads/archive/Crema/1048_IEO_SAD_HI.wav,1048,sad,SAD,1048_IEO_SAD_HI.wav,True,79056,1611608502000000000
/Users/jordanacle/Downloads/archive/Crema/1048_IEO_SAD_MD.wav,1048,sad,SAD,1048_IEO_SAD_MD.wav,True,86530,1611608502000000000
/Users/jordanacle/Downloads/archive/Crema/1048_IOM_ANG_XX.wav,1048,angry,ANG,1048_IOM_ANG_XX.wav,True,70514,1611608502000000000
/Users/jordanacle/Downloads/archive/Crema/1048_IOM_HAP_XX.wav,1048,happy,HAP,1048_IOM_HAP_XX.wav,True,68378,1611608502000000000
/Users/jordanacle/Downloads/archive/Crema/1048_ITH_ANG_XX.wav,1048,angry,ANG,1048_ITH_ANG_XX.wav,True,89734,1611608502000000000
/Users/jordanacle/Downloads/archive/Crema/1048_IOM_NEU_XX.wav,1048,neutral,NEU,1048_IOM_NEU_XX.wav,True,83328,1611608502000000000
/Users/jordanacle/Downloads/archive/Crema/1048_ITH_DIS_XX.wav,1048,disgust,DIS,1048_ITH_DIS_XX.wav,True,103614,1611608502000000000
/Users/jordanacle/Downloads/archive/Crema/1048_ITH_FEA_XX.wav,1048,fear,FEA,1048_ITH_FEA_XX.wav,True,83328,1611608502000000000
/Users/jordanacle/Downloads/archive/Crema/1048_ITH_HAP_XX.wav,1048,happy,HAP,1048_ITH_HAP_XX.wav,True,97208,1611608502000000000
/Users/jordanacle/Downloads/archive/Crema/1048_ITH_SAD_XX.wav,1048,sad,SAD,1048_ITH_SAD_XX.wav,True,87598,1611608502000000000
/Users/jordanacle/Downloads/archive/Crema/1048_ITS_ANG_XX.wav,1048,angry,ANG,1048_ITS_ANG_XX.wav,True,77988,1611608502000000000
/Users/jordanacle/Downloads/archive/Crema/1048_ITS_DIS_XX.wav,1048,disgust,DIS,1048_ITS_DIS_XX.wav,True,114292,1611608502000000000
/Users/jordanacle/Downloads/archive/Crema/1048_ITS_HAP_XX.wav,1048,happy,HAP,1048_ITS_HAP_XX.wav,True,66244,1611608502000000000
/Users/jordanacle/Downloads/archive/Crema/1048_ITS_NEU_XX.wav,1048,neutral,NEU,1048_ITS_NEU_XX.wav,True,75854,1611608502000000000
/Users/jordanacle/Downloads/archive/Crema/1048_ITS_FEA_XX.wav,1048,fear,FEA,1048_ITS_FEA_XX.wav,True,81192,1611608502000000000
/Users/jordanacle/Downloads/archive/Crema/1048_ITS_SAD_XX.wav,1048,sad,SAD,1048_ITS_SAD_XX.wav,True,73090,1611608502000000000
/Users/jordanacle/Downloads/archive/Crema/1048_IWL_FEA_XX.wav,1048,fear,FEA,1048_IWL_FEA_XX.wav,True,74786,1611608502000000000
/Users/jordanacle/Downloads/archive/Crema/1048_IWL_DIS_XX.wav,1048,disgust,DIS,1048_IWL_DIS_XX.wav,True,105750,1611608502000000000
/Users/jordanacle/Downloads/archive/Crema/1048_IWL_HAP_XX.wav,1048,happy,HAP,1048_IWL_HAP_XX.wav,True,73718,1611608502000000000
/Users/jordanacle/Downloads/archive/Crema/1048_IWL_NEU_XX.wav,1048,neutral,NEU,1048_IWL_NEU_XX.wav,True,80124,1611608502000000000
/Users/jordanacle/Downloads/archive/Crema/1048_IWW_DIS_XX.wav,1048,disgust,DIS,1048_IWW_DIS_XX.wav,True,69446,1611608502000000000
/Users/jordanacle/Downloads/archive/Crema/1048_IWL_SAD_XX.wav,1048,sad,SAD,1048_IWL_SAD_XX.wav,True,84394,1611608502000000000
/Users/jordanacle/Downloads/archive/Crema/1048_IWW_FEA_XX.wav,1048,fear,FEA,1048_IWW_FEA_XX.wav,True,87598,1611608502000000000
/Users/jordanacle/Downloads/archive/Crema/1048_IWW_HAP_XX.wav,1048,happy,HAP,1048_IWW_HAP_XX.wav,True,72650,1611608502000000000
/Users/jordanacle/Downloads/archive/Crema/1048_IWW_NEU_XX.wav,1048,neutral,NEU,1048_IWW_NEU_XX.wav,True,82260,1611608502000000000
/Users/jordanacle/Downloads/archive/Crema/1048_MTI_ANG_XX.wav,1048,angry,ANG,1048_MTI_ANG_XX.wav,True,86530,1611608502000000000
/Users/jordanacle/Downloads/archive/Crema/1048_IWW_SAD_XX.wav,1048,sad,SAD,1048_IWW_SAD_XX.wav,True,66244,1611608502000000000
/Users/jordanacle/Downloads/archive/Crema/1048_MTI_DIS_XX.wav,1048,disgust,DIS,1048_MTI_DIS_XX.wav,True,104682,1611608502000000000
/Users/jordanacle/Downloads/archive/Crema/1048_MTI_HAP_XX.wav,1048,happy,HAP,1048_MTI_HAP_XX.wav,True,83328,1611608502000000000
/Users/jordanacle/Downloads/archive/Crema/1048_MTI_FEA_XX.wav,1048,fear,FEA,1048_MTI_FEA_XX.wav,True,99344,1611608502000000000
/Users/jordanacle/Downloads/archive/Crema/1048_MTI_NEU_XX.wav,1048,neutral,NEU,1048_MTI_NEU_XX.wav,True,73718,1611608502000000000
/Users/jordanacle/Downloads/archive/Crema/1048_MTI_SAD_XX.wav,1048,sad,SAD,1048_MTI_SAD_XX.wav,True,69446,1611608502000000000
/Users/jordanacle/Downloads/archive/Crema/1048_TAI_ANG_XX.wav,1048,angry,ANG,1048_TAI_ANG_XX.wav,True,97208,1611608502000000000
/Users/jordanacle/Downloads/archive/Crema/1048_TAI_DIS_XX.wav,1048,disgust,DIS,1048_TAI_DIS_XX.wav,True,90802,1611608502000000000
/Users/jordanacle/Downloads/archive/Crema/1048_TAI_FEA_XX.wav,1048,fear,FEA,1048_TAI_FEA_XX.wav,True,84394,1611608502000000000
/Users/jordanacle/Downloads/archive/Crema/1048_TIE_ANG_XX.wav,1048,angry,ANG,1048_TIE_ANG_XX.wav,True,99344,1611608502000000000
/Users/jordanacle/Downloads/archive/Crema/1048_TAI_HAP_XX.wav,1048,happy,HAP,1048_TAI_HAP_XX.wav,True,73718,1611608502000000000
/Users/jordanacle/Downloads/archive/Crema/1048_TIE_DIS_XX.wav,1048,disgust,DIS,1048_TIE_DIS_XX.wav,True,102546,1611608502000000000
/Users/jordanacle/Downloads/archive/Crema/1048_TAI_SAD_XX.wav,1048,sad,SAD,1048_TAI_SAD_XX.wav,True,72650,1611608502000000000
/Users/jordanacle/Downloads/archive/Crema/1048_TIE_FEA_XX.wav,1048,fear,FEA,1048_TIE_FEA_XX.wav,True,115360,1611608502000000000
/Users/jordanacle/Downloads/archive/Crema/1048_TIE_HAP_XX.wav,1048,happy,HAP,1048_TIE_HAP_XX.wav,True,102546,1611608502000000000
/Users/jordanacle/Downloads/archive/Crema/1048_TSI_HAP_XX.wav,1048,happy,HAP,1048_TSI_HAP_XX.wav,True,73718,1611608502000000000
/Users/jordanacle/Downloads/archive/Crema/1048_TIE_SAD_XX.wav,1048,sad,SAD,1048_TIE_SAD_XX.wav,True,96140,1611608502000000000
/Users/jordanacle/Downloads/archive/Crema/1048_TSI_NEU_XX.wav,1048,neutral,NEU,1048_TSI_NEU_XX.wav,True,74786,1611608502000000000
/Users/jordanacle/Downloads/archive/Crema/1048_TSI_SAD_XX.wav,1048,sad,SAD,1048_TSI_SAD_XX.wav,True,74786,1611608502000000000
/Users/jordanacle/Downloads/archive/Crema/1048_WSI_ANG_XX.wav,1048,angry,ANG,1048_WSI_ANG_XX.wav,True,110020,1611608502000000000
/Users/jordanacle/Downloads/archive/Crema/1048_WSI_DIS_XX.wav,1048,disgust,DIS,1048_WSI_DIS_XX.wav,True,124968,1611608502000000000
/Users/jordanacle/Downloads/archive/Crema/1048_WSI_FEA_XX.wav,1048,fear,FEA,1048_WSI_FEA_XX.wav,True,89734,1611608502000000000
/Users/jordanacle/Downloads/archive/Crema/1048_WSI_HAP_XX.wav,1048,happy,HAP,1048_WSI_HAP_XX.wav,True,86530,1611608502000000000
/Users/jordanacle/Downloads/archive/Crema/1048_WSI_NEU_XX.wav,1048,neutral,NEU,1048_WSI_NEU_XX.wav,True,83328,1611608502000000000
/Users/jordanacle/Downloads/archive/Crema/1048_WSI_SAD_XX.wav,1048,sad,SAD,1048_WSI_SAD_XX.wav,True,90802,1611608502000000000
/Users/jordanacle/Downloads/archive/Crema/1049_DFA_ANG_XX.wav,1049,angry,ANG,1049_DFA_ANG_XX.wav,True,96140,1611608502000000000
/Users/jordanacle/Downloads/archive/Crema/1049_DFA_DIS_XX.wav,1049,disgust,DIS,1049_DFA_DIS_XX.wav,True,87598,1611608502000000000
/Users/jordanacle/Downloads/archive/Crema/1049_DFA_FEA_XX.wav,1049,fear,FEA,1049_DFA_FEA_XX.wav,True,79056,1611608502000000000
/Users/jordanacle/Downloads/archive/Crema/1049_DFA_NEU_XX.wav,1049,neutral,NEU,1049_DFA_NEU_XX.wav,True,81192,1611608502000000000
/Users/jordanacle/Downloads/archive/Crema/1049_DFA_SAD_XX.wav,1049,sad,SAD,1049_DFA_SAD_XX.wav,True,64108,1611608502000000000
/Users/jordanacle/Downloads/archive/Crema/1049_IEO_ANG_HI.wav,1049,angry,ANG,1049_IEO_ANG_HI.wav,True,77988,1611608502000000000
/Users/jordanacle/Downloads/archive/Crema/1049_IEO_ANG_LO.wav,1049,angry,ANG,1049_IEO_ANG_LO.wav,True,68378,1611608502000000000
/Users/jordanacle/Downloads/archive/Crema/1049_IEO_DIS_HI.wav,1049,disgust,DIS,1049_IEO_DIS_HI.wav,True,75852,1611608502000000000
/Users/jordanacle/Downloads/archive/Crema/1049_IEO_ANG_MD.wav,1049,angry,ANG,1049_IEO_ANG_MD.wav,True,68378,1611608502000000000
/Users/jordanacle/Downloads/archive/Crema/1049_IEO_DIS_LO.wav,1049,disgust,DIS,1049_IEO_DIS_LO.wav,True,72862,1611608502000000000
/Users/jordanacle/Downloads/archive/Crema/1049_IEO_DIS_MD.wav,1049,disgust,DIS,1049_IEO_DIS_MD.wav,True,75852,1611608502000000000
/Users/jordanacle/Downloads/archive/Crema/1049_IEO_FEA_LO.wav,1049,fear,FEA,1049_IEO_FEA_LO.wav,True,59836,1611608502000000000
/Users/jordanacle/Downloads/archive/Crema/1049_IEO_FEA_HI.wav,1049,fear,FEA,1049_IEO_FEA_HI.wav,True,58770,1611608502000000000
/Users/jordanacle/Downloads/archive/Crema/1049_IEO_FEA_MD.wav,1049,fear,FEA,1049_IEO_FEA_MD.wav,True,87598,1611608502000000000
/Users/jordanacle/Downloads/archive/Crema/1049_IEO_HAP_LO.wav,1049,happy,HAP,1049_IEO_HAP_LO.wav,True,66244,1611608502000000000
/Users/jordanacle/Downloads/archive/Crema/1049_IEO_NEU_XX.wav,1049,neutral,NEU,1049_IEO_NEU_XX.wav,True,56634,1611608502000000000
/Users/jordanacle/Downloads/archive/Crema/1049_IEO_HAP_HI.wav,1049,happy,HAP,1049_IEO_HAP_HI.wav,True,60904,1611608502000000000
/Users/jordanacle/Downloads/archive/Crema/1049_IEO_SAD_HI.wav,1049,sad,SAD,1049_IEO_SAD_HI.wav,True,103614,1611608502000000000
/Users/jordanacle/Downloads/archive/Crema/1049_IOM_ANG_XX.wav,1049,angry,ANG,1049_IOM_ANG_XX.wav,True,68378,1611608502000000000
/Users/jordanacle/Downloads/archive/Crema/1049_IEO_SAD_MD.wav,1049,sad,SAD,1049_IEO_SAD_MD.wav,True,95072,1611608502000000000
/Users/jordanacle/Downloads/archive/Crema/1049_IOM_HAP_XX.wav,1049,happy,HAP,1049_IOM_HAP_XX.wav,True,65176,1611608502000000000
/Users/jordanacle/Downloads/archive/Crema/1049_IOM_NEU_XX.wav,1049,neutral,NEU,1049_IOM_NEU_XX.wav,True,79056,1611608502000000000
/Users/jordanacle/Downloads/archive/Crema/1049_ITH_ANG_XX.wav,1049,angry,ANG,1049_ITH_ANG_XX.wav,True,89734,1611608502000000000
/Users/jordanacle/Downloads/archive/Crema/1049_IOM_SAD_XX.wav,1049,sad,SAD,1049_IOM_SAD_XX.wav,True,76920,1611608502000000000
/Users/jordanacle/Downloads/archive/Crema/1049_ITH_DIS_XX.wav,1049,disgust,DIS,1049_ITH_DIS_XX.wav,True,105750,1611608502000000000
/Users/jordanacle/Downloads/archive/Crema/1049_ITH_FEA_XX.wav,1049,fear,FEA,1049_ITH_FEA_XX.wav,True,99344,1611608502000000000
/Users/jordanacle/Downloads/archive/Crema/1049_ITH_NEU_XX.wav,1049,neutral,NEU,1049_ITH_NEU_XX.wav,True,73718,1611608502000000000
/Users/jordanacle/Downloads/archive/Crema/1049_ITH_HAP_XX.wav,1049,happy,HAP,1049_ITH_HAP_XX.wav,True,76920,1611608502000000000
/Users/jordanacle/Downloads/archive/Crema/1049_ITH_SAD_XX.wav,1049,sad,SAD,1049_ITH_SAD_XX.wav,True,90802,1611608502000000000
/Users/jordanacle/Downloads/archive/Crema/1049_ITS_DIS_XX.wav,1049,disgust,DIS,1049_ITS_DIS_XX.wav,True,84394,1611608502000000000
/Users/jordanacle/Downloads/archive/Crema/1049_ITS_ANG_XX.wav,1049,angry,ANG,1049_ITS_ANG_XX.wav,True,73090,1611608502000000000
/Users/jordanacle/Downloads/archive/Crema/1049_ITS_FEA_XX.wav,1049,fear,FEA,1049_ITS_FEA_XX.wav,True,63040,1611608502000000000
/Users/jordanacle/Downloads/archive/Crema/1049_ITS_HAP_XX.wav,1049,happy,HAP,1049_ITS_HAP_XX.wav,True,74786,1611608502000000000
/Users/jordanacle/Downloads/archive/Crema/1049_ITS_SAD_XX.wav,1049,sad,SAD,1049_ITS_SAD_XX.wav,True,73718,1611608502000000000
/Users/jordanacle/Downloads/archive/Crema/1049_IWL_DIS_XX.wav,1049,disgust,DIS,1049_IWL_DIS_XX.wav,True,112156,1611608502000000000
/Users/jordanacle/Downloads/archive/Crema/1049_IWL_FEA_XX.wav,1049,fear,FEA,1049_IWL_FEA_XX.wav,True,80124,1611608502000000000
/Users/jordanacle/Downloads/archive/Crema/1049_IWL_HAP_XX.wav,1049,happy,HAP,1049_IWL_HAP_XX.wav,True,75854,1611608502000000000
/Users/jordanacle/Downloads/archive/Crema/1049_IWL_NEU_XX.wav,1049,neutral,NEU,1049_IWL_NEU_XX.wav,True,77988,1611608502000000000
/Users/jordanacle/Downloads/archive/Crema/1049_IWL_SAD_XX.wav,1049,sad,SAD,1049_IWL_SAD_XX.wav,True,91870,1611608502000000000
/Users/jordanacle/Downloads/archive/Crema/1049_IWW_DIS_XX.wav,1049,disgust,DIS,1049_IWW_DIS_XX.wav,True,79056,1611608502000000000
/Users/jordanacle/Downloads/archive/Crema/1049_IWW_FEA_XX.wav,1049,fear,FEA,1049_IWW_FEA_XX.wav,True,73718,1611608502000000000
/Users/jordanacle/Downloads/archive/Crema/1049_IWW_HAP_XX.wav,1049,happy,HAP,1049_IWW_HAP_XX.wav,True,67312,1611608502000000000
/Users/jordanacle/Downloads/archive/Crema/1049_IWW_NEU_XX.wav,1049,neutral,NEU,1049_IWW_NEU_XX.wav,True,70514,1611608502000000000
/Users/jordanacle/Downloads/archive/Crema/1049_IWW_SAD_XX.wav,1049,sad,SAD,1049_IWW_SAD_XX.wav,True,70514,1611608502000000000
/Users/jordanacle/Downloads/archive/Crema/1049_MTI_ANG_XX.wav,1049,angry,ANG,1049_MTI_ANG_XX.wav,True,99344,1611608502000000000
/Users/jordanacle/Downloads/archive/Crema/1049_MTI_DIS_XX.wav,1049,disgust,DIS,1049_MTI_DIS_XX.wav,True,95072,1611608502000000000
/Users/jordanacle/Downloads/archive/Crema/1049_MTI_FEA_XX.wav,1049,fear,FEA,1049_MTI_FEA_XX.wav,True,96140,1611608502000000000
/Users/jordanacle/Downloads/archive/Crema/1049_MTI_NEU_XX.wav,1049,neutral,NEU,1049_MTI_NEU_XX.wav,True,82260,1611608502000000000
/Users/jordanacle/Downloads/archive/Crema/1049_MTI_SAD_XX.wav,1049,sad,SAD,1049_MTI_SAD_XX.wav,True,94004,1611608502000000000
/Users/jordanacle/Downloads/archive/Crema/1049_TAI_ANG_XX.wav,1049,angry,ANG,1049_TAI_ANG_XX.wav,True,84394,1611608502000000000
/Users/jordanacle/Downloads/archive/Crema/1049_TAI_DIS_XX.wav,1049,disgust,DIS,1049_TAI_DIS_XX.wav,True,89734,1611608502000000000
/Users/jordanacle/Downloads/archive/Crema/1049_TAI_FEA_XX.wav,1049,fear,FEA,1049_TAI_FEA_XX.wav,True,75854,1611608502000000000
/Users/jordanacle/Downloads/archive/Crema/1049_TAI_HAP_XX.wav,1049,happy,HAP,1049_TAI_HAP_XX.wav,True,66244,1611608502000000000
/Users/jordanacle/Downloads/archive/Crema/1049_TAI_SAD_XX.wav,1049,sad,SAD,1049_TAI_SAD_XX.wav,True,72650,1611608502000000000
/Users/jordanacle/Downloads/archive/Crema/1049_TIE_ANG_XX.wav,1049,angry,ANG,1049_TIE_ANG_XX.wav,True,85462,1611608502000000000
/Users/jordanacle/Downloads/archive/Crema/1049_TIE_DIS_XX.wav,1049,disgust,DIS,1049_TIE_DIS_XX.wav,True,94004,1611608502000000000
/Users/jordanacle/Downloads/archive/Crema/1049_TIE_FEA_XX.wav,1049,fear,FEA,1049_TIE_FEA_XX.wav,True,97208,1611608502000000000
/Users/jordanacle/Downloads/archive/Crema/1049_TIE_HAP_XX.wav,1049,happy,HAP,1049_TIE_HAP_XX.wav,True,91868,1611608502000000000
/Users/jordanacle/Downloads/archive/Crema/1049_TIE_SAD_XX.wav,1049,sad,SAD,1049_TIE_SAD_XX.wav,True,95072,1611608502000000000
/Users/jordanacle/Downloads/archive/Crema/1049_TSI_ANG_XX.wav,1049,angry,ANG,1049_TSI_ANG_XX.wav,True,63040,1611608502000000000
/Users/jordanacle/Downloads/archive/Crema/1049_TSI_HAP_XX.wav,1049,happy,HAP,1049_TSI_HAP_XX.wav,True,74786,1611608502000000000
/Users/jordanacle/Downloads/archive/Crema/1049_TSI_NEU_XX.wav,1049,neutral,NEU,1049_TSI_NEU_XX.wav,True,57702,1611608502000000000
/Users/jordanacle/Downloads/archive/Crema/1049_WSI_ANG_XX.wav,1049,angry,ANG,1049_WSI_ANG_XX.wav,True,71582,1611608502000000000
/Users/jordanacle/Downloads/archive/Crema/1049_WSI_FEA_XX.wav,1049,fear,FEA,1049_WSI_FEA_XX.wav,True,73718,1611608502000000000
/Users/jordanacle/Downloads/archive/Crema/1049_WSI_DIS_XX.wav,1049,disgust,DIS,1049_WSI_DIS_XX.wav,True,104682,1611608502000000000
/Users/jordanacle/Downloads/archive/Crema/1049_WSI_NEU_XX.wav,1049,neutral,NEU,1049_WSI_NEU_XX.wav,True,81192,1611608502000000000
/Users/jordanacle/Downloads/archive/Crema/1049_WSI_SAD_XX.wav,1049,sad,SAD,1049_WSI_SAD_XX.wav,True,88666,1611608502000000000
/Users/jordanacle/Downloads/archive/Crema/1050_DFA_ANG_XX.wav,1050,angry,ANG,1050_DFA_ANG_XX.wav,True,80124,1611608502000000000
/Users/jordanacle/Downloads/archive/Crema/1050_DFA_DIS_XX.wav,1050,disgust,DIS,1050_DFA_DIS_XX.wav,True,113224,1611608502000000000
/Users/jordanacle/Downloads/archive/Crema/1050_DFA_FEA_XX.wav,1050,fear,FEA,1050_DFA_FEA_XX.wav,True,95072,1611608502000000000
/Users/jordanacle/Downloads/archive/Crema/1050_DFA_HAP_XX.wav,1050,happy,HAP,1050_DFA_HAP_XX.wav,True,74786,1611608502000000000
/Users/jordanacle/Downloads/archive/Crema/1050_DFA_SAD_XX.wav,1050,sad,SAD,1050_DFA_SAD_XX.wav,True,86530,1611608502000000000
/Users/jordanacle/Downloads/archive/Crema/1050_IEO_ANG_HI.wav,1050,angry,ANG,1050_IEO_ANG_HI.wav,True,75852,1611608502000000000
/Users/jordanacle/Downloads/archive/Crema/1050_IEO_ANG_MD.wav,1050,angry,ANG,1050_IEO_ANG_MD.wav,True,57702,1611608502000000000
/Users/jordanacle/Downloads/archive/Crema/1050_IEO_DIS_LO.wav,1050,disgust,DIS,1050_IEO_DIS_LO.wav,True,61972,1611608502000000000
/Users/jordanacle/Downloads/archive/Crema/1050_IEO_DIS_HI.wav,1050,disgust,DIS,1050_IEO_DIS_HI.wav,True,64108,1611608502000000000
/Users/jordanacle/Downloads/archive/Crema/1050_IEO_DIS_MD.wav,1050,disgust,DIS,1050_IEO_DIS_MD.wav,True,69446,1611608502000000000
/Users/jordanacle/Downloads/archive/Crema/1050_IEO_FEA_LO.wav,1050,fear,FEA,1050_IEO_FEA_LO.wav,True,72862,1611608502000000000
/Users/jordanacle/Downloads/archive/Crema/1050_IEO_FEA_HI.wav,1050,fear,FEA,1050_IEO_FEA_HI.wav,True,82260,1611608502000000000
/Users/jordanacle/Downloads/archive/Crema/1050_IEO_FEA_MD.wav,1050,fear,FEA,1050_IEO_FEA_MD.wav,True,66244,1611608502000000000
/Users/jordanacle/Downloads/archive/Crema/1050_IEO_HAP_MD.wav,1050,happy,HAP,1050_IEO_HAP_MD.wav,True,65176,1611608502000000000
/Users/jordanacle/Downloads/archive/Crema/1050_IEO_HAP_LO.wav,1050,happy,HAP,1050_IEO_HAP_LO.wav,True,58770,1611608502000000000
/Users/jordanacle/Downloads/archive/Crema/1050_IEO_NEU_XX.wav,1050,neutral,NEU,1050_IEO_NEU_XX.wav,True,66244,1611608502000000000
/Users/jordanacle/Downloads/archive/Crema/1050_IEO_SAD_HI.wav,1050,sad,SAD,1050_IEO_SAD_HI.wav,True,81192,1611608502000000000
/Users/jordanacle/Downloads/archive/Crema/1050_IEO_SAD_LO.wav,1050,sad,SAD,1050_IEO_SAD_LO.wav,True,65176,1611608502000000000
/Users/jordanacle/Downloads/archive/Crema/1050_IEO_SAD_MD.wav,1050,sad,SAD,1050_IEO_SAD_MD.wav,True,68378,1611608502000000000
/Users/jordanacle/Downloads/archive/Crema/1050_IOM_DIS_XX.wav,1050,disgust,DIS,1050_IOM_DIS_XX.wav,True,85462,1611608502000000000
/Users/jordanacle/Downloads/archive/Crema/1050_IOM_FEA_XX.wav,1050,fear,FEA,1050_IOM_FEA_XX.wav,True,67312,1611608502000000000
/Users/jordanacle/Downloads/archive/Crema/1050_IOM_NEU_XX.wav,1050,neutral,NEU,1050_IOM_NEU_XX.wav,True,59838,1611608502000000000
/Users/jordanacle/Downloads/archive/Crema/1050_IOM_HAP_XX.wav,1050,happy,HAP,1050_IOM_HAP_XX.wav,True,66244,1611608502000000000
/Users/jordanacle/Downloads/archive/Crema/1050_IOM_SAD_XX.wav,1050,sad,SAD,1050_IOM_SAD_XX.wav,True,65176,1611608502000000000
/Users/jordanacle/Downloads/archive/Crema/1050_ITH_ANG_XX.wav,1050,angry,ANG,1050_ITH_ANG_XX.wav,True,89734,1611608502000000000
/Users/jordanacle/Downloads/archive/Crema/1050_ITH_DIS_XX.wav,1050,disgust,DIS,1050_ITH_DIS_XX.wav,True,129240,1611608502000000000
/Users/jordanacle/Downloads/archive/Crema/1050_ITH_FEA_XX.wav,1050,fear,FEA,1050_ITH_FEA_XX.wav,True,110020,1611608504000000000
/Users/jordanacle/Downloads/archive/Crema/1050_ITH_HAP_XX.wav,1050,happy,HAP,1050_ITH_HAP_XX.wav,True,96140,1611608504000000000
/Users/jordanacle/Downloads/archive/Crema/1050_ITH_SAD_XX.wav,1050,sad,SAD,1050_ITH_SAD_XX.wav,True,85462,1611608504000000000
/Users/jordanacle/Downloads/archive/Crema/1050_ITH_NEU_XX.wav,1050,neutral,NEU,1050_ITH_NEU_XX.wav,True,73718,1611608504000000000
/Users/jordanacle/Downloads/archive/Crema/1050_ITS_ANG_XX.wav,1050,angry,ANG,1050_ITS_ANG_XX.wav,True,91870,1611608504000000000
/Users/jordanacle/Downloads/archive/Crema/1050_ITS_DIS_XX.wav,1050,disgust,DIS,1050_ITS_DIS_XX.wav,True,106692,1611608504000000000
/Users/jordanacle/Downloads/archive/Crema/1050_ITS_FEA_XX.wav,1050,fear,FEA,1050_ITS_FEA_XX.wav,True,103614,1611608504000000000
/Users/jordanacle/Downloads/archive/Crema/1050_ITS_NEU_XX.wav,1050,neutral,NEU,1050_ITS_NEU_XX.wav,True,58770,1611608504000000000
/Users/jordanacle/Downloads/archive/Crema/1050_ITS_SAD_XX.wav,1050,sad,SAD,1050_ITS_SAD_XX.wav,True,81192,1611608504000000000
/Users/jordanacle/Downloads/archive/Crema/1050_IWL_ANG_XX.wav,1050,angry,ANG,1050_IWL_ANG_XX.wav,True,88666,1611608504000000000
/Users/jordanacle/Downloads/archive/Crema/1050_IWL_HAP_XX.wav,1050,happy,HAP,1050_IWL_HAP_XX.wav,True,83328,1611608504000000000
/Users/jordanacle/Downloads/archive/Crema/1050_IWL_SAD_XX.wav,1050,sad,SAD,1050_IWL_SAD_XX.wav,True,96140,1611608504000000000
/Users/jordanacle/Downloads/archive/Crema/1050_IWL_NEU_XX.wav,1050,neutral,NEU,1050_IWL_NEU_XX.wav,True,79056,1611608504000000000
/Users/jordanacle/Downloads/archive/Crema/1050_IWW_HAP_XX.wav,1050,happy,HAP,1050_IWW_HAP_XX.wav,True,83328,1611608504000000000
/Users/jordanacle/Downloads/archive/Crema/1050_IWW_NEU_XX.wav,1050,neutral,NEU,1050_IWW_NEU_XX.wav,True,61972,1611608504000000000
/Users/jordanacle/Downloads/archive/Crema/1050_MTI_ANG_XX.wav,1050,angry,ANG,1050_MTI_ANG_XX.wav,True,92936,1611608504000000000
/Users/jordanacle/Downloads/archive/Crema/1050_IWW_ANG_XX.wav,1050,angry,ANG,1050_IWW_ANG_XX.wav,True,75854,1611608504000000000
/Users/jordanacle/Downloads/archive/Crema/1050_MTI_DIS_XX.wav,1050,disgust,DIS,1050_MTI_DIS_XX.wav,True,122834,1611608504000000000
/Users/jordanacle/Downloads/archive/Crema/1050_MTI_FEA_XX.wav,1050,fear,FEA,1050_MTI_FEA_XX.wav,True,81192,1611608504000000000
/Users/jordanacle/Downloads/archive/Crema/1050_MTI_HAP_XX.wav,1050,happy,HAP,1050_MTI_HAP_XX.wav,True,79056,1611608504000000000
/Users/jordanacle/Downloads/archive/Crema/1050_MTI_SAD_XX.wav,1050,sad,SAD,1050_MTI_SAD_XX.wav,True,97208,1611608504000000000
/Users/jordanacle/Downloads/archive/Crema/1050_TAI_DIS_XX.wav,1050,disgust,DIS,1050_TAI_DIS_XX.wav,True,114292,1611608504000000000
/Users/jordanacle/Downloads/archive/Crema/1050_TAI_ANG_XX.wav,1050,angry,ANG,1050_TAI_ANG_XX.wav,True,82260,1611608504000000000
/Users/jordanacle/Downloads/archive/Crema/1050_TAI_NEU_XX.wav,1050,neutral,NEU,1050_TAI_NEU_XX.wav,True,60904,1611608504000000000
/Users/jordanacle/Downloads/archive/Crema/1050_TAI_FEA_XX.wav,1050,fear,FEA,1050_TAI_FEA_XX.wav,True,89734,1611608504000000000
/Users/jordanacle/Downloads/archive/Crema/1050_TAI_SAD_XX.wav,1050,sad,SAD,1050_TAI_SAD_XX.wav,True,81192,1611608504000000000
/Users/jordanacle/Downloads/archive/Crema/1050_TIE_ANG_XX.wav,1050,angry,ANG,1050_TIE_ANG_XX.wav,True,81192,1611608504000000000
/Users/jordanacle/Downloads/archive/Crema/1050_TIE_DIS_XX.wav,1050,disgust,DIS,1050_TIE_DIS_XX.wav,True,110020,1611608504000000000
/Users/jordanacle/Downloads/archive/Crema/1050_TIE_FEA_XX.wav,1050,fear,FEA,1050_TIE_FEA_XX.wav,True,79056,1611608504000000000
/Users/jordanacle/Downloads/archive/Crema/1050_TIE_SAD_XX.wav,1050,sad,SAD,1050_TIE_SAD_XX.wav,True,91868,1611608504000000000
/Users/jordanacle/Downloads/archive/Crema/1050_TIE_NEU_XX.wav,1050,neutral,NEU,1050_TIE_NEU_XX.wav,True,90802,1611608504000000000
/Users/jordanacle/Downloads/archive/Crema/1050_TSI_DIS_XX.wav,1050,disgust,DIS,1050_TSI_DIS_XX.wav,True,127104,1611608504000000000
/Users/jordanacle/Downloads/archive/Crema/1050_TSI_FEA_XX.wav,1050,fear,FEA,1050_TSI_FEA_XX.wav,True,99344,1611608504000000000
/Users/jordanacle/Downloads/archive/Crema/1050_TSI_HAP_XX.wav,1050,happy,HAP,1050_TSI_HAP_XX.wav,True,85462,1611608504000000000
/Users/jordanacle/Downloads/archive/Crema/1050_TSI_NEU_XX.wav,1050,neutral,NEU,1050_TSI_NEU_XX.wav,True,57702,1611608504000000000
/Users/jordanacle/Downloads/archive/Crema/1050_TSI_SAD_XX.wav,1050,sad,SAD,1050_TSI_SAD_XX.wav,True,101478,1611608504000000000
/Users/jordanacle/Downloads/archive/Crema/1050_WSI_ANG_XX.wav,1050,angry,ANG,1050_WSI_ANG_XX.wav,True,83328,1611608504000000000
/Users/jordanacle/Downloads/archive/Crema/1050_WSI_DIS_XX.wav,1050,disgust,DIS,1050_WSI_DIS_XX.wav,True,137782,1611608504000000000
/Users/jordanacle/Downloads/archive/Crema/1050_WSI_FEA_XX.wav,1050,fear,FEA,1050_WSI_FEA_XX.wav,True,100410,1611608504000000000
/Users/jordanacle/Downloads/archive/Crema/1050_WSI_HAP_XX.wav,1050,happy,HAP,1050_WSI_HAP_XX.wav,True,90802,1611608504000000000
/Users/jordanacle/Downloads/archive/Crema/1050_WSI_SAD_XX.wav,1050,sad,SAD,1050_WSI_SAD_XX.wav,True,103614,1611608504000000000
/Users/jordanacle/Downloads/archive/Crema/1051_DFA_DIS_XX.wav,1051,disgust,DIS,1051_DFA_DIS_XX.wav,True,79056,1611608504000000000
/Users/jordanacle/Downloads/archive/Crema/1051_DFA_ANG_XX.wav,1051,angry,ANG,1051_DFA_ANG_XX.wav,True,59836,1611608504000000000
/Users/jordanacle/Downloads/archive/Crema/1051_DFA_FEA_XX.wav,1051,fear,FEA,1051_DFA_FEA_XX.wav,True,64108,1611608504000000000
/Users/jordanacle/Downloads/archive/Crema/1051_DFA_HAP_XX.wav,1051,happy,HAP,1051_DFA_HAP_XX.wav,True,58770,1611608504000000000
/Users/jordanacle/Downloads/archive/Crema/1051_DFA_NEU_XX.wav,1051,neutral,NEU,1051_DFA_NEU_XX.wav,True,56634,1611608504000000000
/Users/jordanacle/Downloads/archive/Crema/1051_IEO_ANG_HI.wav,1051,angry,ANG,1051_IEO_ANG_HI.wav,True,56634,1611608504000000000
/Users/jordanacle/Downloads/archive/Crema/1051_DFA_SAD_XX.wav,1051,sad,SAD,1051_DFA_SAD_XX.wav,True,65176,1611608504000000000
/Users/jordanacle/Downloads/archive/Crema/1051_IEO_DIS_HI.wav,1051,disgust,DIS,1051_IEO_DIS_HI.wav,True,58770,1611608504000000000
/Users/jordanacle/Downloads/archive/Crema/1051_IEO_ANG_MD.wav,1051,angry,ANG,1051_IEO_ANG_MD.wav,True,57702,1611608504000000000
/Users/jordanacle/Downloads/archive/Crema/1051_IEO_DIS_LO.wav,1051,disgust,DIS,1051_IEO_DIS_LO.wav,True,50228,1611608504000000000
/Users/jordanacle/Downloads/archive/Crema/1051_IEO_FEA_HI.wav,1051,fear,FEA,1051_IEO_FEA_HI.wav,True,69446,1611608504000000000
/Users/jordanacle/Downloads/archive/Crema/1051_IEO_FEA_LO.wav,1051,fear,FEA,1051_IEO_FEA_LO.wav,True,57702,1611608504000000000
/Users/jordanacle/Downloads/archive/Crema/1051_IEO_DIS_MD.wav,1051,disgust,DIS,1051_IEO_DIS_MD.wav,True,82260,1611608504000000000
/Users/jordanacle/Downloads/archive/Crema/1051_IEO_FEA_MD.wav,1051,fear,FEA,1051_IEO_FEA_MD.wav,True,90802,1611608504000000000
/Users/jordanacle/Downloads/archive/Crema/1051_IEO_HAP_LO.wav,1051,happy,HAP,1051_IEO_HAP_LO.wav,True,54498,1611608504000000000
/Users/jordanacle/Downloads/archive/Crema/1051_IEO_HAP_MD.wav,1051,happy,HAP,1051_IEO_HAP_MD.wav,True,54498,1611608504000000000
/Users/jordanacle/Downloads/archive/Crema/1051_IEO_NEU_XX.wav,1051,neutral,NEU,1051_IEO_NEU_XX.wav,True,70514,1611608504000000000
/Users/jordanacle/Downloads/archive/Crema/1051_IEO_SAD_HI.wav,1051,sad,SAD,1051_IEO_SAD_HI.wav,True,104682,1611608504000000000
/Users/jordanacle/Downloads/archive/Crema/1051_IEO_SAD_LO.wav,1051,sad,SAD,1051_IEO_SAD_LO.wav,True,69446,1611608504000000000
/Users/jordanacle/Downloads/archive/Crema/1051_IEO_SAD_MD.wav,1051,sad,SAD,1051_IEO_SAD_MD.wav,True,66244,1611608504000000000
/Users/jordanacle/Downloads/archive/Crema/1051_IOM_DIS_XX.wav,1051,disgust,DIS,1051_IOM_DIS_XX.wav,True,99344,1611608504000000000
/Users/jordanacle/Downloads/archive/Crema/1051_IOM_HAP_XX.wav,1051,happy,HAP,1051_IOM_HAP_XX.wav,True,60904,1611608504000000000
/Users/jordanacle/Downloads/archive/Crema/1051_IOM_FEA_XX.wav,1051,fear,FEA,1051_IOM_FEA_XX.wav,True,63040,1611608504000000000
/Users/jordanacle/Downloads/archive/Crema/1051_IOM_NEU_XX.wav,1051,neutral,NEU,1051_IOM_NEU_XX.wav,True,65176,1611608504000000000
/Users/jordanacle/Downloads/archive/Crema/1051_IOM_SAD_XX.wav,1051,sad,SAD,1051_IOM_SAD_XX.wav,True,67312,1611608504000000000
/Users/jordanacle/Downloads/archive/Crema/1051_ITH_ANG_XX.wav,1051,angry,ANG,1051_ITH_ANG_XX.wav,True,86530,1611608504000000000
/Users/jordanacle/Downloads/archive/Crema/1051_ITH_DIS_XX.wav,1051,disgust,DIS,1051_ITH_DIS_XX.wav,True,115360,1611608504000000000
/Users/jordanacle/Downloads/archive/Crema/1051_ITH_FEA_XX.wav,1051,fear,FEA,1051_ITH_FEA_XX.wav,True,84394,1611608504000000000
/Users/jordanacle/Downloads/archive/Crema/1051_ITH_SAD_XX.wav,1051,sad,SAD,1051_ITH_SAD_XX.wav,True,77988,1611608504000000000
/Users/jordanacle/Downloads/archive/Crema/1051_ITS_ANG_XX.wav,1051,angry,ANG,1051_ITS_ANG_XX.wav,True,85462,1611608504000000000
/Users/jordanacle/Downloads/archive/Crema/1051_ITH_NEU_XX.wav,1051,neutral,NEU,1051_ITH_NEU_XX.wav,True,74786,1611608504000000000
/Users/jordanacle/Downloads/archive/Crema/1051_ITS_DIS_XX.wav,1051,disgust,DIS,1051_ITS_DIS_XX.wav,True,128172,1611608504000000000
/Users/jordanacle/Downloads/archive/Crema/1051_ITS_FEA_XX.wav,1051,fear,FEA,1051_ITS_FEA_XX.wav,True,75852,1611608504000000000
/Users/jordanacle/Downloads/archive/Crema/1051_ITS_HAP_XX.wav,1051,happy,HAP,1051_ITS_HAP_XX.wav,True,73718,1611608504000000000
/Users/jordanacle/Downloads/archive/Crema/1051_ITS_NEU_XX.wav,1051,neutral,NEU,1051_ITS_NEU_XX.wav,True,80124,1611608504000000000
/Users/jordanacle/Downloads/archive/Crema/1051_ITS_SAD_XX.wav,1051,sad,SAD,1051_ITS_SAD_XX.wav,True,84394,1611608504000000000
/Users/jordanacle/Downloads/archive/Crema/1051_IWL_ANG_XX.wav,1051,angry,ANG,1051_IWL_ANG_XX.wav,True,88666,1611608504000000000
/Users/jordanacle/Downloads/archive/Crema/1051_IWL_HAP_XX.wav,1051,happy,HAP,1051_IWL_HAP_XX.wav,True,75852,1611608504000000000
/Users/jordanacle/Downloads/archive/Crema/1051_IWW_ANG_XX.wav,1051,angry,ANG,1051_IWW_ANG_XX.wav,True,80124,1611608504000000000
/Users/jordanacle/Downloads/archive/Crema/1051_IWL_NEU_XX.wav,1051,neutral,NEU,1051_IWL_NEU_XX.wav,True,69446,1611608504000000000
/Users/jordanacle/Downloads/archive/Crema/1051_IWW_SAD_XX.wav,1051,sad,SAD,1051_IWW_SAD_XX.wav,True,74786,1611608504000000000
/Users/jordanacle/Downloads/archive/Crema/1051_IWW_NEU_XX.wav,1051,neutral,NEU,1051_IWW_NEU_XX.wav,True,65176,1611608504000000000
/Users/jordanacle/Downloads/archive/Crema/1051_IWW_HAP_XX.wav,1051,happy,HAP,1051_IWW_HAP_XX.wav,True,66244,1611608504000000000
/Users/jordanacle/Downloads/archive/Crema/1051_MTI_ANG_XX.wav,1051,angry,ANG,1051_MTI_ANG_XX.wav,True,88666,1611608504000000000
/Users/jordanacle/Downloads/archive/Crema/1051_MTI_DIS_XX.wav,1051,disgust,DIS,1051_MTI_DIS_XX.wav,True,95072,1611608504000000000
/Users/jordanacle/Downloads/archive/Crema/1051_MTI_FEA_XX.wav,1051,fear,FEA,1051_MTI_FEA_XX.wav,True,86530,1611608504000000000
/Users/jordanacle/Downloads/archive/Crema/1051_MTI_HAP_XX.wav,1051,happy,HAP,1051_MTI_HAP_XX.wav,True,90802,1611608504000000000
/Users/jordanacle/Downloads/archive/Crema/1051_MTI_NEU_XX.wav,1051,neutral,NEU,1051_MTI_NEU_XX.wav,True,90802,1611608504000000000
/Users/jordanacle/Downloads/archive/Crema/1051_MTI_SAD_XX.wav,1051,sad,SAD,1051_MTI_SAD_XX.wav,True,116426,1611608504000000000
/Users/jordanacle/Downloads/archive/Crema/1051_TAI_ANG_XX.wav,1051,angry,ANG,1051_TAI_ANG_XX.wav,True,87598,1611608504000000000
/Users/jordanacle/Downloads/archive/Crema/1051_TAI_DIS_XX.wav,1051,disgust,DIS,1051_TAI_DIS_XX.wav,True,88666,1611608504000000000
/Users/jordanacle/Downloads/archive/Crema/1051_TAI_FEA_XX.wav,1051,fear,FEA,1051_TAI_FEA_XX.wav,True,84394,1611608504000000000
/Users/jordanacle/Downloads/archive/Crema/1051_TAI_NEU_XX.wav,1051,neutral,NEU,1051_TAI_NEU_XX.wav,True,74786,1611608504000000000
/Users/jordanacle/Downloads/archive/Crema/1051_TAI_HAP_XX.wav,1051,happy,HAP,1051_TAI_HAP_XX.wav,True,72862,1611608504000000000
/Users/jordanacle/Downloads/archive/Crema/1051_TAI_SAD_XX.wav,1051,sad,SAD,1051_TAI_SAD_XX.wav,True,92936,1611608504000000000
/Users/jordanacle/Downloads/archive/Crema/1051_TIE_ANG_XX.wav,1051,angry,ANG,1051_TIE_ANG_XX.wav,True,92936,1611608504000000000
/Users/jordanacle/Downloads/archive/Crema/1051_TIE_FEA_XX.wav,1051,fear,FEA,1051_TIE_FEA_XX.wav,True,102546,1611608504000000000
/Users/jordanacle/Downloads/archive/Crema/1051_TIE_DIS_XX.wav,1051,disgust,DIS,1051_TIE_DIS_XX.wav,True,99344,1611608504000000000
/Users/jordanacle/Downloads/archive/Crema/1051_TIE_NEU_XX.wav,1051,neutral,NEU,1051_TIE_NEU_XX.wav,True,80124,1611608504000000000
/Users/jordanacle/Downloads/archive/Crema/1051_TIE_SAD_XX.wav,1051,sad,SAD,1051_TIE_SAD_XX.wav,True,98276,1611608504000000000
/Users/jordanacle/Downloads/archive/Crema/1051_TSI_DIS_XX.wav,1051,disgust,DIS,1051_TSI_DIS_XX.wav,True,89734,1611608504000000000
/Users/jordanacle/Downloads/archive/Crema/1051_TSI_FEA_XX.wav,1051,fear,FEA,1051_TSI_FEA_XX.wav,True,70514,1611608504000000000
/Users/jordanacle/Downloads/archive/Crema/1051_TSI_HAP_XX.wav,1051,happy,HAP,1051_TSI_HAP_XX.wav,True,77988,1611608504000000000
/Users/jordanacle/Downloads/archive/Crema/1051_TSI_SAD_XX.wav,1051,sad,SAD,1051_TSI_SAD_XX.wav,True,65176,1611608504000000000
/Users/jordanacle/Downloads/archive/Crema/1051_TSI_NEU_XX.wav,1051,neutral,NEU,1051_TSI_NEU_XX.wav,True,64108,1611608504000000000
/Users/jordanacle/Downloads/archive/Crema/1051_WSI_ANG_XX.wav,1051,angry,ANG,1051_WSI_ANG_XX.wav,True,96140,1611608504000000000
/Users/jordanacle/Downloads/archive/Crema/1051_WSI_DIS_XX.wav,1051,disgust,DIS,1051_WSI_DIS_XX.wav,True,96140,1611608504000000000
/Users/jordanacle/Downloads/archive/Crema/1051_WSI_FEA_XX.wav,1051,fear,FEA,1051_WSI_FEA_XX.wav,True,89734,1611608504000000000
/Users/jordanacle/Downloads/archive/Crema/1051_WSI_HAP_XX.wav,1051,happy,HAP,1051_WSI_HAP_XX.wav,True,72862,1611608504000000000
/Users/jordanacle/Downloads/archive/Crema/1051_WSI_NEU_XX.wav,1051,neutral,NEU,1051_WSI_NEU_XX.wav,True,68378,1611608504000000000
/Users/jordanacle/Downloads/archive/Crema/1051_WSI_SAD_XX.wav,1051,sad,SAD,1051_WSI_SAD_XX.wav,True,67312,1611608504000000000
/Users/jordanacle/Downloads/archive/Crema/1052_DFA_ANG_XX.wav,1052,angry,ANG,1052_DFA_ANG_XX.wav,True,72862,1611608504000000000
/Users/jordanacle/Downloads/archive/Crema/1052_DFA_DIS_XX.wav,1052,disgust,DIS,1052_DFA_DIS_XX.wav,True,57702,1611608504000000000
/Users/jordanacle/Downloads/archive/Crema/1052_DFA_FEA_XX.wav,1052,fear,FEA,1052_DFA_FEA_XX.wav,True,87598,1611608504000000000
/Users/jordanacle/Downloads/archive/Crema/1052_DFA_HAP_XX.wav,1052,happy,HAP,1052_DFA_HAP_XX.wav,True,63040,1611608504000000000
/Users/jordanacle/Downloads/archive/Crema/1052_DFA_NEU_XX.wav,1052,neutral,NEU,1052_DFA_NEU_XX.wav,True,85462,1611608504000000000
/Users/jordanacle/Downloads/archive/Crema/1052_DFA_SAD_XX.wav,1052,sad,SAD,1052_DFA_SAD_XX.wav,True,74786,1611608504000000000
/Users/jordanacle/Downloads/archive/Crema/1052_IEO_ANG_LO.wav,1052,angry,ANG,1052_IEO_ANG_LO.wav,True,72650,1611608504000000000
/Users/jordanacle/Downloads/archive/Crema/1052_IEO_ANG_HI.wav,1052,angry,ANG,1052_IEO_ANG_HI.wav,True,100410,1611608504000000000
/Users/jordanacle/Downloads/archive/Crema/1052_IEO_ANG_MD.wav,1052,angry,ANG,1052_IEO_ANG_MD.wav,True,97208,1611608504000000000
/Users/jordanacle/Downloads/archive/Crema/1052_IEO_DIS_HI.wav,1052,disgust,DIS,1052_IEO_DIS_HI.wav,True,91868,1611608504000000000
/Users/jordanacle/Downloads/archive/Crema/1052_IEO_FEA_HI.wav,1052,fear,FEA,1052_IEO_FEA_HI.wav,True,80124,1611608504000000000
/Users/jordanacle/Downloads/archive/Crema/1052_IEO_DIS_MD.wav,1052,disgust,DIS,1052_IEO_DIS_MD.wav,True,92936,1611608504000000000
/Users/jordanacle/Downloads/archive/Crema/1052_IEO_FEA_MD.wav,1052,fear,FEA,1052_IEO_FEA_MD.wav,True,91868,1611608504000000000
/Users/jordanacle/Downloads/archive/Crema/1052_IEO_HAP_HI.wav,1052,happy,HAP,1052_IEO_HAP_HI.wav,True,57702,1611608504000000000
/Users/jordanacle/Downloads/archive/Crema/1052_IEO_HAP_LO.wav,1052,happy,HAP,1052_IEO_HAP_LO.wav,True,69446,1611608504000000000
/Users/jordanacle/Downloads/archive/Crema/1052_IEO_NEU_XX.wav,1052,neutral,NEU,1052_IEO_NEU_XX.wav,True,97208,1611608504000000000
/Users/jordanacle/Downloads/archive/Crema/1052_IEO_SAD_HI.wav,1052,sad,SAD,1052_IEO_SAD_HI.wav,True,107884,1611608504000000000
/Users/jordanacle/Downloads/archive/Crema/1052_IOM_ANG_XX.wav,1052,angry,ANG,1052_IOM_ANG_XX.wav,True,70514,1611608504000000000
/Users/jordanacle/Downloads/archive/Crema/1052_IEO_SAD_MD.wav,1052,sad,SAD,1052_IEO_SAD_MD.wav,True,80124,1611608504000000000
/Users/jordanacle/Downloads/archive/Crema/1052_IOM_HAP_XX.wav,1052,happy,HAP,1052_IOM_HAP_XX.wav,True,67312,1611608504000000000
/Users/jordanacle/Downloads/archive/Crema/1052_IOM_NEU_XX.wav,1052,neutral,NEU,1052_IOM_NEU_XX.wav,True,89734,1611608504000000000
/Users/jordanacle/Downloads/archive/Crema/1052_ITH_ANG_XX.wav,1052,angry,ANG,1052_ITH_ANG_XX.wav,True,85462,1611608504000000000
/Users/jordanacle/Downloads/archive/Crema/1052_ITH_DIS_XX.wav,1052,disgust,DIS,1052_ITH_DIS_XX.wav,True,123902,1611608504000000000
/Users/jordanacle/Downloads/archive/Crema/1052_ITH_FEA_XX.wav,1052,fear,FEA,1052_ITH_FEA_XX.wav,True,94004,1611608504000000000
/Users/jordanacle/Downloads/archive/Crema/1052_ITH_HAP_XX.wav,1052,happy,HAP,1052_ITH_HAP_XX.wav,True,74786,1611608504000000000
/Users/jordanacle/Downloads/archive/Crema/1052_ITH_NEU_XX.wav,1052,neutral,NEU,1052_ITH_NEU_XX.wav,True,98276,1611608504000000000
/Users/jordanacle/Downloads/archive/Crema/1052_ITH_SAD_XX.wav,1052,sad,SAD,1052_ITH_SAD_XX.wav,True,103614,1611608504000000000
/Users/jordanacle/Downloads/archive/Crema/1052_ITS_ANG_XX.wav,1052,angry,ANG,1052_ITS_ANG_XX.wav,True,87598,1611608504000000000
/Users/jordanacle/Downloads/archive/Crema/1052_ITS_FEA_XX.wav,1052,fear,FEA,1052_ITS_FEA_XX.wav,True,85462,1611608504000000000
/Users/jordanacle/Downloads/archive/Crema/1052_ITS_HAP_XX.wav,1052,happy,HAP,1052_ITS_HAP_XX.wav,True,87598,1611608504000000000
/Users/jordanacle/Downloads/archive/Crema/1052_ITS_DIS_XX.wav,1052,disgust,DIS,1052_ITS_DIS_XX.wav,True,126036,1611608504000000000
/Users/jordanacle/Downloads/archive/Crema/1052_IWL_DIS_XX.wav,1052,disgust,DIS,1052_IWL_DIS_XX.wav,True,85462,1611608504000000000
/Users/jordanacle/Downloads/archive/Crema/1052_ITS_SAD_XX.wav,1052,sad,SAD,1052_ITS_SAD_XX.wav,True,120698,1611608504000000000
/Users/jordanacle/Downloads/archive/Crema/1052_IWL_FEA_XX.wav,1052,fear,FEA,1052_IWL_FEA_XX.wav,True,97208,1611608504000000000
/Users/jordanacle/Downloads/archive/Crema/1052_IWL_HAP_XX.wav,1052,happy,HAP,1052_IWL_HAP_XX.wav,True,103614,1611608504000000000
/Users/jordanacle/Downloads/archive/Crema/1052_IWL_NEU_XX.wav,1052,neutral,NEU,1052_IWL_NEU_XX.wav,True,85462,1611608504000000000
/Users/jordanacle/Downloads/archive/Crema/1052_IWL_SAD_XX.wav,1052,sad,SAD,1052_IWL_SAD_XX.wav,True,74786,1611608504000000000
/Users/jordanacle/Downloads/archive/Crema/1052_IWW_FEA_XX.wav,1052,fear,FEA,1052_IWW_FEA_XX.wav,True,90802,1611608504000000000
/Users/jordanacle/Downloads/archive/Crema/1052_IWW_DIS_XX.wav,1052,disgust,DIS,1052_IWW_DIS_XX.wav,True,77988,1611608504000000000
/Users/jordanacle/Downloads/archive/Crema/1052_IWW_HAP_XX.wav,1052,happy,HAP,1052_IWW_HAP_XX.wav,True,65176,1611608504000000000
/Users/jordanacle/Downloads/archive/Crema/1052_IWW_SAD_XX.wav,1052,sad,SAD,1052_IWW_SAD_XX.wav,True,82260,1611608504000000000
/Users/jordanacle/Downloads/archive/Crema/1052_MTI_ANG_XX.wav,1052,angry,ANG,1052_MTI_ANG_XX.wav,True,81192,1611608504000000000
/Users/jordanacle/Downloads/archive/Crema/1052_IWW_NEU_XX.wav,1052,neutral,NEU,1052_IWW_NEU_XX.wav,True,92936,1611608504000000000
/Users/jordanacle/Downloads/archive/Crema/1052_MTI_FEA_XX.wav,1052,fear,FEA,1052_MTI_FEA_XX.wav,True,95072,1611608504000000000
/Users/jordanacle/Downloads/archive/Crema/1052_MTI_DIS_XX.wav,1052,disgust,DIS,1052_MTI_DIS_XX.wav,True,96140,1611608504000000000
/Users/jordanacle/Downloads/archive/Crema/1052_MTI_NEU_XX.wav,1052,neutral,NEU,1052_MTI_NEU_XX.wav,True,118562,1611608504000000000
/Users/jordanacle/Downloads/archive/Crema/1052_MTI_SAD_XX.wav,1052,sad,SAD,1052_MTI_SAD_XX.wav,True,90802,1611608504000000000
/Users/jordanacle/Downloads/archive/Crema/1052_TAI_ANG_XX.wav,1052,angry,ANG,1052_TAI_ANG_XX.wav,True,90802,1611608504000000000
/Users/jordanacle/Downloads/archive/Crema/1052_TAI_DIS_XX.wav,1052,disgust,DIS,1052_TAI_DIS_XX.wav,True,80124,1611608504000000000
/Users/jordanacle/Downloads/archive/Crema/1052_TAI_FEA_XX.wav,1052,fear,FEA,1052_TAI_FEA_XX.wav,True,80124,1611608504000000000
/Users/jordanacle/Downloads/archive/Crema/1052_TAI_HAP_XX.wav,1052,happy,HAP,1052_TAI_HAP_XX.wav,True,74786,1611608504000000000
/Users/jordanacle/Downloads/archive/Crema/1052_TAI_SAD_XX.wav,1052,sad,SAD,1052_TAI_SAD_XX.wav,True,89734,1611608504000000000
/Users/jordanacle/Downloads/archive/Crema/1052_TIE_ANG_XX.wav,1052,angry,ANG,1052_TIE_ANG_XX.wav,True,100410,1611608504000000000
/Users/jordanacle/Downloads/archive/Crema/1052_TIE_DIS_XX.wav,1052,disgust,DIS,1052_TIE_DIS_XX.wav,True,114292,1611608504000000000
/Users/jordanacle/Downloads/archive/Crema/1052_TIE_FEA_XX.wav,1052,fear,FEA,1052_TIE_FEA_XX.wav,True,103614,1611608504000000000
/Users/jordanacle/Downloads/archive/Crema/1052_TIE_HAP_XX.wav,1052,happy,HAP,1052_TIE_HAP_XX.wav,True,94004,1611608504000000000
/Users/jordanacle/Downloads/archive/Crema/1052_TIE_SAD_XX.wav,1052,sad,SAD,1052_TIE_SAD_XX.wav,True,114292,1611608504000000000
/Users/jordanacle/Downloads/archive/Crema/1052_TSI_ANG_XX.wav,1052,angry,ANG,1052_TSI_ANG_XX.wav,True,60904,1611608504000000000
/Users/jordanacle/Downloads/archive/Crema/1052_TSI_HAP_XX.wav,1052,happy,HAP,1052_TSI_HAP_XX.wav,True,69446,1611608504000000000
/Users/jordanacle/Downloads/archive/Crema/1052_WSI_ANG_XX.wav,1052,angry,ANG,1052_WSI_ANG_XX.wav,True,73718,1611608504000000000
/Users/jordanacle/Downloads/archive/Crema/1052_TSI_NEU_XX.wav,1052,neutral,NEU,1052_TSI_NEU_XX.wav,True,82260,1611608504000000000
/Users/jordanacle/Downloads/archive/Crema/1052_WSI_DIS_XX.wav,1052,disgust,DIS,1052_WSI_DIS_XX.wav,True,86530,1611608504000000000
/Users/jordanacle/Downloads/archive/Crema/1052_WSI_HAP_XX.wav,1052,happy,HAP,1052_WSI_HAP_XX.wav,True,69446,1611608504000000000
/Users/jordanacle/Downloads/archive/Crema/1052_WSI_NEU_XX.wav,1052,neutral,NEU,1052_WSI_NEU_XX.wav,True,75852,1611608504000000000
/Users/jordanacle/Downloads/archive/Crema/1052_WSI_FEA_XX.wav,1052,fear,FEA,1052_WSI_FEA_XX.wav,True,81192,1611608504000000000
/Users/jordanacle/Downloads/archive/Crema/1052_WSI_SAD_XX.wav,1052,sad,SAD,1052_WSI_SAD_XX.wav,True,102546,1611608504000000000
/Users/jordanacle/Downloads/archive/Crema/1053_DFA_ANG_XX.wav,1053,angry,ANG,1053_DFA_ANG_XX.wav,True,55566,1611608504000000000
/Users/jordanacle/Downloads/archive/Crema/1053_DFA_DIS_XX.wav,1053,disgust,DIS,1053_DFA_DIS_XX.wav,True,56634,1611608504000000000
/Users/jordanacle/Downloads/archive/Crema/1053_DFA_NEU_XX.wav,1053,neutral,NEU,1053_DFA_NEU_XX.wav,True,52362,1611608504000000000
/Users/jordanacle/Downloads/archive/Crema/1053_DFA_SAD_XX.wav,1053,sad,SAD,1053_DFA_SAD_XX.wav,True,60904,1611608504000000000
/Users/jordanacle/Downloads/archive/Crema/1053_DFA_FEA_XX.wav,1053,fear,FEA,1053_DFA_FEA_XX.wav,True,60904,1611608504000000000
/Users/jordanacle/Downloads/archive/Crema/1053_IEO_ANG_HI.wav,1053,angry,ANG,1053_IEO_ANG_HI.wav,True,85462,1611608504000000000
/Users/jordanacle/Downloads/archive/Crema/1053_IEO_ANG_LO.wav,1053,angry,ANG,1053_IEO_ANG_LO.wav,True,58770,1611608504000000000
/Users/jordanacle/Downloads/archive/Crema/1053_IEO_ANG_MD.wav,1053,angry,ANG,1053_IEO_ANG_MD.wav,True,66244,1611608504000000000
/Users/jordanacle/Downloads/archive/Crema/1053_IEO_DIS_MD.wav,1053,disgust,DIS,1053_IEO_DIS_MD.wav,True,61972,1611608504000000000
/Users/jordanacle/Downloads/archive/Crema/1053_IEO_DIS_HI.wav,1053,disgust,DIS,1053_IEO_DIS_HI.wav,True,57702,1611608504000000000
/Users/jordanacle/Downloads/archive/Crema/1053_IEO_FEA_HI.wav,1053,fear,FEA,1053_IEO_FEA_HI.wav,True,65176,1611608504000000000
/Users/jordanacle/Downloads/archive/Crema/1053_IEO_FEA_MD.wav,1053,fear,FEA,1053_IEO_FEA_MD.wav,True,67312,1611608504000000000
/Users/jordanacle/Downloads/archive/Crema/1053_IEO_HAP_HI.wav,1053,happy,HAP,1053_IEO_HAP_HI.wav,True,49160,1611608504000000000
/Users/jordanacle/Downloads/archive/Crema/1053_IEO_HAP_MD.wav,1053,happy,HAP,1053_IEO_HAP_MD.wav,True,52362,1611608504000000000
/Users/jordanacle/Downloads/archive/Crema/1053_IEO_NEU_XX.wav,1053,neutral,NEU,1053_IEO_NEU_XX.wav,True,58770,1611608504000000000
/Users/jordanacle/Downloads/archive/Crema/1053_IEO_HAP_LO.wav,1053,happy,HAP,1053_IEO_HAP_LO.wav,True,53430,1611608504000000000
/Users/jordanacle/Downloads/archive/Crema/1053_IEO_SAD_HI.wav,1053,sad,SAD,1053_IEO_SAD_HI.wav,True,75852,1611608504000000000
/Users/jordanacle/Downloads/archive/Crema/1053_IEO_SAD_LO.wav,1053,sad,SAD,1053_IEO_SAD_LO.wav,True,58770,1611608504000000000
/Users/jordanacle/Downloads/archive/Crema/1053_IEO_SAD_MD.wav,1053,sad,SAD,1053_IEO_SAD_MD.wav,True,74786,1611608504000000000
/Users/jordanacle/Downloads/archive/Crema/1053_IOM_ANG_XX.wav,1053,angry,ANG,1053_IOM_ANG_XX.wav,True,70514,1611608504000000000
/Users/jordanacle/Downloads/archive/Crema/1053_IOM_DIS_XX.wav,1053,disgust,DIS,1053_IOM_DIS_XX.wav,True,72650,1611608504000000000
/Users/jordanacle/Downloads/archive/Crema/1053_IOM_FEA_XX.wav,1053,fear,FEA,1053_IOM_FEA_XX.wav,True,56634,1611608504000000000
/Users/jordanacle/Downloads/archive/Crema/1053_IOM_HAP_XX.wav,1053,happy,HAP,1053_IOM_HAP_XX.wav,True,56634,1611608504000000000
/Users/jordanacle/Downloads/archive/Crema/1053_IOM_NEU_XX.wav,1053,neutral,NEU,1053_IOM_NEU_XX.wav,True,51296,1611608504000000000
/Users/jordanacle/Downloads/archive/Crema/1053_ITH_DIS_XX.wav,1053,disgust,DIS,1053_ITH_DIS_XX.wav,True,82260,1611608504000000000
/Users/jordanacle/Downloads/archive/Crema/1053_ITH_ANG_XX.wav,1053,angry,ANG,1053_ITH_ANG_XX.wav,True,70514,1611608504000000000
/Users/jordanacle/Downloads/archive/Crema/1053_ITH_FEA_XX.wav,1053,fear,FEA,1053_ITH_FEA_XX.wav,True,61972,1611608504000000000
/Users/jordanacle/Downloads/archive/Crema/1053_ITH_HAP_XX.wav,1053,happy,HAP,1053_ITH_HAP_XX.wav,True,74786,1611608504000000000
/Users/jordanacle/Downloads/archive/Crema/1053_ITH_SAD_XX.wav,1053,sad,SAD,1053_ITH_SAD_XX.wav,True,83328,1611608504000000000
/Users/jordanacle/Downloads/archive/Crema/1053_ITS_ANG_XX.wav,1053,angry,ANG,1053_ITS_ANG_XX.wav,True,67312,1611608504000000000
/Users/jordanacle/Downloads/archive/Crema/1053_ITS_FEA_XX.wav,1053,fear,FEA,1053_ITS_FEA_XX.wav,True,59838,1611608504000000000
/Users/jordanacle/Downloads/archive/Crema/1053_ITS_DIS_XX.wav,1053,disgust,DIS,1053_ITS_DIS_XX.wav,True,67312,1611608504000000000
/Users/jordanacle/Downloads/archive/Crema/1053_ITS_SAD_XX.wav,1053,sad,SAD,1053_ITS_SAD_XX.wav,True,68378,1611608504000000000
/Users/jordanacle/Downloads/archive/Crema/1053_IWL_FEA_XX.wav,1053,fear,FEA,1053_IWL_FEA_XX.wav,True,57702,1611608504000000000
/Users/jordanacle/Downloads/archive/Crema/1053_IWL_DIS_XX.wav,1053,disgust,DIS,1053_IWL_DIS_XX.wav,True,81192,1611608504000000000
/Users/jordanacle/Downloads/archive/Crema/1053_IWL_HAP_XX.wav,1053,happy,HAP,1053_IWL_HAP_XX.wav,True,59838,1611608504000000000
/Users/jordanacle/Downloads/archive/Crema/1053_IWL_NEU_XX.wav,1053,neutral,NEU,1053_IWL_NEU_XX.wav,True,58770,1611608504000000000
/Users/jordanacle/Downloads/archive/Crema/1053_IWL_SAD_XX.wav,1053,sad,SAD,1053_IWL_SAD_XX.wav,True,77988,1611608504000000000
/Users/jordanacle/Downloads/archive/Crema/1053_IWW_ANG_XX.wav,1053,angry,ANG,1053_IWW_ANG_XX.wav,True,58770,1611608504000000000
/Users/jordanacle/Downloads/archive/Crema/1053_IWW_DIS_XX.wav,1053,disgust,DIS,1053_IWW_DIS_XX.wav,True,68378,1611608504000000000
/Users/jordanacle/Downloads/archive/Crema/1053_IWW_FEA_XX.wav,1053,fear,FEA,1053_IWW_FEA_XX.wav,True,51296,1611608504000000000
/Users/jordanacle/Downloads/archive/Crema/1053_IWW_HAP_XX.wav,1053,happy,HAP,1053_IWW_HAP_XX.wav,True,57702,1611608504000000000
/Users/jordanacle/Downloads/archive/Crema/1053_IWW_NEU_XX.wav,1053,neutral,NEU,1053_IWW_NEU_XX.wav,True,56634,1611608504000000000
/Users/jordanacle/Downloads/archive/Crema/1053_IWW_SAD_XX.wav,1053,sad,SAD,1053_IWW_SAD_XX.wav,True,58770,1611608504000000000
/Users/jordanacle/Downloads/archive/Crema/1053_MTI_ANG_XX.wav,1053,angry,ANG,1053_MTI_ANG_XX.wav,True,77988,1611608506000000000
/Users/jordanacle/Downloads/archive/Crema/1053_MTI_DIS_XX.wav,1053,disgust,DIS,1053_MTI_DIS_XX.wav,True,91870,1611608506000000000
/Users/jordanacle/Downloads/archive/Crema/1053_MTI_FEA_XX.wav,1053,fear,FEA,1053_MTI_FEA_XX.wav,True,73718,1611608506000000000
/Users/jordanacle/Downloads/archive/Crema/1053_MTI_NEU_XX.wav,1053,neutral,NEU,1053_MTI_NEU_XX.wav,True,73090,1611608506000000000
/Users/jordanacle/Downloads/archive/Crema/1053_TAI_ANG_XX.wav,1053,angry,ANG,1053_TAI_ANG_XX.wav,True,65176,1611608506000000000
/Users/jordanacle/Downloads/archive/Crema/1053_TAI_DIS_XX.wav,1053,disgust,DIS,1053_TAI_DIS_XX.wav,True,82260,1611608506000000000
/Users/jordanacle/Downloads/archive/Crema/1053_MTI_SAD_XX.wav,1053,sad,SAD,1053_MTI_SAD_XX.wav,True,70514,1611608506000000000
/Users/jordanacle/Downloads/archive/Crema/1053_TAI_FEA_XX.wav,1053,fear,FEA,1053_TAI_FEA_XX.wav,True,65176,1611608506000000000
/Users/jordanacle/Downloads/archive/Crema/1053_TAI_HAP_XX.wav,1053,happy,HAP,1053_TAI_HAP_XX.wav,True,60904,1611608506000000000
/Users/jordanacle/Downloads/archive/Crema/1053_TAI_SAD_XX.wav,1053,sad,SAD,1053_TAI_SAD_XX.wav,True,67312,1611608506000000000
/Users/jordanacle/Downloads/archive/Crema/1053_TIE_ANG_XX.wav,1053,angry,ANG,1053_TIE_ANG_XX.wav,True,97208,1611608506000000000
/Users/jordanacle/Downloads/archive/Crema/1053_TIE_DIS_XX.wav,1053,disgust,DIS,1053_TIE_DIS_XX.wav,True,91868,1611608506000000000
/Users/jordanacle/Downloads/archive/Crema/1053_TIE_FEA_XX.wav,1053,fear,FEA,1053_TIE_FEA_XX.wav,True,84394,1611608506000000000
/Users/jordanacle/Downloads/archive/Crema/1053_TIE_HAP_XX.wav,1053,happy,HAP,1053_TIE_HAP_XX.wav,True,81192,1611608506000000000
/Users/jordanacle/Downloads/archive/Crema/1053_TIE_SAD_XX.wav,1053,sad,SAD,1053_TIE_SAD_XX.wav,True,92936,1611608506000000000
/Users/jordanacle/Downloads/archive/Crema/1053_TSI_NEU_XX.wav,1053,neutral,NEU,1053_TSI_NEU_XX.wav,True,68378,1611608506000000000
/Users/jordanacle/Downloads/archive/Crema/1053_TSI_ANG_XX.wav,1053,angry,ANG,1053_TSI_ANG_XX.wav,True,72650,1611608506000000000
/Users/jordanacle/Downloads/archive/Crema/1053_TSI_HAP_XX.wav,1053,happy,HAP,1053_TSI_HAP_XX.wav,True,57702,1611608506000000000
/Users/jordanacle/Downloads/archive/Crema/1053_TSI_SAD_XX.wav,1053,sad,SAD,1053_TSI_SAD_XX.wav,True,59838,1611608506000000000
/Users/jordanacle/Downloads/archive/Crema/1053_WSI_ANG_XX.wav,1053,angry,ANG,1053_WSI_ANG_XX.wav,True,67312,1611608506000000000
/Users/jordanacle/Downloads/archive/Crema/1053_WSI_DIS_XX.wav,1053,disgust,DIS,1053_WSI_DIS_XX.wav,True,88666,1611608506000000000
/Users/jordanacle/Downloads/archive/Crema/1053_WSI_NEU_XX.wav,1053,neutral,NEU,1053_WSI_NEU_XX.wav,True,73090,1611608506000000000
/Users/jordanacle/Downloads/archive/Crema/1053_WSI_FEA_XX.wav,1053,fear,FEA,1053_WSI_FEA_XX.wav,True,68378,1611608506000000000
/Users/jordanacle/Downloads/archive/Crema/1053_WSI_SAD_XX.wav,1053,sad,SAD,1053_WSI_SAD_XX.wav,True,72650,1611608506000000000
/Users/jordanacle/Downloads/archive/Crema/1054_DFA_ANG_XX.wav,1054,angry,ANG,1054_DFA_ANG_XX.wav,True,59838,1611608506000000000
/Users/jordanacle/Downloads/archive/Crema/1054_DFA_FEA_XX.wav,1054,fear,FEA,1054_DFA_FEA_XX.wav,True,61972,1611608506000000000
/Users/jordanacle/Downloads/archive/Crema/1054_DFA_DIS_XX.wav,1054,disgust,DIS,1054_DFA_DIS_XX.wav,True,58770,1611608506000000000
/Users/jordanacle/Downloads/archive/Crema/1054_DFA_SAD_XX.wav,1054,sad,SAD,1054_DFA_SAD_XX.wav,True,59838,1611608506000000000
/Users/jordanacle/Downloads/archive/Crema/1054_IEO_ANG_HI.wav,1054,angry,ANG,1054_IEO_ANG_HI.wav,True,67312,1611608506000000000
/Users/jordanacle/Downloads/archive/Crema/1054_DFA_NEU_XX.wav,1054,neutral,NEU,1054_DFA_NEU_XX.wav,True,63040,1611608506000000000
/Users/jordanacle/Downloads/archive/Crema/1054_IEO_ANG_MD.wav,1054,angry,ANG,1054_IEO_ANG_MD.wav,True,60904,1611608506000000000
/Users/jordanacle/Downloads/archive/Crema/1054_IEO_ANG_LO.wav,1054,angry,ANG,1054_IEO_ANG_LO.wav,True,70514,1611608506000000000
/Users/jordanacle/Downloads/archive/Crema/1054_IEO_DIS_HI.wav,1054,disgust,DIS,1054_IEO_DIS_HI.wav,True,79056,1611608506000000000
/Users/jordanacle/Downloads/archive/Crema/1054_IEO_DIS_MD.wav,1054,disgust,DIS,1054_IEO_DIS_MD.wav,True,85462,1611608506000000000
/Users/jordanacle/Downloads/archive/Crema/1054_IEO_FEA_LO.wav,1054,fear,FEA,1054_IEO_FEA_LO.wav,True,81192,1611608506000000000
/Users/jordanacle/Downloads/archive/Crema/1054_IEO_FEA_MD.wav,1054,fear,FEA,1054_IEO_FEA_MD.wav,True,75852,1611608506000000000
/Users/jordanacle/Downloads/archive/Crema/1054_IEO_FEA_HI.wav,1054,fear,FEA,1054_IEO_FEA_HI.wav,True,75852,1611608506000000000
/Users/jordanacle/Downloads/archive/Crema/1054_IEO_HAP_HI.wav,1054,happy,HAP,1054_IEO_HAP_HI.wav,True,57702,1611608506000000000
/Users/jordanacle/Downloads/archive/Crema/1054_IEO_NEU_XX.wav,1054,neutral,NEU,1054_IEO_NEU_XX.wav,True,63040,1611608506000000000
/Users/jordanacle/Downloads/archive/Crema/1054_IEO_HAP_LO.wav,1054,happy,HAP,1054_IEO_HAP_LO.wav,True,58770,1611608506000000000
/Users/jordanacle/Downloads/archive/Crema/1054_IEO_SAD_HI.wav,1054,sad,SAD,1054_IEO_SAD_HI.wav,True,83328,1611608506000000000
/Users/jordanacle/Downloads/archive/Crema/1054_IEO_SAD_MD.wav,1054,sad,SAD,1054_IEO_SAD_MD.wav,True,86530,1611608506000000000
/Users/jordanacle/Downloads/archive/Crema/1054_IOM_ANG_XX.wav,1054,angry,ANG,1054_IOM_ANG_XX.wav,True,53430,1611608506000000000
/Users/jordanacle/Downloads/archive/Crema/1054_IOM_FEA_XX.wav,1054,fear,FEA,1054_IOM_FEA_XX.wav,True,59838,1611608506000000000
/Users/jordanacle/Downloads/archive/Crema/1054_IOM_HAP_XX.wav,1054,happy,HAP,1054_IOM_HAP_XX.wav,True,53430,1611608506000000000
/Users/jordanacle/Downloads/archive/Crema/1054_IOM_NEU_XX.wav,1054,neutral,NEU,1054_IOM_NEU_XX.wav,True,60904,1611608506000000000
/Users/jordanacle/Downloads/archive/Crema/1054_ITH_ANG_XX.wav,1054,angry,ANG,1054_ITH_ANG_XX.wav,True,65176,1611608506000000000
/Users/jordanacle/Downloads/archive/Crema/1054_IOM_SAD_XX.wav,1054,sad,SAD,1054_IOM_SAD_XX.wav,True,56634,1611608506000000000
/Users/jordanacle/Downloads/archive/Crema/1054_ITH_FEA_XX.wav,1054,fear,FEA,1054_ITH_FEA_XX.wav,True,72650,1611608506000000000
/Users/jordanacle/Downloads/archive/Crema/1054_ITH_DIS_XX.wav,1054,disgust,DIS,1054_ITH_DIS_XX.wav,True,67312,1611608506000000000
/Users/jordanacle/Downloads/archive/Crema/1054_ITH_HAP_XX.wav,1054,happy,HAP,1054_ITH_HAP_XX.wav,True,65176,1611608506000000000
/Users/jordanacle/Downloads/archive/Crema/1054_ITH_NEU_XX.wav,1054,neutral,NEU,1054_ITH_NEU_XX.wav,True,69446,1611608506000000000
/Users/jordanacle/Downloads/archive/Crema/1054_ITH_SAD_XX.wav,1054,sad,SAD,1054_ITH_SAD_XX.wav,True,85462,1611608506000000000
/Users/jordanacle/Downloads/archive/Crema/1054_ITS_ANG_XX.wav,1054,angry,ANG,1054_ITS_ANG_XX.wav,True,61972,1611608506000000000
/Users/jordanacle/Downloads/archive/Crema/1054_ITS_FEA_XX.wav,1054,fear,FEA,1054_ITS_FEA_XX.wav,True,77988,1611608506000000000
/Users/jordanacle/Downloads/archive/Crema/1054_ITS_DIS_XX.wav,1054,disgust,DIS,1054_ITS_DIS_XX.wav,True,75854,1611608506000000000
/Users/jordanacle/Downloads/archive/Crema/1054_ITS_HAP_XX.wav,1054,happy,HAP,1054_ITS_HAP_XX.wav,True,76920,1611608506000000000
/Users/jordanacle/Downloads/archive/Crema/1054_ITS_SAD_XX.wav,1054,sad,SAD,1054_ITS_SAD_XX.wav,True,66244,1611608506000000000
/Users/jordanacle/Downloads/archive/Crema/1054_IWL_DIS_XX.wav,1054,disgust,DIS,1054_IWL_DIS_XX.wav,True,72650,1611608506000000000
/Users/jordanacle/Downloads/archive/Crema/1054_IWL_ANG_XX.wav,1054,angry,ANG,1054_IWL_ANG_XX.wav,True,60904,1611608506000000000
/Users/jordanacle/Downloads/archive/Crema/1054_IWL_FEA_XX.wav,1054,fear,FEA,1054_IWL_FEA_XX.wav,True,81192,1611608506000000000
/Users/jordanacle/Downloads/archive/Crema/1054_IWL_HAP_XX.wav,1054,happy,HAP,1054_IWL_HAP_XX.wav,True,77988,1611608506000000000
/Users/jordanacle/Downloads/archive/Crema/1054_IWL_NEU_XX.wav,1054,neutral,NEU,1054_IWL_NEU_XX.wav,True,67312,1611608506000000000
/Users/jordanacle/Downloads/archive/Crema/1054_IWL_SAD_XX.wav,1054,sad,SAD,1054_IWL_SAD_XX.wav,True,83328,1611608506000000000
/Users/jordanacle/Downloads/archive/Crema/1054_IWW_DIS_XX.wav,1054,disgust,DIS,1054_IWW_DIS_XX.wav,True,60904,1611608506000000000
/Users/jordanacle/Downloads/archive/Crema/1054_IWW_FEA_XX.wav,1054,fear,FEA,1054_IWW_FEA_XX.wav,True,77988,1611608506000000000
/Users/jordanacle/Downloads/archive/Crema/1054_IWW_HAP_XX.wav,1054,happy,HAP,1054_IWW_HAP_XX.wav,True,56634,1611608506000000000
/Users/jordanacle/Downloads/archive/Crema/1054_MTI_ANG_XX.wav,1054,angry,ANG,1054_MTI_ANG_XX.wav,True,72650,1611608506000000000
/Users/jordanacle/Downloads/archive/Crema/1054_IWW_SAD_XX.wav,1054,sad,SAD,1054_IWW_SAD_XX.wav,True,64108,1611608506000000000
/Users/jordanacle/Downloads/archive/Crema/1054_IWW_NEU_XX.wav,1054,neutral,NEU,1054_IWW_NEU_XX.wav,True,57702,1611608506000000000
/Users/jordanacle/Downloads/archive/Crema/1054_MTI_FEA_XX.wav,1054,fear,FEA,1054_MTI_FEA_XX.wav,True,77988,1611608506000000000
/Users/jordanacle/Downloads/archive/Crema/1054_MTI_NEU_XX.wav,1054,neutral,NEU,1054_MTI_NEU_XX.wav,True,69446,1611608506000000000
/Users/jordanacle/Downloads/archive/Crema/1054_MTI_SAD_XX.wav,1054,sad,SAD,1054_MTI_SAD_XX.wav,True,94004,1611608506000000000
/Users/jordanacle/Downloads/archive/Crema/1054_TAI_ANG_XX.wav,1054,angry,ANG,1054_TAI_ANG_XX.wav,True,59838,1611608506000000000
/Users/jordanacle/Downloads/archive/Crema/1054_TAI_FEA_XX.wav,1054,fear,FEA,1054_TAI_FEA_XX.wav,True,85462,1611608506000000000
/Users/jordanacle/Downloads/archive/Crema/1054_TAI_DIS_XX.wav,1054,disgust,DIS,1054_TAI_DIS_XX.wav,True,73090,1611608506000000000
/Users/jordanacle/Downloads/archive/Crema/1054_TAI_HAP_XX.wav,1054,happy,HAP,1054_TAI_HAP_XX.wav,True,85462,1611608506000000000
/Users/jordanacle/Downloads/archive/Crema/1054_TIE_ANG_XX.wav,1054,angry,ANG,1054_TIE_ANG_XX.wav,True,79056,1611608506000000000
/Users/jordanacle/Downloads/archive/Crema/1054_TAI_SAD_XX.wav,1054,sad,SAD,1054_TAI_SAD_XX.wav,True,85462,1611608506000000000
/Users/jordanacle/Downloads/archive/Crema/1054_TIE_FEA_XX.wav,1054,fear,FEA,1054_TIE_FEA_XX.wav,True,85462,1611608506000000000
/Users/jordanacle/Downloads/archive/Crema/1054_TIE_DIS_XX.wav,1054,disgust,DIS,1054_TIE_DIS_XX.wav,True,118562,1611608506000000000
/Users/jordanacle/Downloads/archive/Crema/1054_TIE_HAP_XX.wav,1054,happy,HAP,1054_TIE_HAP_XX.wav,True,77988,1611608506000000000
/Users/jordanacle/Downloads/archive/Crema/1054_TIE_SAD_XX.wav,1054,sad,SAD,1054_TIE_SAD_XX.wav,True,112156,1611608506000000000
/Users/jordanacle/Downloads/archive/Crema/1054_TSI_FEA_XX.wav,1054,fear,FEA,1054_TSI_FEA_XX.wav,True,67312,1611608506000000000
/Users/jordanacle/Downloads/archive/Crema/1054_TSI_ANG_XX.wav,1054,angry,ANG,1054_TSI_ANG_XX.wav,True,58770,1611608506000000000
/Users/jordanacle/Downloads/archive/Crema/1054_TSI_HAP_XX.wav,1054,happy,HAP,1054_TSI_HAP_XX.wav,True,69446,1611608506000000000
/Users/jordanacle/Downloads/archive/Crema/1054_TSI_NEU_XX.wav,1054,neutral,NEU,1054_TSI_NEU_XX.wav,True,55566,1611608506000000000
/Users/jordanacle/Downloads/archive/Crema/1054_WSI_ANG_XX.wav,1054,angry,ANG,1054_WSI_ANG_XX.wav,True,74786,1611608506000000000
/Users/jordanacle/Downloads/archive/Crema/1054_WSI_DIS_XX.wav,1054,disgust,DIS,1054_WSI_DIS_XX.wav,True,86530,1611608506000000000
/Users/jordanacle/Downloads/archive/Crema/1054_WSI_FEA_XX.wav,1054,fear,FEA,1054_WSI_FEA_XX.wav,True,69446,1611608506000000000
/Users/jordanacle/Downloads/archive/Crema/1054_WSI_SAD_XX.wav,1054,sad,SAD,1054_WSI_SAD_XX.wav,True,66244,1611608506000000000
/Users/jordanacle/Downloads/archive/Crema/1054_WSI_NEU_XX.wav,1054,neutral,NEU,1054_WSI_NEU_XX.wav,True,72650,1611608506000000000
/Users/jordanacle/Downloads/archive/Crema/1055_DFA_ANG_XX.wav,1055,angry,ANG,1055_DFA_ANG_XX.wav,True,73090,1611608506000000000
/Users/jordanacle/Downloads/archive/Crema/1055_DFA_DIS_XX.wav,1055,disgust,DIS,1055_DFA_DIS_XX.wav,True,72650,1611608506000000000
/Users/jordanacle/Downloads/archive/Crema/1055_DFA_HAP_XX.wav,1055,happy,HAP,1055_DFA_HAP_XX.wav,True,50228,1611608506000000000
/Users/jordanacle/Downloads/archive/Crema/1055_DFA_NEU_XX.wav,1055,neutral,NEU,1055_DFA_NEU_XX.wav,True,83328,1611608506000000000
/Users/jordanacle/Downloads/archive/Crema/1055_DFA_FEA_XX.wav,1055,fear,FEA,1055_DFA_FEA_XX.wav,True,66244,1611608506000000000
/Users/jordanacle/Downloads/archive/Crema/1055_DFA_SAD_XX.wav,1055,sad,SAD,1055_DFA_SAD_XX.wav,True,73090,1611608506000000000
/Users/jordanacle/Downloads/archive/Crema/1055_IEO_ANG_HI.wav,1055,angry,ANG,1055_IEO_ANG_HI.wav,True,80124,1611608506000000000
/Users/jordanacle/Downloads/archive/Crema/1055_IEO_ANG_LO.wav,1055,angry,ANG,1055_IEO_ANG_LO.wav,True,64108,1611608506000000000
/Users/jordanacle/Downloads/archive/Crema/1055_IEO_ANG_MD.wav,1055,angry,ANG,1055_IEO_ANG_MD.wav,True,60904,1611608506000000000
/Users/jordanacle/Downloads/archive/Crema/1055_IEO_DIS_HI.wav,1055,disgust,DIS,1055_IEO_DIS_HI.wav,True,98276,1611608506000000000
/Users/jordanacle/Downloads/archive/Crema/1055_IEO_DIS_MD.wav,1055,disgust,DIS,1055_IEO_DIS_MD.wav,True,83328,1611608506000000000
/Users/jordanacle/Downloads/archive/Crema/1055_IEO_FEA_HI.wav,1055,fear,FEA,1055_IEO_FEA_HI.wav,True,61972,1611608506000000000
/Users/jordanacle/Downloads/archive/Crema/1055_IEO_FEA_MD.wav,1055,fear,FEA,1055_IEO_FEA_MD.wav,True,60904,1611608506000000000
/Users/jordanacle/Downloads/archive/Crema/1055_IEO_HAP_HI.wav,1055,happy,HAP,1055_IEO_HAP_HI.wav,True,56634,1611608506000000000
/Users/jordanacle/Downloads/archive/Crema/1055_IEO_HAP_LO.wav,1055,happy,HAP,1055_IEO_HAP_LO.wav,True,50228,1611608506000000000
/Users/jordanacle/Downloads/archive/Crema/1055_IEO_SAD_HI.wav,1055,sad,SAD,1055_IEO_SAD_HI.wav,True,61972,1611608506000000000
/Users/jordanacle/Downloads/archive/Crema/1055_IEO_NEU_XX.wav,1055,neutral,NEU,1055_IEO_NEU_XX.wav,True,64108,1611608506000000000
/Users/jordanacle/Downloads/archive/Crema/1055_IEO_SAD_MD.wav,1055,sad,SAD,1055_IEO_SAD_MD.wav,True,57702,1611608506000000000
/Users/jordanacle/Downloads/archive/Crema/1055_IOM_ANG_XX.wav,1055,angry,ANG,1055_IOM_ANG_XX.wav,True,89734,1611608506000000000
/Users/jordanacle/Downloads/archive/Crema/1055_IOM_HAP_XX.wav,1055,happy,HAP,1055_IOM_HAP_XX.wav,True,63040,1611608506000000000
/Users/jordanacle/Downloads/archive/Crema/1055_IOM_NEU_XX.wav,1055,neutral,NEU,1055_IOM_NEU_XX.wav,True,69446,1611608506000000000
/Users/jordanacle/Downloads/archive/Crema/1055_ITH_ANG_XX.wav,1055,angry,ANG,1055_ITH_ANG_XX.wav,True,100410,1611608506000000000
/Users/jordanacle/Downloads/archive/Crema/1055_ITH_FEA_XX.wav,1055,fear,FEA,1055_ITH_FEA_XX.wav,True,79056,1611608506000000000
/Users/jordanacle/Downloads/archive/Crema/1055_ITH_DIS_XX.wav,1055,disgust,DIS,1055_ITH_DIS_XX.wav,True,94004,1611608506000000000
/Users/jordanacle/Downloads/archive/Crema/1055_ITH_HAP_XX.wav,1055,happy,HAP,1055_ITH_HAP_XX.wav,True,82260,1611608506000000000
/Users/jordanacle/Downloads/archive/Crema/1055_ITH_SAD_XX.wav,1055,sad,SAD,1055_ITH_SAD_XX.wav,True,98276,1611608506000000000
/Users/jordanacle/Downloads/archive/Crema/1055_ITS_ANG_XX.wav,1055,angry,ANG,1055_ITS_ANG_XX.wav,True,99344,1611608506000000000
/Users/jordanacle/Downloads/archive/Crema/1055_ITS_DIS_XX.wav,1055,disgust,DIS,1055_ITS_DIS_XX.wav,True,94004,1611608506000000000
/Users/jordanacle/Downloads/archive/Crema/1055_ITS_FEA_XX.wav,1055,fear,FEA,1055_ITS_FEA_XX.wav,True,75854,1611608506000000000
/Users/jordanacle/Downloads/archive/Crema/1055_ITS_HAP_XX.wav,1055,happy,HAP,1055_ITS_HAP_XX.wav,True,84394,1611608506000000000
/Users/jordanacle/Downloads/archive/Crema/1055_ITS_NEU_XX.wav,1055,neutral,NEU,1055_ITS_NEU_XX.wav,True,85462,1611608506000000000
/Users/jordanacle/Downloads/archive/Crema/1055_ITS_SAD_XX.wav,1055,sad,SAD,1055_ITS_SAD_XX.wav,True,87598,1611608506000000000
/Users/jordanacle/Downloads/archive/Crema/1055_IWL_DIS_XX.wav,1055,disgust,DIS,1055_IWL_DIS_XX.wav,True,111088,1611608506000000000
/Users/jordanacle/Downloads/archive/Crema/1055_IWL_FEA_XX.wav,1055,fear,FEA,1055_IWL_FEA_XX.wav,True,72650,1611608506000000000
/Users/jordanacle/Downloads/archive/Crema/1055_IWL_HAP_XX.wav,1055,happy,HAP,1055_IWL_HAP_XX.wav,True,73090,1611608506000000000
/Users/jordanacle/Downloads/archive/Crema/1055_IWW_DIS_XX.wav,1055,disgust,DIS,1055_IWW_DIS_XX.wav,True,83328,1611608506000000000
/Users/jordanacle/Downloads/archive/Crema/1055_IWL_NEU_XX.wav,1055,neutral,NEU,1055_IWL_NEU_XX.wav,True,105750,1611608506000000000
/Users/jordanacle/Downloads/archive/Crema/1055_IWL_SAD_XX.wav,1055,sad,SAD,1055_IWL_SAD_XX.wav,True,94004,1611608506000000000
/Users/jordanacle/Downloads/archive/Crema/1055_IWW_FEA_XX.wav,1055,fear,FEA,1055_IWW_FEA_XX.wav,True,68378,1611608506000000000
/Users/jordanacle/Downloads/archive/Crema/1055_IWW_HAP_XX.wav,1055,happy,HAP,1055_IWW_HAP_XX.wav,True,58770,1611608506000000000
/Users/jordanacle/Downloads/archive/Crema/1055_IWW_NEU_XX.wav,1055,neutral,NEU,1055_IWW_NEU_XX.wav,True,61972,1611608506000000000
/Users/jordanacle/Downloads/archive/Crema/1055_IWW_SAD_XX.wav,1055,sad,SAD,1055_IWW_SAD_XX.wav,True,79056,1611608506000000000
/Users/jordanacle/Downloads/archive/Crema/1055_MTI_ANG_XX.wav,1055,angry,ANG,1055_MTI_ANG_XX.wav,True,83328,1611608506000000000
/Users/jordanacle/Downloads/archive/Crema/1055_MTI_DIS_XX.wav,1055,disgust,DIS,1055_MTI_DIS_XX.wav,True,86530,1611608506000000000
/Users/jordanacle/Downloads/archive/Crema/1055_MTI_FEA_XX.wav,1055,fear,FEA,1055_MTI_FEA_XX.wav,True,97208,1611608506000000000
/Users/jordanacle/Downloads/archive/Crema/1055_MTI_HAP_XX.wav,1055,happy,HAP,1055_MTI_HAP_XX.wav,True,89734,1611608506000000000
/Users/jordanacle/Downloads/archive/Crema/1055_MTI_NEU_XX.wav,1055,neutral,NEU,1055_MTI_NEU_XX.wav,True,80124,1611608506000000000
/Users/jordanacle/Downloads/archive/Crema/1055_MTI_SAD_XX.wav,1055,sad,SAD,1055_MTI_SAD_XX.wav,True,90802,1611608506000000000
/Users/jordanacle/Downloads/archive/Crema/1055_TAI_ANG_XX.wav,1055,angry,ANG,1055_TAI_ANG_XX.wav,True,83328,1611608506000000000
/Users/jordanacle/Downloads/archive/Crema/1055_TAI_FEA_XX.wav,1055,fear,FEA,1055_TAI_FEA_XX.wav,True,74786,1611608506000000000
/Users/jordanacle/Downloads/archive/Crema/1055_TAI_DIS_XX.wav,1055,disgust,DIS,1055_TAI_DIS_XX.wav,True,103614,1611608506000000000
/Users/jordanacle/Downloads/archive/Crema/1055_TAI_HAP_XX.wav,1055,happy,HAP,1055_TAI_HAP_XX.wav,True,81192,1611608506000000000
/Users/jordanacle/Downloads/archive/Crema/1055_TAI_NEU_XX.wav,1055,neutral,NEU,1055_TAI_NEU_XX.wav,True,72650,1611608506000000000
/Users/jordanacle/Downloads/archive/Crema/1055_TAI_SAD_XX.wav,1055,sad,SAD,1055_TAI_SAD_XX.wav,True,84394,1611608506000000000
/Users/jordanacle/Downloads/archive/Crema/1055_TIE_DIS_XX.wav,1055,disgust,DIS,1055_TIE_DIS_XX.wav,True,99344,1611608506000000000
/Users/jordanacle/Downloads/archive/Crema/1055_TIE_ANG_XX.wav,1055,angry,ANG,1055_TIE_ANG_XX.wav,True,96140,1611608506000000000
/Users/jordanacle/Downloads/archive/Crema/1055_TIE_HAP_XX.wav,1055,happy,HAP,1055_TIE_HAP_XX.wav,True,75852,1611608506000000000
/Users/jordanacle/Downloads/archive/Crema/1055_TIE_FEA_XX.wav,1055,fear,FEA,1055_TIE_FEA_XX.wav,True,61972,1611608506000000000
/Users/jordanacle/Downloads/archive/Crema/1055_TIE_SAD_XX.wav,1055,sad,SAD,1055_TIE_SAD_XX.wav,True,86530,1611608506000000000
/Users/jordanacle/Downloads/archive/Crema/1055_TSI_ANG_XX.wav,1055,angry,ANG,1055_TSI_ANG_XX.wav,True,70514,1611608506000000000
/Users/jordanacle/Downloads/archive/Crema/1055_TSI_HAP_XX.wav,1055,happy,HAP,1055_TSI_HAP_XX.wav,True,70514,1611608506000000000
/Users/jordanacle/Downloads/archive/Crema/1055_TSI_NEU_XX.wav,1055,neutral,NEU,1055_TSI_NEU_XX.wav,True,59838,1611608506000000000
/Users/jordanacle/Downloads/archive/Crema/1055_WSI_ANG_XX.wav,1055,angry,ANG,1055_WSI_ANG_XX.wav,True,75854,1611608506000000000
/Users/jordanacle/Downloads/archive/Crema/1055_WSI_DIS_XX.wav,1055,disgust,DIS,1055_WSI_DIS_XX.wav,True,101478,1611608506000000000
/Users/jordanacle/Downloads/archive/Crema/1055_WSI_FEA_XX.wav,1055,fear,FEA,1055_WSI_FEA_XX.wav,True,68378,1611608506000000000
/Users/jordanacle/Downloads/archive/Crema/1055_WSI_NEU_XX.wav,1055,neutral,NEU,1055_WSI_NEU_XX.wav,True,86530,1611608506000000000
/Users/jordanacle/Downloads/archive/Crema/1055_WSI_HAP_XX.wav,1055,happy,HAP,1055_WSI_HAP_XX.wav,True,73718,1611608506000000000
/Users/jordanacle/Downloads/archive/Crema/1055_WSI_SAD_XX.wav,1055,sad,SAD,1055_WSI_SAD_XX.wav,True,84394,1611608506000000000
/Users/jordanacle/Downloads/archive/Crema/1056_DFA_ANG_XX.wav,1056,angry,ANG,1056_DFA_ANG_XX.wav,True,65176,1611608506000000000
/Users/jordanacle/Downloads/archive/Crema/1056_DFA_DIS_XX.wav,1056,disgust,DIS,1056_DFA_DIS_XX.wav,True,64108,1611608506000000000
/Users/jordanacle/Downloads/archive/Crema/1056_DFA_FEA_XX.wav,1056,fear,FEA,1056_DFA_FEA_XX.wav,True,72862,1611608506000000000
/Users/jordanacle/Downloads/archive/Crema/1056_DFA_HAP_XX.wav,1056,happy,HAP,1056_DFA_HAP_XX.wav,True,65176,1611608506000000000
/Users/jordanacle/Downloads/archive/Crema/1056_DFA_SAD_XX.wav,1056,sad,SAD,1056_DFA_SAD_XX.wav,True,60904,1611608506000000000
/Users/jordanacle/Downloads/archive/Crema/1056_IEO_ANG_HI.wav,1056,angry,ANG,1056_IEO_ANG_HI.wav,True,84394,1611608506000000000
/Users/jordanacle/Downloads/archive/Crema/1056_IEO_ANG_MD.wav,1056,angry,ANG,1056_IEO_ANG_MD.wav,True,110020,1611608506000000000
/Users/jordanacle/Downloads/archive/Crema/1056_IEO_DIS_HI.wav,1056,disgust,DIS,1056_IEO_DIS_HI.wav,True,120698,1611608506000000000
/Users/jordanacle/Downloads/archive/Crema/1056_IEO_DIS_MD.wav,1056,disgust,DIS,1056_IEO_DIS_MD.wav,True,87598,1611608506000000000
/Users/jordanacle/Downloads/archive/Crema/1056_IEO_DIS_LO.wav,1056,disgust,DIS,1056_IEO_DIS_LO.wav,True,83328,1611608506000000000
/Users/jordanacle/Downloads/archive/Crema/1056_IEO_FEA_HI.wav,1056,fear,FEA,1056_IEO_FEA_HI.wav,True,76920,1611608506000000000
/Users/jordanacle/Downloads/archive/Crema/1056_IEO_FEA_LO.wav,1056,fear,FEA,1056_IEO_FEA_LO.wav,True,69446,1611608506000000000
/Users/jordanacle/Downloads/archive/Crema/1056_IEO_FEA_MD.wav,1056,fear,FEA,1056_IEO_FEA_MD.wav,True,77988,1611608506000000000
/Users/jordanacle/Downloads/archive/Crema/1056_IEO_HAP_MD.wav,1056,happy,HAP,1056_IEO_HAP_MD.wav,True,64108,1611608506000000000
/Users/jordanacle/Downloads/archive/Crema/1056_IEO_HAP_LO.wav,1056,happy,HAP,1056_IEO_HAP_LO.wav,True,51296,1611608506000000000
/Users/jordanacle/Downloads/archive/Crema/1056_IEO_NEU_XX.wav,1056,neutral,NEU,1056_IEO_NEU_XX.wav,True,57702,1611608506000000000
/Users/jordanacle/Downloads/archive/Crema/1056_IEO_SAD_HI.wav,1056,sad,SAD,1056_IEO_SAD_HI.wav,True,73718,1611608506000000000
/Users/jordanacle/Downloads/archive/Crema/1056_IEO_SAD_MD.wav,1056,sad,SAD,1056_IEO_SAD_MD.wav,True,72862,1611608506000000000
/Users/jordanacle/Downloads/archive/Crema/1056_IEO_SAD_LO.wav,1056,sad,SAD,1056_IEO_SAD_LO.wav,True,67312,1611608506000000000
/Users/jordanacle/Downloads/archive/Crema/1056_IOM_DIS_XX.wav,1056,disgust,DIS,1056_IOM_DIS_XX.wav,True,66244,1611608506000000000
/Users/jordanacle/Downloads/archive/Crema/1056_IOM_FEA_XX.wav,1056,fear,FEA,1056_IOM_FEA_XX.wav,True,69446,1611608506000000000
/Users/jordanacle/Downloads/archive/Crema/1056_IOM_HAP_XX.wav,1056,happy,HAP,1056_IOM_HAP_XX.wav,True,58770,1611608506000000000
/Users/jordanacle/Downloads/archive/Crema/1056_IOM_NEU_XX.wav,1056,neutral,NEU,1056_IOM_NEU_XX.wav,True,55566,1611608506000000000
/Users/jordanacle/Downloads/archive/Crema/1056_ITH_ANG_XX.wav,1056,angry,ANG,1056_ITH_ANG_XX.wav,True,75852,1611608506000000000
/Users/jordanacle/Downloads/archive/Crema/1056_IOM_SAD_XX.wav,1056,sad,SAD,1056_IOM_SAD_XX.wav,True,63040,1611608506000000000
/Users/jordanacle/Downloads/archive/Crema/1056_ITH_DIS_XX.wav,1056,disgust,DIS,1056_ITH_DIS_XX.wav,True,61972,1611608506000000000
/Users/jordanacle/Downloads/archive/Crema/1056_ITH_FEA_XX.wav,1056,fear,FEA,1056_ITH_FEA_XX.wav,True,88666,1611608506000000000
/Users/jordanacle/Downloads/archive/Crema/1056_ITH_NEU_XX.wav,1056,neutral,NEU,1056_ITH_NEU_XX.wav,True,63040,1611608506000000000
/Users/jordanacle/Downloads/archive/Crema/1056_ITH_SAD_XX.wav,1056,sad,SAD,1056_ITH_SAD_XX.wav,True,59836,1611608506000000000
/Users/jordanacle/Downloads/archive/Crema/1056_ITS_ANG_XX.wav,1056,angry,ANG,1056_ITS_ANG_XX.wav,True,92936,1611608506000000000
/Users/jordanacle/Downloads/archive/Crema/1056_ITS_DIS_XX.wav,1056,disgust,DIS,1056_ITS_DIS_XX.wav,True,72862,1611608506000000000
/Users/jordanacle/Downloads/archive/Crema/1056_ITS_FEA_XX.wav,1056,fear,FEA,1056_ITS_FEA_XX.wav,True,86530,1611608506000000000
/Users/jordanacle/Downloads/archive/Crema/1056_ITS_NEU_XX.wav,1056,neutral,NEU,1056_ITS_NEU_XX.wav,True,67312,1611608506000000000
/Users/jordanacle/Downloads/archive/Crema/1056_ITS_SAD_XX.wav,1056,sad,SAD,1056_ITS_SAD_XX.wav,True,68378,1611608506000000000
/Users/jordanacle/Downloads/archive/Crema/1056_IWL_HAP_XX.wav,1056,happy,HAP,1056_IWL_HAP_XX.wav,True,74786,1611608506000000000
/Users/jordanacle/Downloads/archive/Crema/1056_IWL_ANG_XX.wav,1056,angry,ANG,1056_IWL_ANG_XX.wav,True,81192,1611608506000000000
/Users/jordanacle/Downloads/archive/Crema/1056_IWL_NEU_XX.wav,1056,neutral,NEU,1056_IWL_NEU_XX.wav,True,66244,1611608506000000000
/Users/jordanacle/Downloads/archive/Crema/1056_IWW_ANG_XX.wav,1056,angry,ANG,1056_IWW_ANG_XX.wav,True,66244,1611608506000000000
/Users/jordanacle/Downloads/archive/Crema/1056_IWW_DIS_XX.wav,1056,disgust,DIS,1056_IWW_DIS_XX.wav,True,79056,1611608506000000000
/Users/jordanacle/Downloads/archive/Crema/1056_IWW_HAP_XX.wav,1056,happy,HAP,1056_IWW_HAP_XX.wav,True,52362,1611608506000000000
/Users/jordanacle/Downloads/archive/Crema/1056_IWW_FEA_XX.wav,1056,fear,FEA,1056_IWW_FEA_XX.wav,True,64108,1611608506000000000
/Users/jordanacle/Downloads/archive/Crema/1056_IWW_NEU_XX.wav,1056,neutral,NEU,1056_IWW_NEU_XX.wav,True,56634,1611608506000000000
/Users/jordanacle/Downloads/archive/Crema/1056_MTI_ANG_XX.wav,1056,angry,ANG,1056_MTI_ANG_XX.wav,True,84394,1611608506000000000
/Users/jordanacle/Downloads/archive/Crema/1056_MTI_DIS_XX.wav,1056,disgust,DIS,1056_MTI_DIS_XX.wav,True,79056,1611608506000000000
/Users/jordanacle/Downloads/archive/Crema/1056_MTI_HAP_XX.wav,1056,happy,HAP,1056_MTI_HAP_XX.wav,True,84394,1611608506000000000
/Users/jordanacle/Downloads/archive/Crema/1056_MTI_FEA_XX.wav,1056,fear,FEA,1056_MTI_FEA_XX.wav,True,72862,1611608506000000000
/Users/jordanacle/Downloads/archive/Crema/1056_MTI_SAD_XX.wav,1056,sad,SAD,1056_MTI_SAD_XX.wav,True,74786,1611608506000000000
/Users/jordanacle/Downloads/archive/Crema/1056_TAI_DIS_XX.wav,1056,disgust,DIS,1056_TAI_DIS_XX.wav,True,79056,1611608506000000000
/Users/jordanacle/Downloads/archive/Crema/1056_TAI_ANG_XX.wav,1056,angry,ANG,1056_TAI_ANG_XX.wav,True,69446,1611608506000000000
/Users/jordanacle/Downloads/archive/Crema/1056_TAI_FEA_XX.wav,1056,fear,FEA,1056_TAI_FEA_XX.wav,True,58770,1611608506000000000
/Users/jordanacle/Downloads/archive/Crema/1056_TAI_NEU_XX.wav,1056,neutral,NEU,1056_TAI_NEU_XX.wav,True,47024,1611608506000000000
/Users/jordanacle/Downloads/archive/Crema/1056_TAI_SAD_XX.wav,1056,sad,SAD,1056_TAI_SAD_XX.wav,True,63040,1611608506000000000
/Users/jordanacle/Downloads/archive/Crema/1056_TIE_DIS_XX.wav,1056,disgust,DIS,1056_TIE_DIS_XX.wav,True,105750,1611608506000000000
/Users/jordanacle/Downloads/archive/Crema/1056_TIE_ANG_XX.wav,1056,angry,ANG,1056_TIE_ANG_XX.wav,True,105750,1611608506000000000
/Users/jordanacle/Downloads/archive/Crema/1056_TIE_HAP_XX.wav,1056,happy,HAP,1056_TIE_HAP_XX.wav,True,81192,1611608506000000000
/Users/jordanacle/Downloads/archive/Crema/1056_TIE_FEA_XX.wav,1056,fear,FEA,1056_TIE_FEA_XX.wav,True,101478,1611608506000000000
/Users/jordanacle/Downloads/archive/Crema/1056_TIE_NEU_XX.wav,1056,neutral,NEU,1056_TIE_NEU_XX.wav,True,83328,1611608506000000000
/Users/jordanacle/Downloads/archive/Crema/1056_TIE_SAD_XX.wav,1056,sad,SAD,1056_TIE_SAD_XX.wav,True,90802,1611608506000000000
/Users/jordanacle/Downloads/archive/Crema/1056_TSI_DIS_XX.wav,1056,disgust,DIS,1056_TSI_DIS_XX.wav,True,75852,1611608506000000000
/Users/jordanacle/Downloads/archive/Crema/1056_TSI_FEA_XX.wav,1056,fear,FEA,1056_TSI_FEA_XX.wav,True,59836,1611608506000000000
/Users/jordanacle/Downloads/archive/Crema/1056_TSI_NEU_XX.wav,1056,neutral,NEU,1056_TSI_NEU_XX.wav,True,55566,1611608506000000000
/Users/jordanacle/Downloads/archive/Crema/1056_TSI_HAP_XX.wav,1056,happy,HAP,1056_TSI_HAP_XX.wav,True,56634,1611608506000000000
/Users/jordanacle/Downloads/archive/Crema/1056_TSI_SAD_XX.wav,1056,sad,SAD,1056_TSI_SAD_XX.wav,True,55566,1611608506000000000
/Users/jordanacle/Downloads/archive/Crema/1056_WSI_DIS_XX.wav,1056,disgust,DIS,1056_WSI_DIS_XX.wav,True,79056,1611608506000000000
/Users/jordanacle/Downloads/archive/Crema/1056_WSI_ANG_XX.wav,1056,angry,ANG,1056_WSI_ANG_XX.wav,True,79056,1611608506000000000
/Users/jordanacle/Downloads/archive/Crema/1056_WSI_FEA_XX.wav,1056,fear,FEA,1056_WSI_FEA_XX.wav,True,76920,1611608506000000000
/Users/jordanacle/Downloads/archive/Crema/1056_WSI_HAP_XX.wav,1056,happy,HAP,1056_WSI_HAP_XX.wav,True,72862,1611608506000000000
/Users/jordanacle/Downloads/archive/Crema/1056_WSI_SAD_XX.wav,1056,sad,SAD,1056_WSI_SAD_XX.wav,True,79056,1611608506000000000
/Users/jordanacle/Downloads/archive/Crema/1057_DFA_ANG_XX.wav,1057,angry,ANG,1057_DFA_ANG_XX.wav,True,81192,1611608506000000000
/Users/jordanacle/Downloads/archive/Crema/1057_DFA_DIS_XX.wav,1057,disgust,DIS,1057_DFA_DIS_XX.wav,True,80124,1611608506000000000
/Users/jordanacle/Downloads/archive/Crema/1057_DFA_FEA_XX.wav,1057,fear,FEA,1057_DFA_FEA_XX.wav,True,60904,1611608506000000000
/Users/jordanacle/Downloads/archive/Crema/1057_DFA_SAD_XX.wav,1057,sad,SAD,1057_DFA_SAD_XX.wav,True,68378,1611608506000000000
/Users/jordanacle/Downloads/archive/Crema/1057_DFA_HAP_XX.wav,1057,happy,HAP,1057_DFA_HAP_XX.wav,True,64108,1611608506000000000
/Users/jordanacle/Downloads/archive/Crema/1057_IEO_ANG_HI.wav,1057,angry,ANG,1057_IEO_ANG_HI.wav,True,71582,1611608506000000000
/Users/jordanacle/Downloads/archive/Crema/1057_IEO_DIS_HI.wav,1057,disgust,DIS,1057_IEO_DIS_HI.wav,True,74786,1611608506000000000
/Users/jordanacle/Downloads/archive/Crema/1057_IEO_ANG_MD.wav,1057,angry,ANG,1057_IEO_ANG_MD.wav,True,72862,1611608506000000000
/Users/jordanacle/Downloads/archive/Crema/1057_IEO_ANG_LO.wav,1057,angry,ANG,1057_IEO_ANG_LO.wav,True,50228,1611608506000000000
/Users/jordanacle/Downloads/archive/Crema/1057_IEO_DIS_LO.wav,1057,disgust,DIS,1057_IEO_DIS_LO.wav,True,66244,1611608506000000000
/Users/jordanacle/Downloads/archive/Crema/1057_IEO_DIS_MD.wav,1057,disgust,DIS,1057_IEO_DIS_MD.wav,True,68378,1611608506000000000
/Users/jordanacle/Downloads/archive/Crema/1057_IEO_FEA_HI.wav,1057,fear,FEA,1057_IEO_FEA_HI.wav,True,88666,1611608506000000000
/Users/jordanacle/Downloads/archive/Crema/1057_IEO_FEA_LO.wav,1057,fear,FEA,1057_IEO_FEA_LO.wav,True,68378,1611608506000000000
/Users/jordanacle/Downloads/archive/Crema/1057_IEO_FEA_MD.wav,1057,fear,FEA,1057_IEO_FEA_MD.wav,True,86530,1611608506000000000
/Users/jordanacle/Downloads/archive/Crema/1057_IEO_HAP_HI.wav,1057,happy,HAP,1057_IEO_HAP_HI.wav,True,59836,1611608506000000000
/Users/jordanacle/Downloads/archive/Crema/1057_IEO_HAP_LO.wav,1057,happy,HAP,1057_IEO_HAP_LO.wav,True,57702,1611608506000000000
/Users/jordanacle/Downloads/archive/Crema/1057_IEO_SAD_HI.wav,1057,sad,SAD,1057_IEO_SAD_HI.wav,True,104682,1611608506000000000
/Users/jordanacle/Downloads/archive/Crema/1057_IEO_HAP_MD.wav,1057,happy,HAP,1057_IEO_HAP_MD.wav,True,72862,1611608506000000000
/Users/jordanacle/Downloads/archive/Crema/1057_IEO_NEU_XX.wav,1057,neutral,NEU,1057_IEO_NEU_XX.wav,True,58770,1611608506000000000
/Users/jordanacle/Downloads/archive/Crema/1057_IEO_SAD_LO.wav,1057,sad,SAD,1057_IEO_SAD_LO.wav,True,65176,1611608508000000000
/Users/jordanacle/Downloads/archive/Crema/1057_IEO_SAD_MD.wav,1057,sad,SAD,1057_IEO_SAD_MD.wav,True,72650,1611608508000000000
/Users/jordanacle/Downloads/archive/Crema/1057_IOM_DIS_XX.wav,1057,disgust,DIS,1057_IOM_DIS_XX.wav,True,70514,1611608508000000000
/Users/jordanacle/Downloads/archive/Crema/1057_IOM_FEA_XX.wav,1057,fear,FEA,1057_IOM_FEA_XX.wav,True,67312,1611608508000000000
/Users/jordanacle/Downloads/archive/Crema/1057_IOM_HAP_XX.wav,1057,happy,HAP,1057_IOM_HAP_XX.wav,True,55566,1611608508000000000
/Users/jordanacle/Downloads/archive/Crema/1057_IOM_NEU_XX.wav,1057,neutral,NEU,1057_IOM_NEU_XX.wav,True,59838,1611608508000000000
/Users/jordanacle/Downloads/archive/Crema/1057_IOM_SAD_XX.wav,1057,sad,SAD,1057_IOM_SAD_XX.wav,True,57702,1611608508000000000
/Users/jordanacle/Downloads/archive/Crema/1057_ITH_FEA_XX.wav,1057,fear,FEA,1057_ITH_FEA_XX.wav,True,80124,1611608508000000000
/Users/jordanacle/Downloads/archive/Crema/1057_ITH_DIS_XX.wav,1057,disgust,DIS,1057_ITH_DIS_XX.wav,True,94004,1611608508000000000
/Users/jordanacle/Downloads/archive/Crema/1057_ITH_ANG_XX.wav,1057,angry,ANG,1057_ITH_ANG_XX.wav,True,82260,1611608508000000000
/Users/jordanacle/Downloads/archive/Crema/1057_ITH_NEU_XX.wav,1057,neutral,NEU,1057_ITH_NEU_XX.wav,True,79056,1611608508000000000
/Users/jordanacle/Downloads/archive/Crema/1057_ITS_DIS_XX.wav,1057,disgust,DIS,1057_ITS_DIS_XX.wav,True,82260,1611608508000000000
/Users/jordanacle/Downloads/archive/Crema/1057_ITH_SAD_XX.wav,1057,sad,SAD,1057_ITH_SAD_XX.wav,True,70514,1611608508000000000
/Users/jordanacle/Downloads/archive/Crema/1057_ITS_ANG_XX.wav,1057,angry,ANG,1057_ITS_ANG_XX.wav,True,79056,1611608508000000000
/Users/jordanacle/Downloads/archive/Crema/1057_ITS_FEA_XX.wav,1057,fear,FEA,1057_ITS_FEA_XX.wav,True,80124,1611608508000000000
/Users/jordanacle/Downloads/archive/Crema/1057_ITS_NEU_XX.wav,1057,neutral,NEU,1057_ITS_NEU_XX.wav,True,65176,1611608508000000000
/Users/jordanacle/Downloads/archive/Crema/1057_ITS_SAD_XX.wav,1057,sad,SAD,1057_ITS_SAD_XX.wav,True,76920,1611608508000000000
/Users/jordanacle/Downloads/archive/Crema/1057_ITS_HAP_XX.wav,1057,happy,HAP,1057_ITS_HAP_XX.wav,True,59838,1611608508000000000
/Users/jordanacle/Downloads/archive/Crema/1057_IWL_ANG_XX.wav,1057,angry,ANG,1057_IWL_ANG_XX.wav,True,104682,1611608508000000000
/Users/jordanacle/Downloads/archive/Crema/1057_IWL_DIS_XX.wav,1057,disgust,DIS,1057_IWL_DIS_XX.wav,True,80124,1611608508000000000
/Users/jordanacle/Downloads/archive/Crema/1057_IWL_FEA_XX.wav,1057,fear,FEA,1057_IWL_FEA_XX.wav,True,73090,1611608508000000000
/Users/jordanacle/Downloads/archive/Crema/1057_IWL_HAP_XX.wav,1057,happy,HAP,1057_IWL_HAP_XX.wav,True,82260,1611608508000000000
/Users/jordanacle/Downloads/archive/Crema/1057_IWW_ANG_XX.wav,1057,angry,ANG,1057_IWW_ANG_XX.wav,True,79056,1611608508000000000
/Users/jordanacle/Downloads/archive/Crema/1057_IWL_NEU_XX.wav,1057,neutral,NEU,1057_IWL_NEU_XX.wav,True,98276,1611608508000000000
/Users/jordanacle/Downloads/archive/Crema/1057_IWW_HAP_XX.wav,1057,happy,HAP,1057_IWW_HAP_XX.wav,True,77988,1611608508000000000
/Users/jordanacle/Downloads/archive/Crema/1057_IWW_NEU_XX.wav,1057,neutral,NEU,1057_IWW_NEU_XX.wav,True,73090,1611608508000000000
/Users/jordanacle/Downloads/archive/Crema/1057_MTI_ANG_XX.wav,1057,angry,ANG,1057_MTI_ANG_XX.wav,True,101478,1611608508000000000
/Users/jordanacle/Downloads/archive/Crema/1057_MTI_DIS_XX.wav,1057,disgust,DIS,1057_MTI_DIS_XX.wav,True,84394,1611608508000000000
/Users/jordanacle/Downloads/archive/Crema/1057_MTI_FEA_XX.wav,1057,fear,FEA,1057_MTI_FEA_XX.wav,True,94004,1611608508000000000
/Users/jordanacle/Downloads/archive/Crema/1057_MTI_HAP_XX.wav,1057,happy,HAP,1057_MTI_HAP_XX.wav,True,91870,1611608508000000000
/Users/jordanacle/Downloads/archive/Crema/1057_MTI_SAD_XX.wav,1057,sad,SAD,1057_MTI_SAD_XX.wav,True,91870,1611608508000000000
/Users/jordanacle/Downloads/archive/Crema/1057_TAI_FEA_XX.wav,1057,fear,FEA,1057_TAI_FEA_XX.wav,True,84394,1611608508000000000
/Users/jordanacle/Downloads/archive/Crema/1057_TAI_DIS_XX.wav,1057,disgust,DIS,1057_TAI_DIS_XX.wav,True,81192,1611608508000000000
/Users/jordanacle/Downloads/archive/Crema/1057_TAI_NEU_XX.wav,1057,neutral,NEU,1057_TAI_NEU_XX.wav,True,74786,1611608508000000000
/Users/jordanacle/Downloads/archive/Crema/1057_TAI_ANG_XX.wav,1057,angry,ANG,1057_TAI_ANG_XX.wav,True,86530,1611608508000000000
/Users/jordanacle/Downloads/archive/Crema/1057_TAI_SAD_XX.wav,1057,sad,SAD,1057_TAI_SAD_XX.wav,True,94004,1611608508000000000
/Users/jordanacle/Downloads/archive/Crema/1057_TIE_ANG_XX.wav,1057,angry,ANG,1057_TIE_ANG_XX.wav,True,96140,1611608508000000000
/Users/jordanacle/Downloads/archive/Crema/1057_TIE_DIS_XX.wav,1057,disgust,DIS,1057_TIE_DIS_XX.wav,True,88666,1611608508000000000
/Users/jordanacle/Downloads/archive/Crema/1057_TIE_FEA_XX.wav,1057,fear,FEA,1057_TIE_FEA_XX.wav,True,84394,1611608508000000000
/Users/jordanacle/Downloads/archive/Crema/1057_TIE_NEU_XX.wav,1057,neutral,NEU,1057_TIE_NEU_XX.wav,True,80124,1611608508000000000
/Users/jordanacle/Downloads/archive/Crema/1057_TIE_SAD_XX.wav,1057,sad,SAD,1057_TIE_SAD_XX.wav,True,107884,1611608508000000000
/Users/jordanacle/Downloads/archive/Crema/1057_TSI_DIS_XX.wav,1057,disgust,DIS,1057_TSI_DIS_XX.wav,True,81192,1611608508000000000
/Users/jordanacle/Downloads/archive/Crema/1057_TSI_FEA_XX.wav,1057,fear,FEA,1057_TSI_FEA_XX.wav,True,84394,1611608508000000000
/Users/jordanacle/Downloads/archive/Crema/1057_TSI_HAP_XX.wav,1057,happy,HAP,1057_TSI_HAP_XX.wav,True,67312,1611608508000000000
/Users/jordanacle/Downloads/archive/Crema/1057_TSI_NEU_XX.wav,1057,neutral,NEU,1057_TSI_NEU_XX.wav,True,66244,1611608508000000000
/Users/jordanacle/Downloads/archive/Crema/1057_TSI_ANG_XX.wav,1057,angry,ANG,1057_TSI_ANG_XX.wav,True,68378,1611608508000000000
/Users/jordanacle/Downloads/archive/Crema/1057_TSI_SAD_XX.wav,1057,sad,SAD,1057_TSI_SAD_XX.wav,True,77988,1611608508000000000
/Users/jordanacle/Downloads/archive/Crema/1057_WSI_ANG_XX.wav,1057,angry,ANG,1057_WSI_ANG_XX.wav,True,92936,1611608508000000000
/Users/jordanacle/Downloads/archive/Crema/1057_WSI_DIS_XX.wav,1057,disgust,DIS,1057_WSI_DIS_XX.wav,True,86530,1611608508000000000
/Users/jordanacle/Downloads/archive/Crema/1057_WSI_FEA_XX.wav,1057,fear,FEA,1057_WSI_FEA_XX.wav,True,80124,1611608508000000000
/Users/jordanacle/Downloads/archive/Crema/1057_WSI_HAP_XX.wav,1057,happy,HAP,1057_WSI_HAP_XX.wav,True,70514,1611608508000000000
/Users/jordanacle/Downloads/archive/Crema/1058_DFA_ANG_XX.wav,1058,angry,ANG,1058_DFA_ANG_XX.wav,True,79056,1611608508000000000
/Users/jordanacle/Downloads/archive/Crema/1057_WSI_SAD_XX.wav,1057,sad,SAD,1057_WSI_SAD_XX.wav,True,79056,1611608508000000000
/Users/jordanacle/Downloads/archive/Crema/1058_DFA_DIS_XX.wav,1058,disgust,DIS,1058_DFA_DIS_XX.wav,True,89734,1611608508000000000
/Users/jordanacle/Downloads/archive/Crema/1058_DFA_FEA_XX.wav,1058,fear,FEA,1058_DFA_FEA_XX.wav,True,65176,1611608508000000000
/Users/jordanacle/Downloads/archive/Crema/1058_DFA_HAP_XX.wav,1058,happy,HAP,1058_DFA_HAP_XX.wav,True,75852,1611608508000000000
/Users/jordanacle/Downloads/archive/Crema/1058_DFA_SAD_XX.wav,1058,sad,SAD,1058_DFA_SAD_XX.wav,True,91868,1611608508000000000
/Users/jordanacle/Downloads/archive/Crema/1058_IEO_ANG_HI.wav,1058,angry,ANG,1058_IEO_ANG_HI.wav,True,70514,1611608508000000000
/Users/jordanacle/Downloads/archive/Crema/1058_IEO_ANG_MD.wav,1058,angry,ANG,1058_IEO_ANG_MD.wav,True,79056,1611608508000000000
/Users/jordanacle/Downloads/archive/Crema/1058_IEO_DIS_HI.wav,1058,disgust,DIS,1058_IEO_DIS_HI.wav,True,100410,1611608508000000000
/Users/jordanacle/Downloads/archive/Crema/1058_IEO_DIS_LO.wav,1058,disgust,DIS,1058_IEO_DIS_LO.wav,True,72650,1611608508000000000
/Users/jordanacle/Downloads/archive/Crema/1058_IEO_DIS_MD.wav,1058,disgust,DIS,1058_IEO_DIS_MD.wav,True,81192,1611608508000000000
/Users/jordanacle/Downloads/archive/Crema/1058_IEO_FEA_HI.wav,1058,fear,FEA,1058_IEO_FEA_HI.wav,True,74786,1611608508000000000
/Users/jordanacle/Downloads/archive/Crema/1058_IEO_FEA_LO.wav,1058,fear,FEA,1058_IEO_FEA_LO.wav,True,75854,1611608508000000000
/Users/jordanacle/Downloads/archive/Crema/1058_IEO_FEA_MD.wav,1058,fear,FEA,1058_IEO_FEA_MD.wav,True,73718,1611608508000000000
/Users/jordanacle/Downloads/archive/Crema/1058_IEO_HAP_LO.wav,1058,happy,HAP,1058_IEO_HAP_LO.wav,True,64108,1611608508000000000
/Users/jordanacle/Downloads/archive/Crema/1058_IEO_HAP_MD.wav,1058,happy,HAP,1058_IEO_HAP_MD.wav,True,69446,1611608508000000000
/Users/jordanacle/Downloads/archive/Crema/1058_IEO_NEU_XX.wav,1058,neutral,NEU,1058_IEO_NEU_XX.wav,True,63040,1611608508000000000
/Users/jordanacle/Downloads/archive/Crema/1058_IEO_SAD_HI.wav,1058,sad,SAD,1058_IEO_SAD_HI.wav,True,91868,1611608508000000000
/Users/jordanacle/Downloads/archive/Crema/1058_IEO_SAD_MD.wav,1058,sad,SAD,1058_IEO_SAD_MD.wav,True,89734,1611608508000000000
/Users/jordanacle/Downloads/archive/Crema/1058_IEO_SAD_LO.wav,1058,sad,SAD,1058_IEO_SAD_LO.wav,True,66244,1611608508000000000
/Users/jordanacle/Downloads/archive/Crema/1058_IOM_DIS_XX.wav,1058,disgust,DIS,1058_IOM_DIS_XX.wav,True,86530,1611608508000000000
/Users/jordanacle/Downloads/archive/Crema/1058_IOM_HAP_XX.wav,1058,happy,HAP,1058_IOM_HAP_XX.wav,True,57702,1611608508000000000
/Users/jordanacle/Downloads/archive/Crema/1058_IOM_FEA_XX.wav,1058,fear,FEA,1058_IOM_FEA_XX.wav,True,63040,1611608508000000000
/Users/jordanacle/Downloads/archive/Crema/1058_IOM_NEU_XX.wav,1058,neutral,NEU,1058_IOM_NEU_XX.wav,True,84394,1611608508000000000
/Users/jordanacle/Downloads/archive/Crema/1058_IOM_SAD_XX.wav,1058,sad,SAD,1058_IOM_SAD_XX.wav,True,77988,1611608508000000000
/Users/jordanacle/Downloads/archive/Crema/1058_ITH_ANG_XX.wav,1058,angry,ANG,1058_ITH_ANG_XX.wav,True,95072,1611608508000000000
/Users/jordanacle/Downloads/archive/Crema/1058_ITH_DIS_XX.wav,1058,disgust,DIS,1058_ITH_DIS_XX.wav,True,113224,1611608508000000000
/Users/jordanacle/Downloads/archive/Crema/1058_ITH_FEA_XX.wav,1058,fear,FEA,1058_ITH_FEA_XX.wav,True,91868,1611608508000000000
/Users/jordanacle/Downloads/archive/Crema/1058_ITH_HAP_XX.wav,1058,happy,HAP,1058_ITH_HAP_XX.wav,True,79056,1611608508000000000
/Users/jordanacle/Downloads/archive/Crema/1058_ITH_NEU_XX.wav,1058,neutral,NEU,1058_ITH_NEU_XX.wav,True,97208,1611608508000000000
/Users/jordanacle/Downloads/archive/Crema/1058_ITH_SAD_XX.wav,1058,sad,SAD,1058_ITH_SAD_XX.wav,True,119630,1611608508000000000
/Users/jordanacle/Downloads/archive/Crema/1058_ITS_ANG_XX.wav,1058,angry,ANG,1058_ITS_ANG_XX.wav,True,87598,1611608508000000000
/Users/jordanacle/Downloads/archive/Crema/1058_ITS_FEA_XX.wav,1058,fear,FEA,1058_ITS_FEA_XX.wav,True,82260,1611608508000000000
/Users/jordanacle/Downloads/archive/Crema/1058_ITS_DIS_XX.wav,1058,disgust,DIS,1058_ITS_DIS_XX.wav,True,103614,1611608508000000000
/Users/jordanacle/Downloads/archive/Crema/1058_ITS_NEU_XX.wav,1058,neutral,NEU,1058_ITS_NEU_XX.wav,True,92936,1611608508000000000
/Users/jordanacle/Downloads/archive/Crema/1058_ITS_SAD_XX.wav,1058,sad,SAD,1058_ITS_SAD_XX.wav,True,111088,1611608508000000000
/Users/jordanacle/Downloads/archive/Crema/1058_IWL_HAP_XX.wav,1058,happy,HAP,1058_IWL_HAP_XX.wav,True,85462,1611608508000000000
/Users/jordanacle/Downloads/archive/Crema/1058_IWL_ANG_XX.wav,1058,angry,ANG,1058_IWL_ANG_XX.wav,True,98276,1611608508000000000
/Users/jordanacle/Downloads/archive/Crema/1058_IWL_NEU_XX.wav,1058,neutral,NEU,1058_IWL_NEU_XX.wav,True,92936,1611608508000000000
/Users/jordanacle/Downloads/archive/Crema/1058_IWL_SAD_XX.wav,1058,sad,SAD,1058_IWL_SAD_XX.wav,True,100410,1611608508000000000
/Users/jordanacle/Downloads/archive/Crema/1058_IWW_ANG_XX.wav,1058,angry,ANG,1058_IWW_ANG_XX.wav,True,63040,1611608508000000000
/Users/jordanacle/Downloads/archive/Crema/1058_IWW_HAP_XX.wav,1058,happy,HAP,1058_IWW_HAP_XX.wav,True,61972,1611608508000000000
/Users/jordanacle/Downloads/archive/Crema/1058_IWW_NEU_XX.wav,1058,neutral,NEU,1058_IWW_NEU_XX.wav,True,60904,1611608508000000000
/Users/jordanacle/Downloads/archive/Crema/1058_MTI_ANG_XX.wav,1058,angry,ANG,1058_MTI_ANG_XX.wav,True,82260,1611608508000000000
/Users/jordanacle/Downloads/archive/Crema/1058_MTI_DIS_XX.wav,1058,disgust,DIS,1058_MTI_DIS_XX.wav,True,97208,1611608508000000000
/Users/jordanacle/Downloads/archive/Crema/1058_MTI_FEA_XX.wav,1058,fear,FEA,1058_MTI_FEA_XX.wav,True,76920,1611608508000000000
/Users/jordanacle/Downloads/archive/Crema/1058_MTI_HAP_XX.wav,1058,happy,HAP,1058_MTI_HAP_XX.wav,True,87598,1611608508000000000
/Users/jordanacle/Downloads/archive/Crema/1058_MTI_SAD_XX.wav,1058,sad,SAD,1058_MTI_SAD_XX.wav,True,98276,1611608508000000000
/Users/jordanacle/Downloads/archive/Crema/1058_TAI_ANG_XX.wav,1058,angry,ANG,1058_TAI_ANG_XX.wav,True,83328,1611608508000000000
/Users/jordanacle/Downloads/archive/Crema/1058_TAI_DIS_XX.wav,1058,disgust,DIS,1058_TAI_DIS_XX.wav,True,102546,1611608508000000000
/Users/jordanacle/Downloads/archive/Crema/1058_TAI_FEA_XX.wav,1058,fear,FEA,1058_TAI_FEA_XX.wav,True,79056,1611608508000000000
/Users/jordanacle/Downloads/archive/Crema/1058_TAI_NEU_XX.wav,1058,neutral,NEU,1058_TAI_NEU_XX.wav,True,96140,1611608508000000000
/Users/jordanacle/Downloads/archive/Crema/1058_TAI_SAD_XX.wav,1058,sad,SAD,1058_TAI_SAD_XX.wav,True,100410,1611608508000000000
/Users/jordanacle/Downloads/archive/Crema/1058_TIE_ANG_XX.wav,1058,angry,ANG,1058_TIE_ANG_XX.wav,True,86530,1611608508000000000
/Users/jordanacle/Downloads/archive/Crema/1058_TIE_DIS_XX.wav,1058,disgust,DIS,1058_TIE_DIS_XX.wav,True,108952,1611608508000000000
/Users/jordanacle/Downloads/archive/Crema/1058_TIE_FEA_XX.wav,1058,fear,FEA,1058_TIE_FEA_XX.wav,True,90802,1611608508000000000
/Users/jordanacle/Downloads/archive/Crema/1058_TIE_NEU_XX.wav,1058,neutral,NEU,1058_TIE_NEU_XX.wav,True,111088,1611608508000000000
/Users/jordanacle/Downloads/archive/Crema/1058_TIE_SAD_XX.wav,1058,sad,SAD,1058_TIE_SAD_XX.wav,True,118562,1611608508000000000
/Users/jordanacle/Downloads/archive/Crema/1058_TSI_DIS_XX.wav,1058,disgust,DIS,1058_TSI_DIS_XX.wav,True,113224,1611608508000000000
/Users/jordanacle/Downloads/archive/Crema/1058_TSI_NEU_XX.wav,1058,neutral,NEU,1058_TSI_NEU_XX.wav,True,81192,1611608508000000000
/Users/jordanacle/Downloads/archive/Crema/1058_TSI_SAD_XX.wav,1058,sad,SAD,1058_TSI_SAD_XX.wav,True,77988,1611608508000000000
/Users/jordanacle/Downloads/archive/Crema/1058_TSI_HAP_XX.wav,1058,happy,HAP,1058_TSI_HAP_XX.wav,True,57702,1611608508000000000
/Users/jordanacle/Downloads/archive/Crema/1058_TSI_FEA_XX.wav,1058,fear,FEA,1058_TSI_FEA_XX.wav,True,57702,1611608508000000000
/Users/jordanacle/Downloads/archive/Crema/1058_WSI_DIS_XX.wav,1058,disgust,DIS,1058_WSI_DIS_XX.wav,True,111088,1611608508000000000
/Users/jordanacle/Downloads/archive/Crema/1058_WSI_ANG_XX.wav,1058,angry,ANG,1058_WSI_ANG_XX.wav,True,83328,1611608508000000000
/Users/jordanacle/Downloads/archive/Crema/1058_WSI_FEA_XX.wav,1058,fear,FEA,1058_WSI_FEA_XX.wav,True,70514,1611608508000000000
/Users/jordanacle/Downloads/archive/Crema/1058_WSI_HAP_XX.wav,1058,happy,HAP,1058_WSI_HAP_XX.wav,True,72862,1611608508000000000
/Users/jordanacle/Downloads/archive/Crema/1058_WSI_SAD_XX.wav,1058,sad,SAD,1058_WSI_SAD_XX.wav,True,98276,1611608508000000000
/Users/jordanacle/Downloads/archive/Crema/1059_DFA_ANG_XX.wav,1059,angry,ANG,1059_DFA_ANG_XX.wav,True,60904,1611608508000000000
/Users/jordanacle/Downloads/archive/Crema/1059_DFA_DIS_XX.wav,1059,disgust,DIS,1059_DFA_DIS_XX.wav,True,64108,1611608508000000000
/Users/jordanacle/Downloads/archive/Crema/1059_DFA_FEA_XX.wav,1059,fear,FEA,1059_DFA_FEA_XX.wav,True,66244,1611608508000000000
/Users/jordanacle/Downloads/archive/Crema/1059_DFA_NEU_XX.wav,1059,neutral,NEU,1059_DFA_NEU_XX.wav,True,83328,1611608508000000000
/Users/jordanacle/Downloads/archive/Crema/1059_DFA_SAD_XX.wav,1059,sad,SAD,1059_DFA_SAD_XX.wav,True,68378,1611608508000000000
/Users/jordanacle/Downloads/archive/Crema/1059_IEO_ANG_HI.wav,1059,angry,ANG,1059_IEO_ANG_HI.wav,True,82260,1611608508000000000
/Users/jordanacle/Downloads/archive/Crema/1059_IEO_ANG_MD.wav,1059,angry,ANG,1059_IEO_ANG_MD.wav,True,74786,1611608508000000000
/Users/jordanacle/Downloads/archive/Crema/1059_DFA_HAP_XX.wav,1059,happy,HAP,1059_DFA_HAP_XX.wav,True,57702,1611608508000000000
/Users/jordanacle/Downloads/archive/Crema/1059_IEO_DIS_HI.wav,1059,disgust,DIS,1059_IEO_DIS_HI.wav,True,92936,1611608508000000000
/Users/jordanacle/Downloads/archive/Crema/1059_IEO_DIS_LO.wav,1059,disgust,DIS,1059_IEO_DIS_LO.wav,True,69446,1611608508000000000
/Users/jordanacle/Downloads/archive/Crema/1059_IEO_FEA_HI.wav,1059,fear,FEA,1059_IEO_FEA_HI.wav,True,67312,1611608508000000000
/Users/jordanacle/Downloads/archive/Crema/1059_IEO_DIS_MD.wav,1059,disgust,DIS,1059_IEO_DIS_MD.wav,True,89734,1611608508000000000
/Users/jordanacle/Downloads/archive/Crema/1059_IEO_FEA_LO.wav,1059,fear,FEA,1059_IEO_FEA_LO.wav,True,74786,1611608508000000000
/Users/jordanacle/Downloads/archive/Crema/1059_IEO_FEA_MD.wav,1059,fear,FEA,1059_IEO_FEA_MD.wav,True,69446,1611608508000000000
/Users/jordanacle/Downloads/archive/Crema/1059_IEO_HAP_LO.wav,1059,happy,HAP,1059_IEO_HAP_LO.wav,True,77988,1611608508000000000
/Users/jordanacle/Downloads/archive/Crema/1059_IEO_HAP_MD.wav,1059,happy,HAP,1059_IEO_HAP_MD.wav,True,69446,1611608508000000000
/Users/jordanacle/Downloads/archive/Crema/1059_IEO_NEU_XX.wav,1059,neutral,NEU,1059_IEO_NEU_XX.wav,True,92936,1611608508000000000
/Users/jordanacle/Downloads/archive/Crema/1059_IEO_SAD_LO.wav,1059,sad,SAD,1059_IEO_SAD_LO.wav,True,76920,1611608508000000000
/Users/jordanacle/Downloads/archive/Crema/1059_IEO_SAD_HI.wav,1059,sad,SAD,1059_IEO_SAD_HI.wav,True,85462,1611608508000000000
/Users/jordanacle/Downloads/archive/Crema/1059_IEO_SAD_MD.wav,1059,sad,SAD,1059_IEO_SAD_MD.wav,True,107886,1611608508000000000
/Users/jordanacle/Downloads/archive/Crema/1059_IOM_FEA_XX.wav,1059,fear,FEA,1059_IOM_FEA_XX.wav,True,80124,1611608508000000000
/Users/jordanacle/Downloads/archive/Crema/1059_IOM_DIS_XX.wav,1059,disgust,DIS,1059_IOM_DIS_XX.wav,True,84394,1611608508000000000
/Users/jordanacle/Downloads/archive/Crema/1059_IOM_HAP_XX.wav,1059,happy,HAP,1059_IOM_HAP_XX.wav,True,73718,1611608508000000000
/Users/jordanacle/Downloads/archive/Crema/1059_IOM_SAD_XX.wav,1059,sad,SAD,1059_IOM_SAD_XX.wav,True,77988,1611608508000000000
/Users/jordanacle/Downloads/archive/Crema/1059_IOM_NEU_XX.wav,1059,neutral,NEU,1059_IOM_NEU_XX.wav,True,80124,1611608508000000000
/Users/jordanacle/Downloads/archive/Crema/1059_ITH_ANG_XX.wav,1059,angry,ANG,1059_ITH_ANG_XX.wav,True,76920,1611608508000000000
/Users/jordanacle/Downloads/archive/Crema/1059_ITH_DIS_XX.wav,1059,disgust,DIS,1059_ITH_DIS_XX.wav,True,88666,1611608508000000000
/Users/jordanacle/Downloads/archive/Crema/1059_ITH_NEU_XX.wav,1059,neutral,NEU,1059_ITH_NEU_XX.wav,True,80124,1611608508000000000
/Users/jordanacle/Downloads/archive/Crema/1059_ITH_FEA_XX.wav,1059,fear,FEA,1059_ITH_FEA_XX.wav,True,81192,1611608508000000000
/Users/jordanacle/Downloads/archive/Crema/1059_ITH_SAD_XX.wav,1059,sad,SAD,1059_ITH_SAD_XX.wav,True,77988,1611608508000000000
/Users/jordanacle/Downloads/archive/Crema/1059_ITS_ANG_XX.wav,1059,angry,ANG,1059_ITS_ANG_XX.wav,True,73718,1611608508000000000
/Users/jordanacle/Downloads/archive/Crema/1059_ITS_DIS_XX.wav,1059,disgust,DIS,1059_ITS_DIS_XX.wav,True,91870,1611608508000000000
/Users/jordanacle/Downloads/archive/Crema/1059_ITS_HAP_XX.wav,1059,happy,HAP,1059_ITS_HAP_XX.wav,True,73090,1611608508000000000
/Users/jordanacle/Downloads/archive/Crema/1059_ITS_FEA_XX.wav,1059,fear,FEA,1059_ITS_FEA_XX.wav,True,84394,1611608508000000000
/Users/jordanacle/Downloads/archive/Crema/1059_ITS_NEU_XX.wav,1059,neutral,NEU,1059_ITS_NEU_XX.wav,True,79056,1611608508000000000
/Users/jordanacle/Downloads/archive/Crema/1059_ITS_SAD_XX.wav,1059,sad,SAD,1059_ITS_SAD_XX.wav,True,61972,1611608508000000000
/Users/jordanacle/Downloads/archive/Crema/1059_IWL_ANG_XX.wav,1059,angry,ANG,1059_IWL_ANG_XX.wav,True,87598,1611608508000000000
/Users/jordanacle/Downloads/archive/Crema/1059_IWL_HAP_XX.wav,1059,happy,HAP,1059_IWL_HAP_XX.wav,True,73718,1611608508000000000
/Users/jordanacle/Downloads/archive/Crema/1059_IWL_NEU_XX.wav,1059,neutral,NEU,1059_IWL_NEU_XX.wav,True,82260,1611608508000000000
/Users/jordanacle/Downloads/archive/Crema/1059_IWW_ANG_XX.wav,1059,angry,ANG,1059_IWW_ANG_XX.wav,True,68378,1611608508000000000
/Users/jordanacle/Downloads/archive/Crema/1059_IWW_HAP_XX.wav,1059,happy,HAP,1059_IWW_HAP_XX.wav,True,65176,1611608508000000000
/Users/jordanacle/Downloads/archive/Crema/1059_IWW_NEU_XX.wav,1059,neutral,NEU,1059_IWW_NEU_XX.wav,True,70514,1611608508000000000
/Users/jordanacle/Downloads/archive/Crema/1059_MTI_ANG_XX.wav,1059,angry,ANG,1059_MTI_ANG_XX.wav,True,84394,1611608508000000000
/Users/jordanacle/Downloads/archive/Crema/1059_MTI_DIS_XX.wav,1059,disgust,DIS,1059_MTI_DIS_XX.wav,True,85462,1611608508000000000
/Users/jordanacle/Downloads/archive/Crema/1059_MTI_HAP_XX.wav,1059,happy,HAP,1059_MTI_HAP_XX.wav,True,79056,1611608508000000000
/Users/jordanacle/Downloads/archive/Crema/1059_MTI_FEA_XX.wav,1059,fear,FEA,1059_MTI_FEA_XX.wav,True,73718,1611608508000000000
/Users/jordanacle/Downloads/archive/Crema/1059_MTI_NEU_XX.wav,1059,neutral,NEU,1059_MTI_NEU_XX.wav,True,94004,1611608508000000000
/Users/jordanacle/Downloads/archive/Crema/1059_MTI_SAD_XX.wav,1059,sad,SAD,1059_MTI_SAD_XX.wav,True,82260,1611608508000000000
/Users/jordanacle/Downloads/archive/Crema/1059_TAI_ANG_XX.wav,1059,angry,ANG,1059_TAI_ANG_XX.wav,True,91870,1611608508000000000
/Users/jordanacle/Downloads/archive/Crema/1059_TAI_FEA_XX.wav,1059,fear,FEA,1059_TAI_FEA_XX.wav,True,76920,1611608508000000000
/Users/jordanacle/Downloads/archive/Crema/1059_TAI_DIS_XX.wav,1059,disgust,DIS,1059_TAI_DIS_XX.wav,True,84394,1611608508000000000
/Users/jordanacle/Downloads/archive/Crema/1059_TAI_NEU_XX.wav,1059,neutral,NEU,1059_TAI_NEU_XX.wav,True,91870,1611608508000000000
/Users/jordanacle/Downloads/archive/Crema/1059_TAI_SAD_XX.wav,1059,sad,SAD,1059_TAI_SAD_XX.wav,True,79056,1611608508000000000
/Users/jordanacle/Downloads/archive/Crema/1059_TIE_ANG_XX.wav,1059,angry,ANG,1059_TIE_ANG_XX.wav,True,110020,1611608508000000000
/Users/jordanacle/Downloads/archive/Crema/1059_TIE_DIS_XX.wav,1059,disgust,DIS,1059_TIE_DIS_XX.wav,True,107884,1611608508000000000
/Users/jordanacle/Downloads/archive/Crema/1059_TIE_FEA_XX.wav,1059,fear,FEA,1059_TIE_FEA_XX.wav,True,92936,1611608508000000000
/Users/jordanacle/Downloads/archive/Crema/1059_TIE_HAP_XX.wav,1059,happy,HAP,1059_TIE_HAP_XX.wav,True,99344,1611608508000000000
/Users/jordanacle/Downloads/archive/Crema/1059_TIE_NEU_XX.wav,1059,neutral,NEU,1059_TIE_NEU_XX.wav,True,108952,1611608508000000000
/Users/jordanacle/Downloads/archive/Crema/1059_TIE_SAD_XX.wav,1059,sad,SAD,1059_TIE_SAD_XX.wav,True,121766,1611608508000000000
/Users/jordanacle/Downloads/archive/Crema/1059_TSI_DIS_XX.wav,1059,disgust,DIS,1059_TSI_DIS_XX.wav,True,73090,1611608508000000000
/Users/jordanacle/Downloads/archive/Crema/1059_TSI_NEU_XX.wav,1059,neutral,NEU,1059_TSI_NEU_XX.wav,True,76920,1611608508000000000
/Users/jordanacle/Downloads/archive/Crema/1059_TSI_HAP_XX.wav,1059,happy,HAP,1059_TSI_HAP_XX.wav,True,66244,1611608508000000000
/Users/jordanacle/Downloads/archive/Crema/1059_TSI_FEA_XX.wav,1059,fear,FEA,1059_TSI_FEA_XX.wav,True,57702,1611608508000000000
/Users/jordanacle/Downloads/archive/Crema/1059_TSI_SAD_XX.wav,1059,sad,SAD,1059_TSI_SAD_XX.wav,True,69446,1611608508000000000
/Users/jordanacle/Downloads/archive/Crema/1059_WSI_ANG_XX.wav,1059,angry,ANG,1059_WSI_ANG_XX.wav,True,77988,1611608508000000000
/Users/jordanacle/Downloads/archive/Crema/1059_WSI_DIS_XX.wav,1059,disgust,DIS,1059_WSI_DIS_XX.wav,True,92936,1611608508000000000
/Users/jordanacle/Downloads/archive/Crema/1059_WSI_FEA_XX.wav,1059,fear,FEA,1059_WSI_FEA_XX.wav,True,77988,1611608508000000000
/Users/jordanacle/Downloads/archive/Crema/1059_WSI_HAP_XX.wav,1059,happy,HAP,1059_WSI_HAP_XX.wav,True,85462,1611608508000000000
/Users/jordanacle/Downloads/archive/Crema/1059_WSI_NEU_XX.wav,1059,neutral,NEU,1059_WSI_NEU_XX.wav,True,71582,1611608508000000000
/Users/jordanacle/Downloads/archive/Crema/1059_WSI_SAD_XX.wav,1059,sad,SAD,1059_WSI_SAD_XX.wav,True,79056,1611608508000000000
/Users/jordanacle/Downloads/archive/Crema/1060_DFA_ANG_XX.wav,1060,angry,ANG,1060_DFA_ANG_XX.wav,True,70514,1611608508000000000
/Users/jordanacle/Downloads/archive/Crema/1060_DFA_HAP_XX.wav,1060,happy,HAP,1060_DFA_HAP_XX.wav,True,64108,1611608508000000000
/Users/jordanacle/Downloads/archive/Crema/1060_DFA_NEU_XX.wav,1060,neutral,NEU,1060_DFA_NEU_XX.wav,True,73718,1611608508000000000
/Users/jordanacle/Downloads/archive/Crema/1060_IEO_ANG_HI.wav,1060,angry,ANG,1060_IEO_ANG_HI.wav,True,79056,1611608508000000000
/Users/jordanacle/Downloads/archive/Crema/1060_IEO_ANG_LO.wav,1060,angry,ANG,1060_IEO_ANG_LO.wav,True,58770,1611608508000000000
/Users/jordanacle/Downloads/archive/Crema/1060_IEO_ANG_MD.wav,1060,angry,ANG,1060_IEO_ANG_MD.wav,True,65176,1611608508000000000
/Users/jordanacle/Downloads/archive/Crema/1060_IEO_DIS_HI.wav,1060,disgust,DIS,1060_IEO_DIS_HI.wav,True,74786,1611608508000000000
/Users/jordanacle/Downloads/archive/Crema/1060_IEO_FEA_LO.wav,1060,fear,FEA,1060_IEO_FEA_LO.wav,True,95072,1611608508000000000
/Users/jordanacle/Downloads/archive/Crema/1060_IEO_DIS_LO.wav,1060,disgust,DIS,1060_IEO_DIS_LO.wav,True,76920,1611608508000000000
/Users/jordanacle/Downloads/archive/Crema/1060_IEO_FEA_HI.wav,1060,fear,FEA,1060_IEO_FEA_HI.wav,True,66244,1611608508000000000
/Users/jordanacle/Downloads/archive/Crema/1060_IEO_HAP_HI.wav,1060,happy,HAP,1060_IEO_HAP_HI.wav,True,65176,1611608508000000000
/Users/jordanacle/Downloads/archive/Crema/1060_IEO_FEA_MD.wav,1060,fear,FEA,1060_IEO_FEA_MD.wav,True,85462,1611608508000000000
/Users/jordanacle/Downloads/archive/Crema/1060_IEO_HAP_LO.wav,1060,happy,HAP,1060_IEO_HAP_LO.wav,True,59836,1611608508000000000
/Users/jordanacle/Downloads/archive/Crema/1060_IEO_NEU_XX.wav,1060,neutral,NEU,1060_IEO_NEU_XX.wav,True,83328,1611608508000000000
/Users/jordanacle/Downloads/archive/Crema/1060_IEO_HAP_MD.wav,1060,happy,HAP,1060_IEO_HAP_MD.wav,True,77988,1611608508000000000
/Users/jordanacle/Downloads/archive/Crema/1060_IEO_SAD_HI.wav,1060,sad,SAD,1060_IEO_SAD_HI.wav,True,61972,1611608508000000000
/Users/jordanacle/Downloads/archive/Crema/1060_IEO_SAD_LO.wav,1060,sad,SAD,1060_IEO_SAD_LO.wav,True,91868,1611608508000000000
/Users/jordanacle/Downloads/archive/Crema/1060_IOM_FEA_XX.wav,1060,fear,FEA,1060_IOM_FEA_XX.wav,True,73718,1611608508000000000
/Users/jordanacle/Downloads/archive/Crema/1060_IEO_SAD_MD.wav,1060,sad,SAD,1060_IEO_SAD_MD.wav,True,84394,1611608508000000000
/Users/jordanacle/Downloads/archive/Crema/1060_IOM_ANG_XX.wav,1060,angry,ANG,1060_IOM_ANG_XX.wav,True,81192,1611608508000000000
/Users/jordanacle/Downloads/archive/Crema/1060_IOM_NEU_XX.wav,1060,neutral,NEU,1060_IOM_NEU_XX.wav,True,67312,1611608508000000000
/Users/jordanacle/Downloads/archive/Crema/1060_IOM_DIS_XX.wav,1060,disgust,DIS,1060_IOM_DIS_XX.wav,True,84394,1611608508000000000
/Users/jordanacle/Downloads/archive/Crema/1060_ITH_ANG_XX.wav,1060,angry,ANG,1060_ITH_ANG_XX.wav,True,85462,1611608508000000000
/Users/jordanacle/Downloads/archive/Crema/1060_IOM_SAD_XX.wav,1060,sad,SAD,1060_IOM_SAD_XX.wav,True,68378,1611608508000000000
/Users/jordanacle/Downloads/archive/Crema/1060_ITH_DIS_XX.wav,1060,disgust,DIS,1060_ITH_DIS_XX.wav,True,84394,1611608508000000000
/Users/jordanacle/Downloads/archive/Crema/1060_ITH_FEA_XX.wav,1060,fear,FEA,1060_ITH_FEA_XX.wav,True,92936,1611608508000000000
/Users/jordanacle/Downloads/archive/Crema/1060_ITH_HAP_XX.wav,1060,happy,HAP,1060_ITH_HAP_XX.wav,True,85462,1611608508000000000
/Users/jordanacle/Downloads/archive/Crema/1060_ITH_SAD_XX.wav,1060,sad,SAD,1060_ITH_SAD_XX.wav,True,90802,1611608508000000000
/Users/jordanacle/Downloads/archive/Crema/1060_ITH_NEU_XX.wav,1060,neutral,NEU,1060_ITH_NEU_XX.wav,True,88666,1611608508000000000
/Users/jordanacle/Downloads/archive/Crema/1060_ITS_FEA_XX.wav,1060,fear,FEA,1060_ITS_FEA_XX.wav,True,76920,1611608508000000000
/Users/jordanacle/Downloads/archive/Crema/1060_ITS_HAP_XX.wav,1060,happy,HAP,1060_ITS_HAP_XX.wav,True,70514,1611608508000000000
/Users/jordanacle/Downloads/archive/Crema/1060_ITS_NEU_XX.wav,1060,neutral,NEU,1060_ITS_NEU_XX.wav,True,76920,1611608508000000000
/Users/jordanacle/Downloads/archive/Crema/1060_ITS_SAD_XX.wav,1060,sad,SAD,1060_ITS_SAD_XX.wav,True,82260,1611608508000000000
/Users/jordanacle/Downloads/archive/Crema/1060_IWL_ANG_XX.wav,1060,angry,ANG,1060_IWL_ANG_XX.wav,True,80124,1611608508000000000
/Users/jordanacle/Downloads/archive/Crema/1060_IWL_DIS_XX.wav,1060,disgust,DIS,1060_IWL_DIS_XX.wav,True,94004,1611608508000000000
/Users/jordanacle/Downloads/archive/Crema/1060_IWL_FEA_XX.wav,1060,fear,FEA,1060_IWL_FEA_XX.wav,True,84394,1611608508000000000
/Users/jordanacle/Downloads/archive/Crema/1060_IWW_ANG_XX.wav,1060,angry,ANG,1060_IWW_ANG_XX.wav,True,68378,1611608508000000000
/Users/jordanacle/Downloads/archive/Crema/1060_IWL_HAP_XX.wav,1060,happy,HAP,1060_IWL_HAP_XX.wav,True,96140,1611608508000000000
/Users/jordanacle/Downloads/archive/Crema/1060_IWL_SAD_XX.wav,1060,sad,SAD,1060_IWL_SAD_XX.wav,True,73718,1611608508000000000
/Users/jordanacle/Downloads/archive/Crema/1060_IWW_DIS_XX.wav,1060,disgust,DIS,1060_IWW_DIS_XX.wav,True,72650,1611608510000000000
/Users/jordanacle/Downloads/archive/Crema/1060_IWW_HAP_XX.wav,1060,happy,HAP,1060_IWW_HAP_XX.wav,True,72650,1611608510000000000
/Users/jordanacle/Downloads/archive/Crema/1060_IWW_FEA_XX.wav,1060,fear,FEA,1060_IWW_FEA_XX.wav,True,63040,1611608510000000000
/Users/jordanacle/Downloads/archive/Crema/1060_MTI_ANG_XX.wav,1060,angry,ANG,1060_MTI_ANG_XX.wav,True,86530,1611608510000000000
/Users/jordanacle/Downloads/archive/Crema/1060_IWW_SAD_XX.wav,1060,sad,SAD,1060_IWW_SAD_XX.wav,True,65176,1611608510000000000
/Users/jordanacle/Downloads/archive/Crema/1060_MTI_HAP_XX.wav,1060,happy,HAP,1060_MTI_HAP_XX.wav,True,98276,1611608510000000000
/Users/jordanacle/Downloads/archive/Crema/1060_MTI_NEU_XX.wav,1060,neutral,NEU,1060_MTI_NEU_XX.wav,True,77988,1611608510000000000
/Users/jordanacle/Downloads/archive/Crema/1060_TAI_DIS_XX.wav,1060,disgust,DIS,1060_TAI_DIS_XX.wav,True,73718,1611608510000000000
/Users/jordanacle/Downloads/archive/Crema/1060_TAI_FEA_XX.wav,1060,fear,FEA,1060_TAI_FEA_XX.wav,True,65176,1611608510000000000
/Users/jordanacle/Downloads/archive/Crema/1060_TAI_HAP_XX.wav,1060,happy,HAP,1060_TAI_HAP_XX.wav,True,73718,1611608510000000000
/Users/jordanacle/Downloads/archive/Crema/1060_TAI_SAD_XX.wav,1060,sad,SAD,1060_TAI_SAD_XX.wav,True,67312,1611608510000000000
/Users/jordanacle/Downloads/archive/Crema/1060_TAI_NEU_XX.wav,1060,neutral,NEU,1060_TAI_NEU_XX.wav,True,74786,1611608510000000000
/Users/jordanacle/Downloads/archive/Crema/1060_TIE_DIS_XX.wav,1060,disgust,DIS,1060_TIE_DIS_XX.wav,True,122834,1611608510000000000
/Users/jordanacle/Downloads/archive/Crema/1060_ITS_DIS_XX.wav,1060,disgust,DIS,1060_ITS_DIS_XX.wav,True,80124,1611608508000000000
/Users/jordanacle/Downloads/archive/Crema/1060_TIE_FEA_XX.wav,1060,fear,FEA,1060_TIE_FEA_XX.wav,True,101478,1611608510000000000
/Users/jordanacle/Downloads/archive/Crema/1060_TIE_HAP_XX.wav,1060,happy,HAP,1060_TIE_HAP_XX.wav,True,97208,1611608510000000000
/Users/jordanacle/Downloads/archive/Crema/1060_TIE_NEU_XX.wav,1060,neutral,NEU,1060_TIE_NEU_XX.wav,True,112156,1611608510000000000
/Users/jordanacle/Downloads/archive/Crema/1060_TSI_ANG_XX.wav,1060,angry,ANG,1060_TSI_ANG_XX.wav,True,70514,1611608510000000000
/Users/jordanacle/Downloads/archive/Crema/1060_TIE_SAD_XX.wav,1060,sad,SAD,1060_TIE_SAD_XX.wav,True,110020,1611608510000000000
/Users/jordanacle/Downloads/archive/Crema/1060_TSI_DIS_XX.wav,1060,disgust,DIS,1060_TSI_DIS_XX.wav,True,68378,1611608510000000000
/Users/jordanacle/Downloads/archive/Crema/1060_TSI_NEU_XX.wav,1060,neutral,NEU,1060_TSI_NEU_XX.wav,True,80124,1611608510000000000
/Users/jordanacle/Downloads/archive/Crema/1060_TSI_FEA_XX.wav,1060,fear,FEA,1060_TSI_FEA_XX.wav,True,60904,1611608510000000000
/Users/jordanacle/Downloads/archive/Crema/1060_WSI_HAP_XX.wav,1060,happy,HAP,1060_WSI_HAP_XX.wav,True,73090,1611608510000000000
/Users/jordanacle/Downloads/archive/Crema/1060_WSI_ANG_XX.wav,1060,angry,ANG,1060_WSI_ANG_XX.wav,True,81192,1611608510000000000
/Users/jordanacle/Downloads/archive/Crema/1060_TSI_SAD_XX.wav,1060,sad,SAD,1060_TSI_SAD_XX.wav,True,59838,1611608510000000000
/Users/jordanacle/Downloads/archive/Crema/1060_WSI_NEU_XX.wav,1060,neutral,NEU,1060_WSI_NEU_XX.wav,True,70514,1611608510000000000
/Users/jordanacle/Downloads/archive/Crema/1061_DFA_ANG_XX.wav,1061,angry,ANG,1061_DFA_ANG_XX.wav,True,72650,1611608510000000000
/Users/jordanacle/Downloads/archive/Crema/1061_DFA_DIS_XX.wav,1061,disgust,DIS,1061_DFA_DIS_XX.wav,True,87598,1611608510000000000
/Users/jordanacle/Downloads/archive/Crema/1061_DFA_FEA_XX.wav,1061,fear,FEA,1061_DFA_FEA_XX.wav,True,73718,1611608510000000000
/Users/jordanacle/Downloads/archive/Crema/1061_DFA_HAP_XX.wav,1061,happy,HAP,1061_DFA_HAP_XX.wav,True,57702,1611608510000000000
/Users/jordanacle/Downloads/archive/Crema/1061_IEO_ANG_LO.wav,1061,angry,ANG,1061_IEO_ANG_LO.wav,True,59836,1611608510000000000
/Users/jordanacle/Downloads/archive/Crema/1061_DFA_NEU_XX.wav,1061,neutral,NEU,1061_DFA_NEU_XX.wav,True,63040,1611608510000000000
/Users/jordanacle/Downloads/archive/Crema/1061_IEO_ANG_MD.wav,1061,angry,ANG,1061_IEO_ANG_MD.wav,True,75852,1611608510000000000
/Users/jordanacle/Downloads/archive/Crema/1061_IEO_DIS_HI.wav,1061,disgust,DIS,1061_IEO_DIS_HI.wav,True,73718,1611608510000000000
/Users/jordanacle/Downloads/archive/Crema/1061_IEO_DIS_LO.wav,1061,disgust,DIS,1061_IEO_DIS_LO.wav,True,69446,1611608510000000000
/Users/jordanacle/Downloads/archive/Crema/1061_IEO_FEA_HI.wav,1061,fear,FEA,1061_IEO_FEA_HI.wav,True,83328,1611608510000000000
/Users/jordanacle/Downloads/archive/Crema/1061_IEO_FEA_LO.wav,1061,fear,FEA,1061_IEO_FEA_LO.wav,True,53430,1611608510000000000
/Users/jordanacle/Downloads/archive/Crema/1061_IEO_HAP_HI.wav,1061,happy,HAP,1061_IEO_HAP_HI.wav,True,51296,1611608510000000000
/Users/jordanacle/Downloads/archive/Crema/1061_IEO_HAP_MD.wav,1061,happy,HAP,1061_IEO_HAP_MD.wav,True,67312,1611608510000000000
/Users/jordanacle/Downloads/archive/Crema/1061_IEO_NEU_XX.wav,1061,neutral,NEU,1061_IEO_NEU_XX.wav,True,74786,1611608510000000000
/Users/jordanacle/Downloads/archive/Crema/1061_IEO_SAD_HI.wav,1061,sad,SAD,1061_IEO_SAD_HI.wav,True,65176,1611608510000000000
/Users/jordanacle/Downloads/archive/Crema/1061_IEO_SAD_LO.wav,1061,sad,SAD,1061_IEO_SAD_LO.wav,True,74786,1611608510000000000
/Users/jordanacle/Downloads/archive/Crema/1061_IOM_ANG_XX.wav,1061,angry,ANG,1061_IOM_ANG_XX.wav,True,82260,1611608510000000000
/Users/jordanacle/Downloads/archive/Crema/1061_IOM_DIS_XX.wav,1061,disgust,DIS,1061_IOM_DIS_XX.wav,True,66244,1611608510000000000
/Users/jordanacle/Downloads/archive/Crema/1061_IOM_NEU_XX.wav,1061,neutral,NEU,1061_IOM_NEU_XX.wav,True,63040,1611608510000000000
/Users/jordanacle/Downloads/archive/Crema/1061_IOM_FEA_XX.wav,1061,fear,FEA,1061_IOM_FEA_XX.wav,True,81192,1611608510000000000
/Users/jordanacle/Downloads/archive/Crema/1061_IOM_SAD_XX.wav,1061,sad,SAD,1061_IOM_SAD_XX.wav,True,91870,1611608510000000000
/Users/jordanacle/Downloads/archive/Crema/1061_ITH_DIS_XX.wav,1061,disgust,DIS,1061_ITH_DIS_XX.wav,True,83328,1611608510000000000
/Users/jordanacle/Downloads/archive/Crema/1061_ITH_FEA_XX.wav,1061,fear,FEA,1061_ITH_FEA_XX.wav,True,103614,1611608510000000000
/Users/jordanacle/Downloads/archive/Crema/1061_ITH_NEU_XX.wav,1061,neutral,NEU,1061_ITH_NEU_XX.wav,True,98276,1611608510000000000
/Users/jordanacle/Downloads/archive/Crema/1061_ITH_HAP_XX.wav,1061,happy,HAP,1061_ITH_HAP_XX.wav,True,73090,1611608510000000000
/Users/jordanacle/Downloads/archive/Crema/1061_ITH_SAD_XX.wav,1061,sad,SAD,1061_ITH_SAD_XX.wav,True,85462,1611608510000000000
/Users/jordanacle/Downloads/archive/Crema/1061_ITS_DIS_XX.wav,1061,disgust,DIS,1061_ITS_DIS_XX.wav,True,85462,1611608510000000000
/Users/jordanacle/Downloads/archive/Crema/1061_ITS_HAP_XX.wav,1061,happy,HAP,1061_ITS_HAP_XX.wav,True,94004,1611608510000000000
/Users/jordanacle/Downloads/archive/Crema/1061_ITS_FEA_XX.wav,1061,fear,FEA,1061_ITS_FEA_XX.wav,True,108952,1611608510000000000
/Users/jordanacle/Downloads/archive/Crema/1061_ITS_NEU_XX.wav,1061,neutral,NEU,1061_ITS_NEU_XX.wav,True,70514,1611608510000000000
/Users/jordanacle/Downloads/archive/Crema/1061_ITS_SAD_XX.wav,1061,sad,SAD,1061_ITS_SAD_XX.wav,True,81192,1611608510000000000
/Users/jordanacle/Downloads/archive/Crema/1061_IWL_ANG_XX.wav,1061,angry,ANG,1061_IWL_ANG_XX.wav,True,103614,1611608510000000000
/Users/jordanacle/Downloads/archive/Crema/1061_IWL_DIS_XX.wav,1061,disgust,DIS,1061_IWL_DIS_XX.wav,True,92936,1611608510000000000
/Users/jordanacle/Downloads/archive/Crema/1061_IWL_FEA_XX.wav,1061,fear,FEA,1061_IWL_FEA_XX.wav,True,108952,1611608510000000000
/Users/jordanacle/Downloads/archive/Crema/1061_IWL_HAP_XX.wav,1061,happy,HAP,1061_IWL_HAP_XX.wav,True,74786,1611608510000000000
/Users/jordanacle/Downloads/archive/Crema/1061_IWL_SAD_XX.wav,1061,sad,SAD,1061_IWL_SAD_XX.wav,True,72650,1611608510000000000
/Users/jordanacle/Downloads/archive/Crema/1061_IWL_NEU_XX.wav,1061,neutral,NEU,1061_IWL_NEU_XX.wav,True,73718,1611608510000000000
/Users/jordanacle/Downloads/archive/Crema/1061_IWW_ANG_XX.wav,1061,angry,ANG,1061_IWW_ANG_XX.wav,True,73718,1611608510000000000
/Users/jordanacle/Downloads/archive/Crema/1061_IWW_DIS_XX.wav,1061,disgust,DIS,1061_IWW_DIS_XX.wav,True,70514,1611608510000000000
/Users/jordanacle/Downloads/archive/Crema/1061_IWW_FEA_XX.wav,1061,fear,FEA,1061_IWW_FEA_XX.wav,True,83328,1611608510000000000
/Users/jordanacle/Downloads/archive/Crema/1061_IWW_HAP_XX.wav,1061,happy,HAP,1061_IWW_HAP_XX.wav,True,70514,1611608510000000000
/Users/jordanacle/Downloads/archive/Crema/1061_IWW_SAD_XX.wav,1061,sad,SAD,1061_IWW_SAD_XX.wav,True,84394,1611608510000000000
/Users/jordanacle/Downloads/archive/Crema/1061_MTI_ANG_XX.wav,1061,angry,ANG,1061_MTI_ANG_XX.wav,True,123902,1611608510000000000
/Users/jordanacle/Downloads/archive/Crema/1061_MTI_DIS_XX.wav,1061,disgust,DIS,1061_MTI_DIS_XX.wav,True,136714,1611608510000000000
/Users/jordanacle/Downloads/archive/Crema/1061_MTI_FEA_XX.wav,1061,fear,FEA,1061_MTI_FEA_XX.wav,True,99344,1611608510000000000
/Users/jordanacle/Downloads/archive/Crema/1061_TAI_DIS_XX.wav,1061,disgust,DIS,1061_TAI_DIS_XX.wav,True,94004,1611608510000000000
/Users/jordanacle/Downloads/archive/Crema/1061_MTI_HAP_XX.wav,1061,happy,HAP,1061_MTI_HAP_XX.wav,True,75854,1611608510000000000
/Users/jordanacle/Downloads/archive/Crema/1061_TAI_FEA_XX.wav,1061,fear,FEA,1061_TAI_FEA_XX.wav,True,92936,1611608510000000000
/Users/jordanacle/Downloads/archive/Crema/1061_TAI_HAP_XX.wav,1061,happy,HAP,1061_TAI_HAP_XX.wav,True,80124,1611608510000000000
/Users/jordanacle/Downloads/archive/Crema/1061_MTI_NEU_XX.wav,1061,neutral,NEU,1061_MTI_NEU_XX.wav,True,87598,1611608510000000000
/Users/jordanacle/Downloads/archive/Crema/1061_TAI_NEU_XX.wav,1061,neutral,NEU,1061_TAI_NEU_XX.wav,True,98276,1611608510000000000
/Users/jordanacle/Downloads/archive/Crema/1061_TAI_SAD_XX.wav,1061,sad,SAD,1061_TAI_SAD_XX.wav,True,81192,1611608510000000000
/Users/jordanacle/Downloads/archive/Crema/1061_TIE_DIS_XX.wav,1061,disgust,DIS,1061_TIE_DIS_XX.wav,True,116426,1611608510000000000
/Users/jordanacle/Downloads/archive/Crema/1061_TIE_FEA_XX.wav,1061,fear,FEA,1061_TIE_FEA_XX.wav,True,95072,1611608510000000000
/Users/jordanacle/Downloads/archive/Crema/1061_TIE_HAP_XX.wav,1061,happy,HAP,1061_TIE_HAP_XX.wav,True,95072,1611608510000000000
/Users/jordanacle/Downloads/archive/Crema/1061_TIE_NEU_XX.wav,1061,neutral,NEU,1061_TIE_NEU_XX.wav,True,77988,1611608510000000000
/Users/jordanacle/Downloads/archive/Crema/1061_TIE_SAD_XX.wav,1061,sad,SAD,1061_TIE_SAD_XX.wav,True,100410,1611608510000000000
/Users/jordanacle/Downloads/archive/Crema/1061_TSI_DIS_XX.wav,1061,disgust,DIS,1061_TSI_DIS_XX.wav,True,80124,1611608510000000000
/Users/jordanacle/Downloads/archive/Crema/1061_TSI_ANG_XX.wav,1061,angry,ANG,1061_TSI_ANG_XX.wav,True,74786,1611608510000000000
/Users/jordanacle/Downloads/archive/Crema/1061_TSI_FEA_XX.wav,1061,fear,FEA,1061_TSI_FEA_XX.wav,True,81192,1611608510000000000
/Users/jordanacle/Downloads/archive/Crema/1061_TSI_NEU_XX.wav,1061,neutral,NEU,1061_TSI_NEU_XX.wav,True,70514,1611608510000000000
/Users/jordanacle/Downloads/archive/Crema/1061_TSI_SAD_XX.wav,1061,sad,SAD,1061_TSI_SAD_XX.wav,True,79056,1611608510000000000
/Users/jordanacle/Downloads/archive/Crema/1061_WSI_ANG_XX.wav,1061,angry,ANG,1061_WSI_ANG_XX.wav,True,80124,1611608510000000000
/Users/jordanacle/Downloads/archive/Crema/1061_WSI_DIS_XX.wav,1061,disgust,DIS,1061_WSI_DIS_XX.wav,True,89734,1611608510000000000
/Users/jordanacle/Downloads/archive/Crema/1061_WSI_FEA_XX.wav,1061,fear,FEA,1061_WSI_FEA_XX.wav,True,77988,1611608510000000000
/Users/jordanacle/Downloads/archive/Crema/1061_WSI_HAP_XX.wav,1061,happy,HAP,1061_WSI_HAP_XX.wav,True,75854,1611608510000000000
/Users/jordanacle/Downloads/archive/Crema/1061_WSI_NEU_XX.wav,1061,neutral,NEU,1061_WSI_NEU_XX.wav,True,80124,1611608510000000000
/Users/jordanacle/Downloads/archive/Crema/1062_DFA_DIS_XX.wav,1062,disgust,DIS,1062_DFA_DIS_XX.wav,True,68378,1611608510000000000
/Users/jordanacle/Downloads/archive/Crema/1062_DFA_ANG_XX.wav,1062,angry,ANG,1062_DFA_ANG_XX.wav,True,54498,1611608510000000000
/Users/jordanacle/Downloads/archive/Crema/1062_DFA_FEA_XX.wav,1062,fear,FEA,1062_DFA_FEA_XX.wav,True,82260,1611608510000000000
/Users/jordanacle/Downloads/archive/Crema/1062_DFA_HAP_XX.wav,1062,happy,HAP,1062_DFA_HAP_XX.wav,True,48092,1611608510000000000
/Users/jordanacle/Downloads/archive/Crema/1062_DFA_NEU_XX.wav,1062,neutral,NEU,1062_DFA_NEU_XX.wav,True,65176,1611608510000000000
/Users/jordanacle/Downloads/archive/Crema/1062_DFA_SAD_XX.wav,1062,sad,SAD,1062_DFA_SAD_XX.wav,True,66244,1611608510000000000
/Users/jordanacle/Downloads/archive/Crema/1062_IEO_ANG_HI.wav,1062,angry,ANG,1062_IEO_ANG_HI.wav,True,75854,1611608510000000000
/Users/jordanacle/Downloads/archive/Crema/1062_IEO_DIS_LO.wav,1062,disgust,DIS,1062_IEO_DIS_LO.wav,True,57702,1611608510000000000
/Users/jordanacle/Downloads/archive/Crema/1062_IEO_ANG_LO.wav,1062,angry,ANG,1062_IEO_ANG_LO.wav,True,67312,1611608510000000000
/Users/jordanacle/Downloads/archive/Crema/1062_IEO_DIS_MD.wav,1062,disgust,DIS,1062_IEO_DIS_MD.wav,True,65176,1611608510000000000
/Users/jordanacle/Downloads/archive/Crema/1062_IEO_FEA_LO.wav,1062,fear,FEA,1062_IEO_FEA_LO.wav,True,66244,1611608510000000000
/Users/jordanacle/Downloads/archive/Crema/1062_IEO_FEA_MD.wav,1062,fear,FEA,1062_IEO_FEA_MD.wav,True,80124,1611608510000000000
/Users/jordanacle/Downloads/archive/Crema/1062_IEO_HAP_HI.wav,1062,happy,HAP,1062_IEO_HAP_HI.wav,True,65176,1611608510000000000
/Users/jordanacle/Downloads/archive/Crema/1062_IEO_HAP_LO.wav,1062,happy,HAP,1062_IEO_HAP_LO.wav,True,63040,1611608510000000000
/Users/jordanacle/Downloads/archive/Crema/1062_IEO_SAD_LO.wav,1062,sad,SAD,1062_IEO_SAD_LO.wav,True,66244,1611608510000000000
/Users/jordanacle/Downloads/archive/Crema/1062_IEO_HAP_MD.wav,1062,happy,HAP,1062_IEO_HAP_MD.wav,True,69446,1611608510000000000
/Users/jordanacle/Downloads/archive/Crema/1062_IEO_SAD_MD.wav,1062,sad,SAD,1062_IEO_SAD_MD.wav,True,73090,1611608510000000000
/Users/jordanacle/Downloads/archive/Crema/1062_IOM_ANG_XX.wav,1062,angry,ANG,1062_IOM_ANG_XX.wav,True,57702,1611608510000000000
/Users/jordanacle/Downloads/archive/Crema/1062_IOM_DIS_XX.wav,1062,disgust,DIS,1062_IOM_DIS_XX.wav,True,66244,1611608510000000000
/Users/jordanacle/Downloads/archive/Crema/1062_IOM_FEA_XX.wav,1062,fear,FEA,1062_IOM_FEA_XX.wav,True,68378,1611608510000000000
/Users/jordanacle/Downloads/archive/Crema/1062_IOM_SAD_XX.wav,1062,sad,SAD,1062_IOM_SAD_XX.wav,True,57702,1611608510000000000
/Users/jordanacle/Downloads/archive/Crema/1062_IOM_HAP_XX.wav,1062,happy,HAP,1062_IOM_HAP_XX.wav,True,56634,1611608510000000000
/Users/jordanacle/Downloads/archive/Crema/1062_ITH_ANG_XX.wav,1062,angry,ANG,1062_ITH_ANG_XX.wav,True,88666,1611608510000000000
/Users/jordanacle/Downloads/archive/Crema/1062_ITH_HAP_XX.wav,1062,happy,HAP,1062_ITH_HAP_XX.wav,True,70514,1611608510000000000
/Users/jordanacle/Downloads/archive/Crema/1062_ITH_NEU_XX.wav,1062,neutral,NEU,1062_ITH_NEU_XX.wav,True,87598,1611608510000000000
/Users/jordanacle/Downloads/archive/Crema/1062_ITS_ANG_XX.wav,1062,angry,ANG,1062_ITS_ANG_XX.wav,True,72650,1611608510000000000
/Users/jordanacle/Downloads/archive/Crema/1062_ITS_DIS_XX.wav,1062,disgust,DIS,1062_ITS_DIS_XX.wav,True,81192,1611608510000000000
/Users/jordanacle/Downloads/archive/Crema/1062_ITS_HAP_XX.wav,1062,happy,HAP,1062_ITS_HAP_XX.wav,True,66244,1611608510000000000
/Users/jordanacle/Downloads/archive/Crema/1062_ITS_NEU_XX.wav,1062,neutral,NEU,1062_ITS_NEU_XX.wav,True,74786,1611608510000000000
/Users/jordanacle/Downloads/archive/Crema/1062_ITS_SAD_XX.wav,1062,sad,SAD,1062_ITS_SAD_XX.wav,True,73718,1611608510000000000
/Users/jordanacle/Downloads/archive/Crema/1062_IWL_ANG_XX.wav,1062,angry,ANG,1062_IWL_ANG_XX.wav,True,79056,1611608510000000000
/Users/jordanacle/Downloads/archive/Crema/1062_IWL_DIS_XX.wav,1062,disgust,DIS,1062_IWL_DIS_XX.wav,True,91870,1611608510000000000
/Users/jordanacle/Downloads/archive/Crema/1062_IWL_NEU_XX.wav,1062,neutral,NEU,1062_IWL_NEU_XX.wav,True,77988,1611608510000000000
/Users/jordanacle/Downloads/archive/Crema/1062_IWL_FEA_XX.wav,1062,fear,FEA,1062_IWL_FEA_XX.wav,True,96140,1611608510000000000
/Users/jordanacle/Downloads/archive/Crema/1062_IWW_ANG_XX.wav,1062,angry,ANG,1062_IWW_ANG_XX.wav,True,52362,1611608510000000000
/Users/jordanacle/Downloads/archive/Crema/1062_IWL_SAD_XX.wav,1062,sad,SAD,1062_IWL_SAD_XX.wav,True,69446,1611608510000000000
/Users/jordanacle/Downloads/archive/Crema/1062_IWW_DIS_XX.wav,1062,disgust,DIS,1062_IWW_DIS_XX.wav,True,55566,1611608510000000000
/Users/jordanacle/Downloads/archive/Crema/1062_IWW_FEA_XX.wav,1062,fear,FEA,1062_IWW_FEA_XX.wav,True,65176,1611608510000000000
/Users/jordanacle/Downloads/archive/Crema/1062_IWW_HAP_XX.wav,1062,happy,HAP,1062_IWW_HAP_XX.wav,True,60904,1611608510000000000
/Users/jordanacle/Downloads/archive/Crema/1062_IWW_NEU_XX.wav,1062,neutral,NEU,1062_IWW_NEU_XX.wav,True,59838,1611608510000000000
/Users/jordanacle/Downloads/archive/Crema/1062_MTI_ANG_XX.wav,1062,angry,ANG,1062_MTI_ANG_XX.wav,True,73090,1611608510000000000
/Users/jordanacle/Downloads/archive/Crema/1062_IWW_SAD_XX.wav,1062,sad,SAD,1062_IWW_SAD_XX.wav,True,61972,1611608510000000000
/Users/jordanacle/Downloads/archive/Crema/1062_MTI_DIS_XX.wav,1062,disgust,DIS,1062_MTI_DIS_XX.wav,True,79056,1611608510000000000
/Users/jordanacle/Downloads/archive/Crema/1062_MTI_FEA_XX.wav,1062,fear,FEA,1062_MTI_FEA_XX.wav,True,75854,1611608510000000000
/Users/jordanacle/Downloads/archive/Crema/1062_MTI_NEU_XX.wav,1062,neutral,NEU,1062_MTI_NEU_XX.wav,True,84394,1611608510000000000
/Users/jordanacle/Downloads/archive/Crema/1062_MTI_HAP_XX.wav,1062,happy,HAP,1062_MTI_HAP_XX.wav,True,67312,1611608510000000000
/Users/jordanacle/Downloads/archive/Crema/1062_MTI_SAD_XX.wav,1062,sad,SAD,1062_MTI_SAD_XX.wav,True,67312,1611608510000000000
/Users/jordanacle/Downloads/archive/Crema/1062_TAI_ANG_XX.wav,1062,angry,ANG,1062_TAI_ANG_XX.wav,True,65176,1611608510000000000
/Users/jordanacle/Downloads/archive/Crema/1062_TAI_NEU_XX.wav,1062,neutral,NEU,1062_TAI_NEU_XX.wav,True,60904,1611608510000000000
/Users/jordanacle/Downloads/archive/Crema/1062_TAI_HAP_XX.wav,1062,happy,HAP,1062_TAI_HAP_XX.wav,True,57702,1611608510000000000
/Users/jordanacle/Downloads/archive/Crema/1062_TAI_SAD_XX.wav,1062,sad,SAD,1062_TAI_SAD_XX.wav,True,73718,1611608510000000000
/Users/jordanacle/Downloads/archive/Crema/1062_TIE_ANG_XX.wav,1062,angry,ANG,1062_TIE_ANG_XX.wav,True,91868,1611608510000000000
/Users/jordanacle/Downloads/archive/Crema/1062_TIE_DIS_XX.wav,1062,disgust,DIS,1062_TIE_DIS_XX.wav,True,122834,1611608510000000000
/Users/jordanacle/Downloads/archive/Crema/1062_TIE_HAP_XX.wav,1062,happy,HAP,1062_TIE_HAP_XX.wav,True,82260,1611608510000000000
/Users/jordanacle/Downloads/archive/Crema/1062_TIE_FEA_XX.wav,1062,fear,FEA,1062_TIE_FEA_XX.wav,True,102546,1611608510000000000
/Users/jordanacle/Downloads/archive/Crema/1062_TIE_NEU_XX.wav,1062,neutral,NEU,1062_TIE_NEU_XX.wav,True,73718,1611608510000000000
/Users/jordanacle/Downloads/archive/Crema/1062_TSI_ANG_XX.wav,1062,angry,ANG,1062_TSI_ANG_XX.wav,True,69446,1611608510000000000
/Users/jordanacle/Downloads/archive/Crema/1062_TSI_DIS_XX.wav,1062,disgust,DIS,1062_TSI_DIS_XX.wav,True,75854,1611608510000000000
/Users/jordanacle/Downloads/archive/Crema/1062_TSI_FEA_XX.wav,1062,fear,FEA,1062_TSI_FEA_XX.wav,True,75854,1611608510000000000
/Users/jordanacle/Downloads/archive/Crema/1062_TSI_HAP_XX.wav,1062,happy,HAP,1062_TSI_HAP_XX.wav,True,66244,1611608510000000000
/Users/jordanacle/Downloads/archive/Crema/1062_TSI_SAD_XX.wav,1062,sad,SAD,1062_TSI_SAD_XX.wav,True,73718,1611608510000000000
/Users/jordanacle/Downloads/archive/Crema/1062_WSI_ANG_XX.wav,1062,angry,ANG,1062_WSI_ANG_XX.wav,True,61972,1611608510000000000
/Users/jordanacle/Downloads/archive/Crema/1062_WSI_DIS_XX.wav,1062,disgust,DIS,1062_WSI_DIS_XX.wav,True,77988,1611608510000000000
/Users/jordanacle/Downloads/archive/Crema/1062_WSI_FEA_XX.wav,1062,fear,FEA,1062_WSI_FEA_XX.wav,True,86530,1611608510000000000
/Users/jordanacle/Downloads/archive/Crema/1062_WSI_NEU_XX.wav,1062,neutral,NEU,1062_WSI_NEU_XX.wav,True,84394,1611608510000000000
/Users/jordanacle/Downloads/archive/Crema/1062_WSI_HAP_XX.wav,1062,happy,HAP,1062_WSI_HAP_XX.wav,True,69446,1611608510000000000
/Users/jordanacle/Downloads/archive/Crema/1062_WSI_SAD_XX.wav,1062,sad,SAD,1062_WSI_SAD_XX.wav,True,73718,1611608510000000000
/Users/jordanacle/Downloads/archive/Crema/1063_DFA_DIS_XX.wav,1063,disgust,DIS,1063_DFA_DIS_XX.wav,True,61972,1611608510000000000
/Users/jordanacle/Downloads/archive/Crema/1063_DFA_FEA_XX.wav,1063,fear,FEA,1063_DFA_FEA_XX.wav,True,66244,1611608510000000000
/Users/jordanacle/Downloads/archive/Crema/1063_DFA_HAP_XX.wav,1063,happy,HAP,1063_DFA_HAP_XX.wav,True,43822,1611608510000000000
/Users/jordanacle/Downloads/archive/Crema/1063_DFA_NEU_XX.wav,1063,neutral,NEU,1063_DFA_NEU_XX.wav,True,55566,1611608510000000000
/Users/jordanacle/Downloads/archive/Crema/1063_DFA_SAD_XX.wav,1063,sad,SAD,1063_DFA_SAD_XX.wav,True,47024,1611608510000000000
/Users/jordanacle/Downloads/archive/Crema/1063_IEO_ANG_HI.wav,1063,angry,ANG,1063_IEO_ANG_HI.wav,True,70514,1611608510000000000
/Users/jordanacle/Downloads/archive/Crema/1063_IEO_ANG_MD.wav,1063,angry,ANG,1063_IEO_ANG_MD.wav,True,72650,1611608510000000000
/Users/jordanacle/Downloads/archive/Crema/1063_IEO_ANG_LO.wav,1063,angry,ANG,1063_IEO_ANG_LO.wav,True,65176,1611608510000000000
/Users/jordanacle/Downloads/archive/Crema/1063_IEO_DIS_LO.wav,1063,disgust,DIS,1063_IEO_DIS_LO.wav,True,69446,1611608510000000000
/Users/jordanacle/Downloads/archive/Crema/1063_IEO_DIS_MD.wav,1063,disgust,DIS,1063_IEO_DIS_MD.wav,True,63040,1611608510000000000
/Users/jordanacle/Downloads/archive/Crema/1063_IEO_FEA_HI.wav,1063,fear,FEA,1063_IEO_FEA_HI.wav,True,48092,1611608510000000000
/Users/jordanacle/Downloads/archive/Crema/1063_IEO_FEA_LO.wav,1063,fear,FEA,1063_IEO_FEA_LO.wav,True,49160,1611608510000000000
/Users/jordanacle/Downloads/archive/Crema/1063_IEO_FEA_MD.wav,1063,fear,FEA,1063_IEO_FEA_MD.wav,True,75854,1611608510000000000
/Users/jordanacle/Downloads/archive/Crema/1063_IEO_HAP_HI.wav,1063,happy,HAP,1063_IEO_HAP_HI.wav,True,52362,1611608510000000000
/Users/jordanacle/Downloads/archive/Crema/1063_IEO_HAP_LO.wav,1063,happy,HAP,1063_IEO_HAP_LO.wav,True,55566,1611608510000000000
/Users/jordanacle/Downloads/archive/Crema/1063_IEO_HAP_MD.wav,1063,happy,HAP,1063_IEO_HAP_MD.wav,True,54498,1611608510000000000
/Users/jordanacle/Downloads/archive/Crema/1063_IEO_SAD_MD.wav,1063,sad,SAD,1063_IEO_SAD_MD.wav,True,64108,1611608510000000000
/Users/jordanacle/Downloads/archive/Crema/1063_IEO_SAD_LO.wav,1063,sad,SAD,1063_IEO_SAD_LO.wav,True,63040,1611608510000000000
/Users/jordanacle/Downloads/archive/Crema/1063_IOM_DIS_XX.wav,1063,disgust,DIS,1063_IOM_DIS_XX.wav,True,77988,1611608510000000000
/Users/jordanacle/Downloads/archive/Crema/1063_IOM_ANG_XX.wav,1063,angry,ANG,1063_IOM_ANG_XX.wav,True,65176,1611608510000000000
/Users/jordanacle/Downloads/archive/Crema/1063_IOM_FEA_XX.wav,1063,fear,FEA,1063_IOM_FEA_XX.wav,True,74786,1611608510000000000
/Users/jordanacle/Downloads/archive/Crema/1063_IOM_HAP_XX.wav,1063,happy,HAP,1063_IOM_HAP_XX.wav,True,53430,1611608510000000000
/Users/jordanacle/Downloads/archive/Crema/1063_IOM_SAD_XX.wav,1063,sad,SAD,1063_IOM_SAD_XX.wav,True,75854,1611608510000000000
/Users/jordanacle/Downloads/archive/Crema/1063_ITH_ANG_XX.wav,1063,angry,ANG,1063_ITH_ANG_XX.wav,True,84394,1611608510000000000
/Users/jordanacle/Downloads/archive/Crema/1063_IOM_NEU_XX.wav,1063,neutral,NEU,1063_IOM_NEU_XX.wav,True,67312,1611608510000000000
/Users/jordanacle/Downloads/archive/Crema/1063_ITH_HAP_XX.wav,1063,happy,HAP,1063_ITH_HAP_XX.wav,True,74786,1611608510000000000
/Users/jordanacle/Downloads/archive/Crema/1063_ITH_NEU_XX.wav,1063,neutral,NEU,1063_ITH_NEU_XX.wav,True,81192,1611608510000000000
/Users/jordanacle/Downloads/archive/Crema/1063_ITH_SAD_XX.wav,1063,sad,SAD,1063_ITH_SAD_XX.wav,True,73718,1611608510000000000
/Users/jordanacle/Downloads/archive/Crema/1063_ITS_ANG_XX.wav,1063,angry,ANG,1063_ITS_ANG_XX.wav,True,55566,1611608510000000000
/Users/jordanacle/Downloads/archive/Crema/1063_ITS_HAP_XX.wav,1063,happy,HAP,1063_ITS_HAP_XX.wav,True,57702,1611608510000000000
/Users/jordanacle/Downloads/archive/Crema/1063_ITS_NEU_XX.wav,1063,neutral,NEU,1063_ITS_NEU_XX.wav,True,69446,1611608510000000000
/Users/jordanacle/Downloads/archive/Crema/1063_IWL_ANG_XX.wav,1063,angry,ANG,1063_IWL_ANG_XX.wav,True,58770,1611608510000000000
/Users/jordanacle/Downloads/archive/Crema/1063_IWL_FEA_XX.wav,1063,fear,FEA,1063_IWL_FEA_XX.wav,True,69446,1611608510000000000
/Users/jordanacle/Downloads/archive/Crema/1063_IWL_HAP_XX.wav,1063,happy,HAP,1063_IWL_HAP_XX.wav,True,77988,1611608510000000000
/Users/jordanacle/Downloads/archive/Crema/1063_IWL_DIS_XX.wav,1063,disgust,DIS,1063_IWL_DIS_XX.wav,True,92936,1611608510000000000
/Users/jordanacle/Downloads/archive/Crema/1063_IWL_NEU_XX.wav,1063,neutral,NEU,1063_IWL_NEU_XX.wav,True,70514,1611608510000000000
/Users/jordanacle/Downloads/archive/Crema/1063_IWW_ANG_XX.wav,1063,angry,ANG,1063_IWW_ANG_XX.wav,True,58770,1611608510000000000
/Users/jordanacle/Downloads/archive/Crema/1063_IWL_SAD_XX.wav,1063,sad,SAD,1063_IWL_SAD_XX.wav,True,83328,1611608510000000000
/Users/jordanacle/Downloads/archive/Crema/1063_IWW_DIS_XX.wav,1063,disgust,DIS,1063_IWW_DIS_XX.wav,True,65176,1611608510000000000
/Users/jordanacle/Downloads/archive/Crema/1063_IWW_NEU_XX.wav,1063,neutral,NEU,1063_IWW_NEU_XX.wav,True,63040,1611608510000000000
/Users/jordanacle/Downloads/archive/Crema/1063_IWW_FEA_XX.wav,1063,fear,FEA,1063_IWW_FEA_XX.wav,True,84394,1611608510000000000
/Users/jordanacle/Downloads/archive/Crema/1063_IWW_SAD_XX.wav,1063,sad,SAD,1063_IWW_SAD_XX.wav,True,63040,1611608510000000000
/Users/jordanacle/Downloads/archive/Crema/1063_MTI_NEU_XX.wav,1063,neutral,NEU,1063_MTI_NEU_XX.wav,True,77988,1611608510000000000
/Users/jordanacle/Downloads/archive/Crema/1063_MTI_FEA_XX.wav,1063,fear,FEA,1063_MTI_FEA_XX.wav,True,83328,1611608510000000000
/Users/jordanacle/Downloads/archive/Crema/1063_MTI_SAD_XX.wav,1063,sad,SAD,1063_MTI_SAD_XX.wav,True,88666,1611608510000000000
/Users/jordanacle/Downloads/archive/Crema/1063_MTI_HAP_XX.wav,1063,happy,HAP,1063_MTI_HAP_XX.wav,True,69446,1611608510000000000
/Users/jordanacle/Downloads/archive/Crema/1063_TAI_HAP_XX.wav,1063,happy,HAP,1063_TAI_HAP_XX.wav,True,64108,1611608510000000000
/Users/jordanacle/Downloads/archive/Crema/1063_TAI_ANG_XX.wav,1063,angry,ANG,1063_TAI_ANG_XX.wav,True,66244,1611608510000000000
/Users/jordanacle/Downloads/archive/Crema/1063_TAI_NEU_XX.wav,1063,neutral,NEU,1063_TAI_NEU_XX.wav,True,79056,1611608512000000000
/Users/jordanacle/Downloads/archive/Crema/1063_TIE_ANG_XX.wav,1063,angry,ANG,1063_TIE_ANG_XX.wav,True,85462,1611608512000000000
/Users/jordanacle/Downloads/archive/Crema/1063_TIE_HAP_XX.wav,1063,happy,HAP,1063_TIE_HAP_XX.wav,True,83328,1611608512000000000
/Users/jordanacle/Downloads/archive/Crema/1063_TIE_NEU_XX.wav,1063,neutral,NEU,1063_TIE_NEU_XX.wav,True,88666,1611608512000000000
/Users/jordanacle/Downloads/archive/Crema/1063_TSI_ANG_XX.wav,1063,angry,ANG,1063_TSI_ANG_XX.wav,True,64108,1611608512000000000
/Users/jordanacle/Downloads/archive/Crema/1063_TSI_FEA_XX.wav,1063,fear,FEA,1063_TSI_FEA_XX.wav,True,59838,1611608512000000000
/Users/jordanacle/Downloads/archive/Crema/1063_TSI_DIS_XX.wav,1063,disgust,DIS,1063_TSI_DIS_XX.wav,True,81192,1611608512000000000
/Users/jordanacle/Downloads/archive/Crema/1063_TSI_SAD_XX.wav,1063,sad,SAD,1063_TSI_SAD_XX.wav,True,60904,1611608512000000000
/Users/jordanacle/Downloads/archive/Crema/1063_WSI_DIS_XX.wav,1063,disgust,DIS,1063_WSI_DIS_XX.wav,True,92936,1611608512000000000
/Users/jordanacle/Downloads/archive/Crema/1063_TSI_HAP_XX.wav,1063,happy,HAP,1063_TSI_HAP_XX.wav,True,56634,1611608512000000000
/Users/jordanacle/Downloads/archive/Crema/1063_WSI_FEA_XX.wav,1063,fear,FEA,1063_WSI_FEA_XX.wav,True,63040,1611608512000000000
/Users/jordanacle/Downloads/archive/Crema/1063_WSI_HAP_XX.wav,1063,happy,HAP,1063_WSI_HAP_XX.wav,True,67312,1611608512000000000
/Users/jordanacle/Downloads/archive/Crema/1063_WSI_NEU_XX.wav,1063,neutral,NEU,1063_WSI_NEU_XX.wav,True,74786,1611608512000000000
/Users/jordanacle/Downloads/archive/Crema/1063_WSI_SAD_XX.wav,1063,sad,SAD,1063_WSI_SAD_XX.wav,True,67312,1611608512000000000
/Users/jordanacle/Downloads/archive/Crema/1064_DFA_DIS_XX.wav,1064,disgust,DIS,1064_DFA_DIS_XX.wav,True,123902,1611608512000000000
/Users/jordanacle/Downloads/archive/Crema/1064_DFA_HAP_XX.wav,1064,happy,HAP,1064_DFA_HAP_XX.wav,True,71582,1611608512000000000
/Users/jordanacle/Downloads/archive/Crema/1064_DFA_FEA_XX.wav,1064,fear,FEA,1064_DFA_FEA_XX.wav,True,75852,1611608512000000000
/Users/jordanacle/Downloads/archive/Crema/1064_DFA_NEU_XX.wav,1064,neutral,NEU,1064_DFA_NEU_XX.wav,True,73718,1611608512000000000
/Users/jordanacle/Downloads/archive/Crema/1064_DFA_SAD_XX.wav,1064,sad,SAD,1064_DFA_SAD_XX.wav,True,114292,1611608512000000000
/Users/jordanacle/Downloads/archive/Crema/1064_IEO_ANG_HI.wav,1064,angry,ANG,1064_IEO_ANG_HI.wav,True,71582,1611608512000000000
/Users/jordanacle/Downloads/archive/Crema/1064_IEO_ANG_LO.wav,1064,angry,ANG,1064_IEO_ANG_LO.wav,True,75852,1611608512000000000
/Users/jordanacle/Downloads/archive/Crema/1064_IEO_ANG_MD.wav,1064,angry,ANG,1064_IEO_ANG_MD.wav,True,97208,1611608512000000000
/Users/jordanacle/Downloads/archive/Crema/1064_IEO_DIS_HI.wav,1064,disgust,DIS,1064_IEO_DIS_HI.wav,True,127104,1611608512000000000
/Users/jordanacle/Downloads/archive/Crema/1064_IEO_DIS_LO.wav,1064,disgust,DIS,1064_IEO_DIS_LO.wav,True,97208,1611608512000000000
/Users/jordanacle/Downloads/archive/Crema/1064_IEO_FEA_HI.wav,1064,fear,FEA,1064_IEO_FEA_HI.wav,True,94004,1611608512000000000
/Users/jordanacle/Downloads/archive/Crema/1064_IEO_FEA_LO.wav,1064,fear,FEA,1064_IEO_FEA_LO.wav,True,96140,1611608512000000000
/Users/jordanacle/Downloads/archive/Crema/1064_IEO_DIS_MD.wav,1064,disgust,DIS,1064_IEO_DIS_MD.wav,True,131376,1611608512000000000
/Users/jordanacle/Downloads/archive/Crema/1064_IEO_HAP_HI.wav,1064,happy,HAP,1064_IEO_HAP_HI.wav,True,99344,1611608512000000000
/Users/jordanacle/Downloads/archive/Crema/1064_IEO_FEA_MD.wav,1064,fear,FEA,1064_IEO_FEA_MD.wav,True,107884,1611608512000000000
/Users/jordanacle/Downloads/archive/Crema/1064_IEO_HAP_LO.wav,1064,happy,HAP,1064_IEO_HAP_LO.wav,True,70514,1611608512000000000
/Users/jordanacle/Downloads/archive/Crema/1064_IEO_HAP_MD.wav,1064,happy,HAP,1064_IEO_HAP_MD.wav,True,110020,1611608512000000000
/Users/jordanacle/Downloads/archive/Crema/1064_IEO_SAD_LO.wav,1064,sad,SAD,1064_IEO_SAD_LO.wav,True,67312,1611608512000000000
/Users/jordanacle/Downloads/archive/Crema/1064_IEO_SAD_MD.wav,1064,sad,SAD,1064_IEO_SAD_MD.wav,True,87598,1611608512000000000
/Users/jordanacle/Downloads/archive/Crema/1064_IOM_ANG_XX.wav,1064,angry,ANG,1064_IOM_ANG_XX.wav,True,117494,1611608512000000000
/Users/jordanacle/Downloads/archive/Crema/1064_IOM_DIS_XX.wav,1064,disgust,DIS,1064_IOM_DIS_XX.wav,True,155934,1611608512000000000
/Users/jordanacle/Downloads/archive/Crema/1064_IOM_FEA_XX.wav,1064,fear,FEA,1064_IOM_FEA_XX.wav,True,94004,1611608512000000000
/Users/jordanacle/Downloads/archive/Crema/1064_ITH_ANG_XX.wav,1064,angry,ANG,1064_ITH_ANG_XX.wav,True,102546,1611608512000000000
/Users/jordanacle/Downloads/archive/Crema/1064_IOM_SAD_XX.wav,1064,sad,SAD,1064_IOM_SAD_XX.wav,True,86530,1611608512000000000
/Users/jordanacle/Downloads/archive/Crema/1064_IOM_HAP_XX.wav,1064,happy,HAP,1064_IOM_HAP_XX.wav,True,91868,1611608512000000000
/Users/jordanacle/Downloads/archive/Crema/1064_ITH_DIS_XX.wav,1064,disgust,DIS,1064_ITH_DIS_XX.wav,True,139918,1611608512000000000
/Users/jordanacle/Downloads/archive/Crema/1064_ITH_FEA_XX.wav,1064,fear,FEA,1064_ITH_FEA_XX.wav,True,114292,1611608512000000000
/Users/jordanacle/Downloads/archive/Crema/1064_ITH_HAP_XX.wav,1064,happy,HAP,1064_ITH_HAP_XX.wav,True,119630,1611608512000000000
/Users/jordanacle/Downloads/archive/Crema/1064_ITS_ANG_XX.wav,1064,angry,ANG,1064_ITS_ANG_XX.wav,True,92936,1611608512000000000
/Users/jordanacle/Downloads/archive/Crema/1064_ITH_NEU_XX.wav,1064,neutral,NEU,1064_ITH_NEU_XX.wav,True,112156,1611608512000000000
/Users/jordanacle/Downloads/archive/Crema/1064_ITS_HAP_XX.wav,1064,happy,HAP,1064_ITS_HAP_XX.wav,True,91868,1611608512000000000
/Users/jordanacle/Downloads/archive/Crema/1064_ITS_NEU_XX.wav,1064,neutral,NEU,1064_ITS_NEU_XX.wav,True,74786,1611608512000000000
/Users/jordanacle/Downloads/archive/Crema/1064_IWL_ANG_XX.wav,1064,angry,ANG,1064_IWL_ANG_XX.wav,True,129240,1611608512000000000
/Users/jordanacle/Downloads/archive/Crema/1064_IWL_DIS_XX.wav,1064,disgust,DIS,1064_IWL_DIS_XX.wav,True,94004,1611608512000000000
/Users/jordanacle/Downloads/archive/Crema/1064_IWL_FEA_XX.wav,1064,fear,FEA,1064_IWL_FEA_XX.wav,True,122834,1611608512000000000
/Users/jordanacle/Downloads/archive/Crema/1064_IWL_NEU_XX.wav,1064,neutral,NEU,1064_IWL_NEU_XX.wav,True,74786,1611608512000000000
/Users/jordanacle/Downloads/archive/Crema/1064_IWL_SAD_XX.wav,1064,sad,SAD,1064_IWL_SAD_XX.wav,True,86530,1611608512000000000
/Users/jordanacle/Downloads/archive/Crema/1064_IWW_ANG_XX.wav,1064,angry,ANG,1064_IWW_ANG_XX.wav,True,83328,1611608512000000000
/Users/jordanacle/Downloads/archive/Crema/1064_IWW_DIS_XX.wav,1064,disgust,DIS,1064_IWW_DIS_XX.wav,True,122834,1611608512000000000
/Users/jordanacle/Downloads/archive/Crema/1064_IWW_FEA_XX.wav,1064,fear,FEA,1064_IWW_FEA_XX.wav,True,61972,1611608512000000000
/Users/jordanacle/Downloads/archive/Crema/1064_IWW_NEU_XX.wav,1064,neutral,NEU,1064_IWW_NEU_XX.wav,True,76920,1611608512000000000
/Users/jordanacle/Downloads/archive/Crema/1064_IWW_SAD_XX.wav,1064,sad,SAD,1064_IWW_SAD_XX.wav,True,128172,1611608512000000000
/Users/jordanacle/Downloads/archive/Crema/1064_MTI_DIS_XX.wav,1064,disgust,DIS,1064_MTI_DIS_XX.wav,True,153798,1611608512000000000
/Users/jordanacle/Downloads/archive/Crema/1064_MTI_HAP_XX.wav,1064,happy,HAP,1064_MTI_HAP_XX.wav,True,108952,1611608512000000000
/Users/jordanacle/Downloads/archive/Crema/1064_MTI_FEA_XX.wav,1064,fear,FEA,1064_MTI_FEA_XX.wav,True,132442,1611608512000000000
/Users/jordanacle/Downloads/archive/Crema/1064_MTI_NEU_XX.wav,1064,neutral,NEU,1064_MTI_NEU_XX.wav,True,88666,1611608512000000000
/Users/jordanacle/Downloads/archive/Crema/1064_MTI_SAD_XX.wav,1064,sad,SAD,1064_MTI_SAD_XX.wav,True,126036,1611608512000000000
/Users/jordanacle/Downloads/archive/Crema/1064_TAI_ANG_XX.wav,1064,angry,ANG,1064_TAI_ANG_XX.wav,True,105750,1611608512000000000
/Users/jordanacle/Downloads/archive/Crema/1064_TAI_FEA_XX.wav,1064,fear,FEA,1064_TAI_FEA_XX.wav,True,105750,1611608512000000000
/Users/jordanacle/Downloads/archive/Crema/1064_TAI_HAP_XX.wav,1064,happy,HAP,1064_TAI_HAP_XX.wav,True,117494,1611608512000000000
/Users/jordanacle/Downloads/archive/Crema/1064_TAI_NEU_XX.wav,1064,neutral,NEU,1064_TAI_NEU_XX.wav,True,76920,1611608512000000000
/Users/jordanacle/Downloads/archive/Crema/1064_TIE_HAP_XX.wav,1064,happy,HAP,1064_TIE_HAP_XX.wav,True,122834,1611608512000000000
/Users/jordanacle/Downloads/archive/Crema/1064_TIE_ANG_XX.wav,1064,angry,ANG,1064_TIE_ANG_XX.wav,True,105750,1611608512000000000
/Users/jordanacle/Downloads/archive/Crema/1064_TIE_NEU_XX.wav,1064,neutral,NEU,1064_TIE_NEU_XX.wav,True,103614,1611608512000000000
/Users/jordanacle/Downloads/archive/Crema/1064_TSI_ANG_XX.wav,1064,angry,ANG,1064_TSI_ANG_XX.wav,True,100410,1611608512000000000
/Users/jordanacle/Downloads/archive/Crema/1064_TSI_DIS_XX.wav,1064,disgust,DIS,1064_TSI_DIS_XX.wav,True,111088,1611608512000000000
/Users/jordanacle/Downloads/archive/Crema/1064_TSI_FEA_XX.wav,1064,fear,FEA,1064_TSI_FEA_XX.wav,True,85462,1611608512000000000
/Users/jordanacle/Downloads/archive/Crema/1064_TSI_HAP_XX.wav,1064,happy,HAP,1064_TSI_HAP_XX.wav,True,110020,1611608512000000000
/Users/jordanacle/Downloads/archive/Crema/1064_TSI_NEU_XX.wav,1064,neutral,NEU,1064_TSI_NEU_XX.wav,True,69446,1611608512000000000
/Users/jordanacle/Downloads/archive/Crema/1064_WSI_FEA_XX.wav,1064,fear,FEA,1064_WSI_FEA_XX.wav,True,71582,1611608512000000000
/Users/jordanacle/Downloads/archive/Crema/1064_WSI_DIS_XX.wav,1064,disgust,DIS,1064_WSI_DIS_XX.wav,True,111088,1611608512000000000
/Users/jordanacle/Downloads/archive/Crema/1064_WSI_HAP_XX.wav,1064,happy,HAP,1064_WSI_HAP_XX.wav,True,110020,1611608512000000000
/Users/jordanacle/Downloads/archive/Crema/1064_WSI_SAD_XX.wav,1064,sad,SAD,1064_WSI_SAD_XX.wav,True,71582,1611608512000000000
/Users/jordanacle/Downloads/archive/Crema/1064_TSI_SAD_XX.wav,1064,sad,SAD,1064_TSI_SAD_XX.wav,True,104682,1611608512000000000
/Users/jordanacle/Downloads/archive/Crema/1064_WSI_NEU_XX.wav,1064,neutral,NEU,1064_WSI_NEU_XX.wav,True,73718,1611608512000000000
/Users/jordanacle/Downloads/archive/Crema/1065_DFA_DIS_XX.wav,1065,disgust,DIS,1065_DFA_DIS_XX.wav,True,63040,1611608512000000000
/Users/jordanacle/Downloads/archive/Crema/1065_DFA_FEA_XX.wav,1065,fear,FEA,1065_DFA_FEA_XX.wav,True,77988,1611608512000000000
/Users/jordanacle/Downloads/archive/Crema/1065_DFA_HAP_XX.wav,1065,happy,HAP,1065_DFA_HAP_XX.wav,True,61972,1611608512000000000
/Users/jordanacle/Downloads/archive/Crema/1065_DFA_NEU_XX.wav,1065,neutral,NEU,1065_DFA_NEU_XX.wav,True,68378,1611608512000000000
/Users/jordanacle/Downloads/archive/Crema/1065_DFA_SAD_XX.wav,1065,sad,SAD,1065_DFA_SAD_XX.wav,True,72650,1611608512000000000
/Users/jordanacle/Downloads/archive/Crema/1065_IEO_ANG_HI.wav,1065,angry,ANG,1065_IEO_ANG_HI.wav,True,72650,1611608512000000000
/Users/jordanacle/Downloads/archive/Crema/1065_IEO_ANG_LO.wav,1065,angry,ANG,1065_IEO_ANG_LO.wav,True,60904,1611608512000000000
/Users/jordanacle/Downloads/archive/Crema/1065_IEO_FEA_LO.wav,1065,fear,FEA,1065_IEO_FEA_LO.wav,True,51296,1611608512000000000
/Users/jordanacle/Downloads/archive/Crema/1065_IEO_DIS_LO.wav,1065,disgust,DIS,1065_IEO_DIS_LO.wav,True,42754,1611608512000000000
/Users/jordanacle/Downloads/archive/Crema/1065_IEO_DIS_MD.wav,1065,disgust,DIS,1065_IEO_DIS_MD.wav,True,59838,1611608512000000000
/Users/jordanacle/Downloads/archive/Crema/1065_IEO_FEA_MD.wav,1065,fear,FEA,1065_IEO_FEA_MD.wav,True,70514,1611608512000000000
/Users/jordanacle/Downloads/archive/Crema/1065_IEO_HAP_LO.wav,1065,happy,HAP,1065_IEO_HAP_LO.wav,True,53430,1611608512000000000
/Users/jordanacle/Downloads/archive/Crema/1065_IEO_HAP_HI.wav,1065,happy,HAP,1065_IEO_HAP_HI.wav,True,69446,1611608512000000000
/Users/jordanacle/Downloads/archive/Crema/1065_IEO_HAP_MD.wav,1065,happy,HAP,1065_IEO_HAP_MD.wav,True,65176,1611608512000000000
/Users/jordanacle/Downloads/archive/Crema/1065_IEO_NEU_XX.wav,1065,neutral,NEU,1065_IEO_NEU_XX.wav,True,54498,1611608512000000000
/Users/jordanacle/Downloads/archive/Crema/1065_IEO_SAD_LO.wav,1065,sad,SAD,1065_IEO_SAD_LO.wav,True,64108,1611608512000000000
/Users/jordanacle/Downloads/archive/Crema/1065_IEO_SAD_MD.wav,1065,sad,SAD,1065_IEO_SAD_MD.wav,True,70514,1611608512000000000
/Users/jordanacle/Downloads/archive/Crema/1065_IOM_DIS_XX.wav,1065,disgust,DIS,1065_IOM_DIS_XX.wav,True,59836,1611608512000000000
/Users/jordanacle/Downloads/archive/Crema/1065_IOM_ANG_XX.wav,1065,angry,ANG,1065_IOM_ANG_XX.wav,True,66244,1611608512000000000
/Users/jordanacle/Downloads/archive/Crema/1065_IOM_SAD_XX.wav,1065,sad,SAD,1065_IOM_SAD_XX.wav,True,63040,1611608512000000000
/Users/jordanacle/Downloads/archive/Crema/1065_IOM_HAP_XX.wav,1065,happy,HAP,1065_IOM_HAP_XX.wav,True,64108,1611608512000000000
/Users/jordanacle/Downloads/archive/Crema/1065_ITH_ANG_XX.wav,1065,angry,ANG,1065_ITH_ANG_XX.wav,True,74786,1611608512000000000
/Users/jordanacle/Downloads/archive/Crema/1065_IOM_FEA_XX.wav,1065,fear,FEA,1065_IOM_FEA_XX.wav,True,76920,1611608512000000000
/Users/jordanacle/Downloads/archive/Crema/1065_ITH_HAP_XX.wav,1065,happy,HAP,1065_ITH_HAP_XX.wav,True,81192,1611608512000000000
/Users/jordanacle/Downloads/archive/Crema/1065_ITH_NEU_XX.wav,1065,neutral,NEU,1065_ITH_NEU_XX.wav,True,90802,1611608512000000000
/Users/jordanacle/Downloads/archive/Crema/1065_ITH_SAD_XX.wav,1065,sad,SAD,1065_ITH_SAD_XX.wav,True,83328,1611608512000000000
/Users/jordanacle/Downloads/archive/Crema/1065_ITS_ANG_XX.wav,1065,angry,ANG,1065_ITS_ANG_XX.wav,True,65176,1611608512000000000
/Users/jordanacle/Downloads/archive/Crema/1065_ITS_FEA_XX.wav,1065,fear,FEA,1065_ITS_FEA_XX.wav,True,87598,1611608512000000000
/Users/jordanacle/Downloads/archive/Crema/1065_ITS_DIS_XX.wav,1065,disgust,DIS,1065_ITS_DIS_XX.wav,True,73718,1611608512000000000
/Users/jordanacle/Downloads/archive/Crema/1065_ITS_NEU_XX.wav,1065,neutral,NEU,1065_ITS_NEU_XX.wav,True,66244,1611608512000000000
/Users/jordanacle/Downloads/archive/Crema/1065_ITS_HAP_XX.wav,1065,happy,HAP,1065_ITS_HAP_XX.wav,True,67312,1611608512000000000
/Users/jordanacle/Downloads/archive/Crema/1065_IWL_ANG_XX.wav,1065,angry,ANG,1065_IWL_ANG_XX.wav,True,70514,1611608512000000000
/Users/jordanacle/Downloads/archive/Crema/1065_IWL_DIS_XX.wav,1065,disgust,DIS,1065_IWL_DIS_XX.wav,True,70514,1611608512000000000
/Users/jordanacle/Downloads/archive/Crema/1065_IWL_FEA_XX.wav,1065,fear,FEA,1065_IWL_FEA_XX.wav,True,72862,1611608512000000000
/Users/jordanacle/Downloads/archive/Crema/1065_IWL_NEU_XX.wav,1065,neutral,NEU,1065_IWL_NEU_XX.wav,True,72650,1611608512000000000
/Users/jordanacle/Downloads/archive/Crema/1065_IWW_ANG_XX.wav,1065,angry,ANG,1065_IWW_ANG_XX.wav,True,66244,1611608512000000000
/Users/jordanacle/Downloads/archive/Crema/1065_IWL_SAD_XX.wav,1065,sad,SAD,1065_IWL_SAD_XX.wav,True,92936,1611608512000000000
/Users/jordanacle/Downloads/archive/Crema/1065_IWW_DIS_XX.wav,1065,disgust,DIS,1065_IWW_DIS_XX.wav,True,67312,1611608512000000000
/Users/jordanacle/Downloads/archive/Crema/1065_IWW_FEA_XX.wav,1065,fear,FEA,1065_IWW_FEA_XX.wav,True,72650,1611608512000000000
/Users/jordanacle/Downloads/archive/Crema/1065_IWW_NEU_XX.wav,1065,neutral,NEU,1065_IWW_NEU_XX.wav,True,70514,1611608512000000000
/Users/jordanacle/Downloads/archive/Crema/1065_IWW_SAD_XX.wav,1065,sad,SAD,1065_IWW_SAD_XX.wav,True,79056,1611608512000000000
/Users/jordanacle/Downloads/archive/Crema/1065_MTI_DIS_XX.wav,1065,disgust,DIS,1065_MTI_DIS_XX.wav,True,72650,1611608512000000000
/Users/jordanacle/Downloads/archive/Crema/1065_MTI_FEA_XX.wav,1065,fear,FEA,1065_MTI_FEA_XX.wav,True,108952,1611608512000000000
/Users/jordanacle/Downloads/archive/Crema/1065_MTI_HAP_XX.wav,1065,happy,HAP,1065_MTI_HAP_XX.wav,True,72650,1611608512000000000
/Users/jordanacle/Downloads/archive/Crema/1065_MTI_NEU_XX.wav,1065,neutral,NEU,1065_MTI_NEU_XX.wav,True,81192,1611608512000000000
/Users/jordanacle/Downloads/archive/Crema/1065_TAI_ANG_XX.wav,1065,angry,ANG,1065_TAI_ANG_XX.wav,True,73718,1611608512000000000
/Users/jordanacle/Downloads/archive/Crema/1065_MTI_SAD_XX.wav,1065,sad,SAD,1065_MTI_SAD_XX.wav,True,75852,1611608512000000000
/Users/jordanacle/Downloads/archive/Crema/1065_TAI_FEA_XX.wav,1065,fear,FEA,1065_TAI_FEA_XX.wav,True,80124,1611608512000000000
/Users/jordanacle/Downloads/archive/Crema/1065_TAI_HAP_XX.wav,1065,happy,HAP,1065_TAI_HAP_XX.wav,True,72650,1611608512000000000
/Users/jordanacle/Downloads/archive/Crema/1065_TAI_NEU_XX.wav,1065,neutral,NEU,1065_TAI_NEU_XX.wav,True,77988,1611608512000000000
/Users/jordanacle/Downloads/archive/Crema/1065_TIE_ANG_XX.wav,1065,angry,ANG,1065_TIE_ANG_XX.wav,True,75852,1611608512000000000
/Users/jordanacle/Downloads/archive/Crema/1065_TIE_HAP_XX.wav,1065,happy,HAP,1065_TIE_HAP_XX.wav,True,77988,1611608512000000000
/Users/jordanacle/Downloads/archive/Crema/1065_TIE_NEU_XX.wav,1065,neutral,NEU,1065_TIE_NEU_XX.wav,True,76920,1611608512000000000
/Users/jordanacle/Downloads/archive/Crema/1065_TSI_ANG_XX.wav,1065,angry,ANG,1065_TSI_ANG_XX.wav,True,61972,1611608512000000000
/Users/jordanacle/Downloads/archive/Crema/1065_TSI_DIS_XX.wav,1065,disgust,DIS,1065_TSI_DIS_XX.wav,True,66244,1611608512000000000
/Users/jordanacle/Downloads/archive/Crema/1065_TSI_HAP_XX.wav,1065,happy,HAP,1065_TSI_HAP_XX.wav,True,70514,1611608512000000000
/Users/jordanacle/Downloads/archive/Crema/1065_TSI_SAD_XX.wav,1065,sad,SAD,1065_TSI_SAD_XX.wav,True,103614,1611608512000000000
/Users/jordanacle/Downloads/archive/Crema/1065_TSI_FEA_XX.wav,1065,fear,FEA,1065_TSI_FEA_XX.wav,True,90802,1611608512000000000
/Users/jordanacle/Downloads/archive/Crema/1065_WSI_DIS_XX.wav,1065,disgust,DIS,1065_WSI_DIS_XX.wav,True,72650,1611608512000000000
/Users/jordanacle/Downloads/archive/Crema/1065_WSI_FEA_XX.wav,1065,fear,FEA,1065_WSI_FEA_XX.wav,True,77988,1611608512000000000
/Users/jordanacle/Downloads/archive/Crema/1065_WSI_HAP_XX.wav,1065,happy,HAP,1065_WSI_HAP_XX.wav,True,59836,1611608512000000000
/Users/jordanacle/Downloads/archive/Crema/1065_WSI_NEU_XX.wav,1065,neutral,NEU,1065_WSI_NEU_XX.wav,True,83328,1611608512000000000
/Users/jordanacle/Downloads/archive/Crema/1066_DFA_ANG_XX.wav,1066,angry,ANG,1066_DFA_ANG_XX.wav,True,58770,1611608512000000000
/Users/jordanacle/Downloads/archive/Crema/1065_WSI_SAD_XX.wav,1065,sad,SAD,1065_WSI_SAD_XX.wav,True,69446,1611608512000000000
/Users/jordanacle/Downloads/archive/Crema/1066_DFA_HAP_XX.wav,1066,happy,HAP,1066_DFA_HAP_XX.wav,True,55566,1611608512000000000
/Users/jordanacle/Downloads/archive/Crema/1066_DFA_NEU_XX.wav,1066,neutral,NEU,1066_DFA_NEU_XX.wav,True,59836,1611608512000000000
/Users/jordanacle/Downloads/archive/Crema/1066_DFA_SAD_XX.wav,1066,sad,SAD,1066_DFA_SAD_XX.wav,True,67312,1611608512000000000
/Users/jordanacle/Downloads/archive/Crema/1066_IEO_ANG_LO.wav,1066,angry,ANG,1066_IEO_ANG_LO.wav,True,50228,1611608512000000000
/Users/jordanacle/Downloads/archive/Crema/1066_IEO_ANG_MD.wav,1066,angry,ANG,1066_IEO_ANG_MD.wav,True,63040,1611608512000000000
/Users/jordanacle/Downloads/archive/Crema/1066_IEO_DIS_LO.wav,1066,disgust,DIS,1066_IEO_DIS_LO.wav,True,60904,1611608512000000000
/Users/jordanacle/Downloads/archive/Crema/1066_IEO_DIS_HI.wav,1066,disgust,DIS,1066_IEO_DIS_HI.wav,True,55566,1611608512000000000
/Users/jordanacle/Downloads/archive/Crema/1066_IEO_FEA_HI.wav,1066,fear,FEA,1066_IEO_FEA_HI.wav,True,76920,1611608512000000000
/Users/jordanacle/Downloads/archive/Crema/1066_IEO_FEA_LO.wav,1066,fear,FEA,1066_IEO_FEA_LO.wav,True,66244,1611608512000000000
/Users/jordanacle/Downloads/archive/Crema/1066_IEO_NEU_XX.wav,1066,neutral,NEU,1066_IEO_NEU_XX.wav,True,61972,1611608512000000000
/Users/jordanacle/Downloads/archive/Crema/1066_IEO_HAP_MD.wav,1066,happy,HAP,1066_IEO_HAP_MD.wav,True,58770,1611608512000000000
/Users/jordanacle/Downloads/archive/Crema/1066_IEO_SAD_HI.wav,1066,sad,SAD,1066_IEO_SAD_HI.wav,True,83328,1611608512000000000
/Users/jordanacle/Downloads/archive/Crema/1066_IEO_HAP_HI.wav,1066,happy,HAP,1066_IEO_HAP_HI.wav,True,56634,1611608512000000000
/Users/jordanacle/Downloads/archive/Crema/1066_IEO_SAD_LO.wav,1066,sad,SAD,1066_IEO_SAD_LO.wav,True,75854,1611608512000000000
/Users/jordanacle/Downloads/archive/Crema/1066_IOM_ANG_XX.wav,1066,angry,ANG,1066_IOM_ANG_XX.wav,True,67312,1611608512000000000
/Users/jordanacle/Downloads/archive/Crema/1066_IOM_DIS_XX.wav,1066,disgust,DIS,1066_IOM_DIS_XX.wav,True,80124,1611608512000000000
/Users/jordanacle/Downloads/archive/Crema/1066_IOM_FEA_XX.wav,1066,fear,FEA,1066_IOM_FEA_XX.wav,True,68378,1611608512000000000
/Users/jordanacle/Downloads/archive/Crema/1066_IOM_NEU_XX.wav,1066,neutral,NEU,1066_IOM_NEU_XX.wav,True,67312,1611608512000000000
/Users/jordanacle/Downloads/archive/Crema/1066_IOM_SAD_XX.wav,1066,sad,SAD,1066_IOM_SAD_XX.wav,True,54498,1611608512000000000
/Users/jordanacle/Downloads/archive/Crema/1066_ITH_DIS_XX.wav,1066,disgust,DIS,1066_ITH_DIS_XX.wav,True,90802,1611608512000000000
/Users/jordanacle/Downloads/archive/Crema/1066_ITH_FEA_XX.wav,1066,fear,FEA,1066_ITH_FEA_XX.wav,True,77988,1611608512000000000
/Users/jordanacle/Downloads/archive/Crema/1066_ITH_HAP_XX.wav,1066,happy,HAP,1066_ITH_HAP_XX.wav,True,66244,1611608512000000000
/Users/jordanacle/Downloads/archive/Crema/1066_ITH_SAD_XX.wav,1066,sad,SAD,1066_ITH_SAD_XX.wav,True,75852,1611608512000000000
/Users/jordanacle/Downloads/archive/Crema/1066_ITH_NEU_XX.wav,1066,neutral,NEU,1066_ITH_NEU_XX.wav,True,63040,1611608512000000000
/Users/jordanacle/Downloads/archive/Crema/1066_ITS_DIS_XX.wav,1066,disgust,DIS,1066_ITS_DIS_XX.wav,True,98276,1611608512000000000
/Users/jordanacle/Downloads/archive/Crema/1066_ITS_FEA_XX.wav,1066,fear,FEA,1066_ITS_FEA_XX.wav,True,112156,1611608512000000000
/Users/jordanacle/Downloads/archive/Crema/1066_ITS_HAP_XX.wav,1066,happy,HAP,1066_ITS_HAP_XX.wav,True,60904,1611608512000000000
/Users/jordanacle/Downloads/archive/Crema/1066_ITS_NEU_XX.wav,1066,neutral,NEU,1066_ITS_NEU_XX.wav,True,66244,1611608512000000000
/Users/jordanacle/Downloads/archive/Crema/1066_ITS_SAD_XX.wav,1066,sad,SAD,1066_ITS_SAD_XX.wav,True,77988,1611608512000000000
/Users/jordanacle/Downloads/archive/Crema/1066_IWL_DIS_XX.wav,1066,disgust,DIS,1066_IWL_DIS_XX.wav,True,89734,1611608512000000000
/Users/jordanacle/Downloads/archive/Crema/1066_IWL_ANG_XX.wav,1066,angry,ANG,1066_IWL_ANG_XX.wav,True,86530,1611608512000000000
/Users/jordanacle/Downloads/archive/Crema/1066_IWL_HAP_XX.wav,1066,happy,HAP,1066_IWL_HAP_XX.wav,True,70514,1611608512000000000
/Users/jordanacle/Downloads/archive/Crema/1066_IWL_FEA_XX.wav,1066,fear,FEA,1066_IWL_FEA_XX.wav,True,76920,1611608512000000000
/Users/jordanacle/Downloads/archive/Crema/1066_IWL_SAD_XX.wav,1066,sad,SAD,1066_IWL_SAD_XX.wav,True,85462,1611608512000000000
/Users/jordanacle/Downloads/archive/Crema/1066_IWW_ANG_XX.wav,1066,angry,ANG,1066_IWW_ANG_XX.wav,True,77988,1611608512000000000
/Users/jordanacle/Downloads/archive/Crema/1066_IWW_DIS_XX.wav,1066,disgust,DIS,1066_IWW_DIS_XX.wav,True,75852,1611608512000000000
/Users/jordanacle/Downloads/archive/Crema/1066_IWW_FEA_XX.wav,1066,fear,FEA,1066_IWW_FEA_XX.wav,True,80124,1611608512000000000
/Users/jordanacle/Downloads/archive/Crema/1066_IWW_HAP_XX.wav,1066,happy,HAP,1066_IWW_HAP_XX.wav,True,61972,1611608512000000000
/Users/jordanacle/Downloads/archive/Crema/1066_IWW_NEU_XX.wav,1066,neutral,NEU,1066_IWW_NEU_XX.wav,True,61972,1611608512000000000
/Users/jordanacle/Downloads/archive/Crema/1066_IWW_SAD_XX.wav,1066,sad,SAD,1066_IWW_SAD_XX.wav,True,68378,1611608512000000000
/Users/jordanacle/Downloads/archive/Crema/1066_MTI_ANG_XX.wav,1066,angry,ANG,1066_MTI_ANG_XX.wav,True,67312,1611608512000000000
/Users/jordanacle/Downloads/archive/Crema/1066_MTI_DIS_XX.wav,1066,disgust,DIS,1066_MTI_DIS_XX.wav,True,91868,1611608512000000000
/Users/jordanacle/Downloads/archive/Crema/1066_MTI_HAP_XX.wav,1066,happy,HAP,1066_MTI_HAP_XX.wav,True,68378,1611608512000000000
/Users/jordanacle/Downloads/archive/Crema/1066_MTI_SAD_XX.wav,1066,sad,SAD,1066_MTI_SAD_XX.wav,True,74786,1611608512000000000
/Users/jordanacle/Downloads/archive/Crema/1066_TAI_ANG_XX.wav,1066,angry,ANG,1066_TAI_ANG_XX.wav,True,91868,1611608512000000000
/Users/jordanacle/Downloads/archive/Crema/1066_MTI_NEU_XX.wav,1066,neutral,NEU,1066_MTI_NEU_XX.wav,True,72650,1611608512000000000
/Users/jordanacle/Downloads/archive/Crema/1066_TAI_FEA_XX.wav,1066,fear,FEA,1066_TAI_FEA_XX.wav,True,72862,1611608512000000000
/Users/jordanacle/Downloads/archive/Crema/1066_TAI_DIS_XX.wav,1066,disgust,DIS,1066_TAI_DIS_XX.wav,True,82260,1611608512000000000
/Users/jordanacle/Downloads/archive/Crema/1066_TAI_HAP_XX.wav,1066,happy,HAP,1066_TAI_HAP_XX.wav,True,60904,1611608512000000000
/Users/jordanacle/Downloads/archive/Crema/1066_TAI_NEU_XX.wav,1066,neutral,NEU,1066_TAI_NEU_XX.wav,True,68378,1611608512000000000
/Users/jordanacle/Downloads/archive/Crema/1066_TAI_SAD_XX.wav,1066,sad,SAD,1066_TAI_SAD_XX.wav,True,80124,1611608512000000000
/Users/jordanacle/Downloads/archive/Crema/1066_TIE_DIS_XX.wav,1066,disgust,DIS,1066_TIE_DIS_XX.wav,True,85462,1611608512000000000
/Users/jordanacle/Downloads/archive/Crema/1066_TIE_FEA_XX.wav,1066,fear,FEA,1066_TIE_FEA_XX.wav,True,86530,1611608512000000000
/Users/jordanacle/Downloads/archive/Crema/1066_TIE_HAP_XX.wav,1066,happy,HAP,1066_TIE_HAP_XX.wav,True,72862,1611608512000000000
/Users/jordanacle/Downloads/archive/Crema/1066_TIE_NEU_XX.wav,1066,neutral,NEU,1066_TIE_NEU_XX.wav,True,77988,1611608512000000000
/Users/jordanacle/Downloads/archive/Crema/1066_TSI_ANG_XX.wav,1066,angry,ANG,1066_TSI_ANG_XX.wav,True,67312,1611608512000000000
/Users/jordanacle/Downloads/archive/Crema/1066_TSI_DIS_XX.wav,1066,disgust,DIS,1066_TSI_DIS_XX.wav,True,98276,1611608512000000000
/Users/jordanacle/Downloads/archive/Crema/1066_TIE_SAD_XX.wav,1066,sad,SAD,1066_TIE_SAD_XX.wav,True,94004,1611608512000000000
/Users/jordanacle/Downloads/archive/Crema/1066_TSI_FEA_XX.wav,1066,fear,FEA,1066_TSI_FEA_XX.wav,True,65176,1611608512000000000
/Users/jordanacle/Downloads/archive/Crema/1066_TSI_NEU_XX.wav,1066,neutral,NEU,1066_TSI_NEU_XX.wav,True,76920,1611608512000000000
/Users/jordanacle/Downloads/archive/Crema/1066_WSI_ANG_XX.wav,1066,angry,ANG,1066_WSI_ANG_XX.wav,True,84394,1611608512000000000
/Users/jordanacle/Downloads/archive/Crema/1066_TSI_SAD_XX.wav,1066,sad,SAD,1066_TSI_SAD_XX.wav,True,81192,1611608512000000000
/Users/jordanacle/Downloads/archive/Crema/1066_WSI_HAP_XX.wav,1066,happy,HAP,1066_WSI_HAP_XX.wav,True,91868,1611608514000000000
/Users/jordanacle/Downloads/archive/Crema/1066_WSI_NEU_XX.wav,1066,neutral,NEU,1066_WSI_NEU_XX.wav,True,68378,1611608514000000000
/Users/jordanacle/Downloads/archive/Crema/1066_WSI_SAD_XX.wav,1066,sad,SAD,1066_WSI_SAD_XX.wav,True,101478,1611608514000000000
/Users/jordanacle/Downloads/archive/Crema/1067_DFA_ANG_XX.wav,1067,angry,ANG,1067_DFA_ANG_XX.wav,True,63040,1611608514000000000
/Users/jordanacle/Downloads/archive/Crema/1067_DFA_HAP_XX.wav,1067,happy,HAP,1067_DFA_HAP_XX.wav,True,64108,1611608514000000000
/Users/jordanacle/Downloads/archive/Crema/1067_DFA_NEU_XX.wav,1067,neutral,NEU,1067_DFA_NEU_XX.wav,True,67312,1611608514000000000
/Users/jordanacle/Downloads/archive/Crema/1067_IEO_ANG_LO.wav,1067,angry,ANG,1067_IEO_ANG_LO.wav,True,66244,1611608514000000000
/Users/jordanacle/Downloads/archive/Crema/1067_IEO_ANG_MD.wav,1067,angry,ANG,1067_IEO_ANG_MD.wav,True,86530,1611608514000000000
/Users/jordanacle/Downloads/archive/Crema/1067_IEO_DIS_LO.wav,1067,disgust,DIS,1067_IEO_DIS_LO.wav,True,90802,1611608514000000000
/Users/jordanacle/Downloads/archive/Crema/1067_IEO_DIS_HI.wav,1067,disgust,DIS,1067_IEO_DIS_HI.wav,True,80124,1611608514000000000
/Users/jordanacle/Downloads/archive/Crema/1067_IEO_FEA_HI.wav,1067,fear,FEA,1067_IEO_FEA_HI.wav,True,79056,1611608514000000000
/Users/jordanacle/Downloads/archive/Crema/1067_IEO_FEA_LO.wav,1067,fear,FEA,1067_IEO_FEA_LO.wav,True,90802,1611608514000000000
/Users/jordanacle/Downloads/archive/Crema/1067_IEO_FEA_MD.wav,1067,fear,FEA,1067_IEO_FEA_MD.wav,True,101478,1611608514000000000
/Users/jordanacle/Downloads/archive/Crema/1067_IEO_HAP_HI.wav,1067,happy,HAP,1067_IEO_HAP_HI.wav,True,65176,1611608514000000000
/Users/jordanacle/Downloads/archive/Crema/1067_IEO_HAP_LO.wav,1067,happy,HAP,1067_IEO_HAP_LO.wav,True,64108,1611608514000000000
/Users/jordanacle/Downloads/archive/Crema/1067_IEO_HAP_MD.wav,1067,happy,HAP,1067_IEO_HAP_MD.wav,True,86530,1611608514000000000
/Users/jordanacle/Downloads/archive/Crema/1067_IEO_NEU_XX.wav,1067,neutral,NEU,1067_IEO_NEU_XX.wav,True,59838,1611608514000000000
/Users/jordanacle/Downloads/archive/Crema/1067_IEO_SAD_HI.wav,1067,sad,SAD,1067_IEO_SAD_HI.wav,True,94004,1611608514000000000
/Users/jordanacle/Downloads/archive/Crema/1067_IEO_SAD_LO.wav,1067,sad,SAD,1067_IEO_SAD_LO.wav,True,94004,1611608514000000000
/Users/jordanacle/Downloads/archive/Crema/1067_IOM_ANG_XX.wav,1067,angry,ANG,1067_IOM_ANG_XX.wav,True,96140,1611608514000000000
/Users/jordanacle/Downloads/archive/Crema/1067_IOM_DIS_XX.wav,1067,disgust,DIS,1067_IOM_DIS_XX.wav,True,152730,1611608514000000000
/Users/jordanacle/Downloads/archive/Crema/1067_IOM_FEA_XX.wav,1067,fear,FEA,1067_IOM_FEA_XX.wav,True,89734,1611608514000000000
/Users/jordanacle/Downloads/archive/Crema/1067_IOM_HAP_XX.wav,1067,happy,HAP,1067_IOM_HAP_XX.wav,True,80124,1611608514000000000
/Users/jordanacle/Downloads/archive/Crema/1067_IOM_NEU_XX.wav,1067,neutral,NEU,1067_IOM_NEU_XX.wav,True,70514,1611608514000000000
/Users/jordanacle/Downloads/archive/Crema/1067_IOM_SAD_XX.wav,1067,sad,SAD,1067_IOM_SAD_XX.wav,True,80124,1611608514000000000
/Users/jordanacle/Downloads/archive/Crema/1067_ITH_ANG_XX.wav,1067,angry,ANG,1067_ITH_ANG_XX.wav,True,98276,1611608514000000000
/Users/jordanacle/Downloads/archive/Crema/1067_ITH_DIS_XX.wav,1067,disgust,DIS,1067_ITH_DIS_XX.wav,True,105750,1611608514000000000
/Users/jordanacle/Downloads/archive/Crema/1067_ITH_FEA_XX.wav,1067,fear,FEA,1067_ITH_FEA_XX.wav,True,69446,1611608514000000000
/Users/jordanacle/Downloads/archive/Crema/1067_ITH_NEU_XX.wav,1067,neutral,NEU,1067_ITH_NEU_XX.wav,True,70514,1611608514000000000
/Users/jordanacle/Downloads/archive/Crema/1067_ITS_DIS_XX.wav,1067,disgust,DIS,1067_ITS_DIS_XX.wav,True,108952,1611608514000000000
/Users/jordanacle/Downloads/archive/Crema/1067_ITH_SAD_XX.wav,1067,sad,SAD,1067_ITH_SAD_XX.wav,True,84394,1611608514000000000
/Users/jordanacle/Downloads/archive/Crema/1067_ITS_HAP_XX.wav,1067,happy,HAP,1067_ITS_HAP_XX.wav,True,127104,1611608514000000000
/Users/jordanacle/Downloads/archive/Crema/1067_ITH_HAP_XX.wav,1067,happy,HAP,1067_ITH_HAP_XX.wav,True,76920,1611608514000000000
/Users/jordanacle/Downloads/archive/Crema/1067_ITS_NEU_XX.wav,1067,neutral,NEU,1067_ITS_NEU_XX.wav,True,61972,1611608514000000000
/Users/jordanacle/Downloads/archive/Crema/1067_ITS_SAD_XX.wav,1067,sad,SAD,1067_ITS_SAD_XX.wav,True,99344,1611608514000000000
/Users/jordanacle/Downloads/archive/Crema/1067_IWL_ANG_XX.wav,1067,angry,ANG,1067_IWL_ANG_XX.wav,True,153798,1611608514000000000
/Users/jordanacle/Downloads/archive/Crema/1067_IWL_DIS_XX.wav,1067,disgust,DIS,1067_IWL_DIS_XX.wav,True,91868,1611608514000000000
/Users/jordanacle/Downloads/archive/Crema/1067_IWL_FEA_XX.wav,1067,fear,FEA,1067_IWL_FEA_XX.wav,True,84394,1611608514000000000
/Users/jordanacle/Downloads/archive/Crema/1067_IWL_HAP_XX.wav,1067,happy,HAP,1067_IWL_HAP_XX.wav,True,71582,1611608514000000000
/Users/jordanacle/Downloads/archive/Crema/1067_IWL_SAD_XX.wav,1067,sad,SAD,1067_IWL_SAD_XX.wav,True,87598,1611608514000000000
/Users/jordanacle/Downloads/archive/Crema/1067_IWW_ANG_XX.wav,1067,angry,ANG,1067_IWW_ANG_XX.wav,True,65176,1611608514000000000
/Users/jordanacle/Downloads/archive/Crema/1067_IWL_NEU_XX.wav,1067,neutral,NEU,1067_IWL_NEU_XX.wav,True,70514,1611608514000000000
/Users/jordanacle/Downloads/archive/Crema/1067_IWW_DIS_XX.wav,1067,disgust,DIS,1067_IWW_DIS_XX.wav,True,81192,1611608514000000000
/Users/jordanacle/Downloads/archive/Crema/1067_IWW_FEA_XX.wav,1067,fear,FEA,1067_IWW_FEA_XX.wav,True,81192,1611608514000000000
/Users/jordanacle/Downloads/archive/Crema/1067_IWW_HAP_XX.wav,1067,happy,HAP,1067_IWW_HAP_XX.wav,True,80124,1611608514000000000
/Users/jordanacle/Downloads/archive/Crema/1067_IWW_SAD_XX.wav,1067,sad,SAD,1067_IWW_SAD_XX.wav,True,119630,1611608514000000000
/Users/jordanacle/Downloads/archive/Crema/1067_MTI_ANG_XX.wav,1067,angry,ANG,1067_MTI_ANG_XX.wav,True,75852,1611608514000000000
/Users/jordanacle/Downloads/archive/Crema/1067_MTI_HAP_XX.wav,1067,happy,HAP,1067_MTI_HAP_XX.wav,True,91868,1611608514000000000
/Users/jordanacle/Downloads/archive/Crema/1067_MTI_NEU_XX.wav,1067,neutral,NEU,1067_MTI_NEU_XX.wav,True,82260,1611608514000000000
/Users/jordanacle/Downloads/archive/Crema/1067_TAI_FEA_XX.wav,1067,fear,FEA,1067_TAI_FEA_XX.wav,True,88666,1611608514000000000
/Users/jordanacle/Downloads/archive/Crema/1067_TAI_DIS_XX.wav,1067,disgust,DIS,1067_TAI_DIS_XX.wav,True,107884,1611608514000000000
/Users/jordanacle/Downloads/archive/Crema/1067_TAI_HAP_XX.wav,1067,happy,HAP,1067_TAI_HAP_XX.wav,True,79056,1611608514000000000
/Users/jordanacle/Downloads/archive/Crema/1067_TAI_SAD_XX.wav,1067,sad,SAD,1067_TAI_SAD_XX.wav,True,90802,1611608514000000000
/Users/jordanacle/Downloads/archive/Crema/1067_TAI_NEU_XX.wav,1067,neutral,NEU,1067_TAI_NEU_XX.wav,True,72650,1611608514000000000
/Users/jordanacle/Downloads/archive/Crema/1067_TIE_ANG_XX.wav,1067,angry,ANG,1067_TIE_ANG_XX.wav,True,96140,1611608514000000000
/Users/jordanacle/Downloads/archive/Crema/1067_TIE_DIS_XX.wav,1067,disgust,DIS,1067_TIE_DIS_XX.wav,True,83328,1611608514000000000
/Users/jordanacle/Downloads/archive/Crema/1067_TIE_FEA_XX.wav,1067,fear,FEA,1067_TIE_FEA_XX.wav,True,72862,1611608514000000000
/Users/jordanacle/Downloads/archive/Crema/1067_TIE_HAP_XX.wav,1067,happy,HAP,1067_TIE_HAP_XX.wav,True,73718,1611608514000000000
/Users/jordanacle/Downloads/archive/Crema/1067_TIE_NEU_XX.wav,1067,neutral,NEU,1067_TIE_NEU_XX.wav,True,74786,1611608514000000000
/Users/jordanacle/Downloads/archive/Crema/1067_TIE_SAD_XX.wav,1067,sad,SAD,1067_TIE_SAD_XX.wav,True,82260,1611608514000000000
/Users/jordanacle/Downloads/archive/Crema/1067_TSI_ANG_XX.wav,1067,angry,ANG,1067_TSI_ANG_XX.wav,True,64108,1611608514000000000
/Users/jordanacle/Downloads/archive/Crema/1067_TSI_FEA_XX.wav,1067,fear,FEA,1067_TSI_FEA_XX.wav,True,72650,1611608514000000000
/Users/jordanacle/Downloads/archive/Crema/1067_TSI_DIS_XX.wav,1067,disgust,DIS,1067_TSI_DIS_XX.wav,True,81192,1611608514000000000
/Users/jordanacle/Downloads/archive/Crema/1067_TSI_NEU_XX.wav,1067,neutral,NEU,1067_TSI_NEU_XX.wav,True,50228,1611608514000000000
/Users/jordanacle/Downloads/archive/Crema/1067_TSI_SAD_XX.wav,1067,sad,SAD,1067_TSI_SAD_XX.wav,True,80124,1611608514000000000
/Users/jordanacle/Downloads/archive/Crema/1067_WSI_ANG_XX.wav,1067,angry,ANG,1067_WSI_ANG_XX.wav,True,103614,1611608514000000000
/Users/jordanacle/Downloads/archive/Crema/1067_WSI_HAP_XX.wav,1067,happy,HAP,1067_WSI_HAP_XX.wav,True,87598,1611608514000000000
/Users/jordanacle/Downloads/archive/Crema/1067_WSI_NEU_XX.wav,1067,neutral,NEU,1067_WSI_NEU_XX.wav,True,77988,1611608514000000000
/Users/jordanacle/Downloads/archive/Crema/1068_DFA_ANG_XX.wav,1068,angry,ANG,1068_DFA_ANG_XX.wav,True,56634,1611608514000000000
/Users/jordanacle/Downloads/archive/Crema/1068_DFA_HAP_XX.wav,1068,happy,HAP,1068_DFA_HAP_XX.wav,True,81192,1611608514000000000
/Users/jordanacle/Downloads/archive/Crema/1068_DFA_NEU_XX.wav,1068,neutral,NEU,1068_DFA_NEU_XX.wav,True,73718,1611608514000000000
/Users/jordanacle/Downloads/archive/Crema/1068_DFA_SAD_XX.wav,1068,sad,SAD,1068_DFA_SAD_XX.wav,True,94004,1611608514000000000
/Users/jordanacle/Downloads/archive/Crema/1068_IEO_ANG_HI.wav,1068,angry,ANG,1068_IEO_ANG_HI.wav,True,97208,1611608514000000000
/Users/jordanacle/Downloads/archive/Crema/1068_IEO_ANG_LO.wav,1068,angry,ANG,1068_IEO_ANG_LO.wav,True,83328,1611608514000000000
/Users/jordanacle/Downloads/archive/Crema/1068_IEO_ANG_MD.wav,1068,angry,ANG,1068_IEO_ANG_MD.wav,True,77988,1611608514000000000
/Users/jordanacle/Downloads/archive/Crema/1068_IEO_DIS_HI.wav,1068,disgust,DIS,1068_IEO_DIS_HI.wav,True,81192,1611608514000000000
/Users/jordanacle/Downloads/archive/Crema/1068_IEO_FEA_HI.wav,1068,fear,FEA,1068_IEO_FEA_HI.wav,True,81192,1611608514000000000
/Users/jordanacle/Downloads/archive/Crema/1068_IEO_DIS_LO.wav,1068,disgust,DIS,1068_IEO_DIS_LO.wav,True,73090,1611608514000000000
/Users/jordanacle/Downloads/archive/Crema/1068_IEO_FEA_LO.wav,1068,fear,FEA,1068_IEO_FEA_LO.wav,True,99344,1611608514000000000
/Users/jordanacle/Downloads/archive/Crema/1068_IEO_HAP_HI.wav,1068,happy,HAP,1068_IEO_HAP_HI.wav,True,75854,1611608514000000000
/Users/jordanacle/Downloads/archive/Crema/1068_IEO_HAP_MD.wav,1068,happy,HAP,1068_IEO_HAP_MD.wav,True,89734,1611608514000000000
/Users/jordanacle/Downloads/archive/Crema/1068_IEO_HAP_LO.wav,1068,happy,HAP,1068_IEO_HAP_LO.wav,True,83328,1611608514000000000
/Users/jordanacle/Downloads/archive/Crema/1068_IEO_SAD_HI.wav,1068,sad,SAD,1068_IEO_SAD_HI.wav,True,130308,1611608514000000000
/Users/jordanacle/Downloads/archive/Crema/1068_IEO_NEU_XX.wav,1068,neutral,NEU,1068_IEO_NEU_XX.wav,True,83328,1611608514000000000
/Users/jordanacle/Downloads/archive/Crema/1068_IEO_SAD_LO.wav,1068,sad,SAD,1068_IEO_SAD_LO.wav,True,82260,1611608514000000000
/Users/jordanacle/Downloads/archive/Crema/1068_IOM_ANG_XX.wav,1068,angry,ANG,1068_IOM_ANG_XX.wav,True,66244,1611608514000000000
/Users/jordanacle/Downloads/archive/Crema/1068_IOM_DIS_XX.wav,1068,disgust,DIS,1068_IOM_DIS_XX.wav,True,65176,1611608514000000000
/Users/jordanacle/Downloads/archive/Crema/1068_IOM_FEA_XX.wav,1068,fear,FEA,1068_IOM_FEA_XX.wav,True,79056,1611608514000000000
/Users/jordanacle/Downloads/archive/Crema/1068_IOM_NEU_XX.wav,1068,neutral,NEU,1068_IOM_NEU_XX.wav,True,77988,1611608514000000000
/Users/jordanacle/Downloads/archive/Crema/1068_IOM_SAD_XX.wav,1068,sad,SAD,1068_IOM_SAD_XX.wav,True,94004,1611608514000000000
/Users/jordanacle/Downloads/archive/Crema/1068_ITH_DIS_XX.wav,1068,disgust,DIS,1068_ITH_DIS_XX.wav,True,89734,1611608514000000000
/Users/jordanacle/Downloads/archive/Crema/1068_ITH_FEA_XX.wav,1068,fear,FEA,1068_ITH_FEA_XX.wav,True,105750,1611608514000000000
/Users/jordanacle/Downloads/archive/Crema/1068_ITH_HAP_XX.wav,1068,happy,HAP,1068_ITH_HAP_XX.wav,True,80124,1611608514000000000
/Users/jordanacle/Downloads/archive/Crema/1068_ITH_NEU_XX.wav,1068,neutral,NEU,1068_ITH_NEU_XX.wav,True,91868,1611608514000000000
/Users/jordanacle/Downloads/archive/Crema/1068_ITH_SAD_XX.wav,1068,sad,SAD,1068_ITH_SAD_XX.wav,True,103614,1611608514000000000
/Users/jordanacle/Downloads/archive/Crema/1068_ITS_HAP_XX.wav,1068,happy,HAP,1068_ITS_HAP_XX.wav,True,87598,1611608514000000000
/Users/jordanacle/Downloads/archive/Crema/1068_ITS_DIS_XX.wav,1068,disgust,DIS,1068_ITS_DIS_XX.wav,True,72862,1611608514000000000
/Users/jordanacle/Downloads/archive/Crema/1068_ITS_FEA_XX.wav,1068,fear,FEA,1068_ITS_FEA_XX.wav,True,68378,1611608514000000000
/Users/jordanacle/Downloads/archive/Crema/1068_ITS_NEU_XX.wav,1068,neutral,NEU,1068_ITS_NEU_XX.wav,True,76920,1611608514000000000
/Users/jordanacle/Downloads/archive/Crema/1068_ITS_SAD_XX.wav,1068,sad,SAD,1068_ITS_SAD_XX.wav,True,89734,1611608514000000000
/Users/jordanacle/Downloads/archive/Crema/1068_IWL_ANG_XX.wav,1068,angry,ANG,1068_IWL_ANG_XX.wav,True,99344,1611608514000000000
/Users/jordanacle/Downloads/archive/Crema/1068_IWL_DIS_XX.wav,1068,disgust,DIS,1068_IWL_DIS_XX.wav,True,79056,1611608514000000000
/Users/jordanacle/Downloads/archive/Crema/1068_IWL_FEA_XX.wav,1068,fear,FEA,1068_IWL_FEA_XX.wav,True,89734,1611608514000000000
/Users/jordanacle/Downloads/archive/Crema/1068_IWL_HAP_XX.wav,1068,happy,HAP,1068_IWL_HAP_XX.wav,True,85462,1611608514000000000
/Users/jordanacle/Downloads/archive/Crema/1068_IWL_SAD_XX.wav,1068,sad,SAD,1068_IWL_SAD_XX.wav,True,91868,1611608514000000000
/Users/jordanacle/Downloads/archive/Crema/1068_IWW_ANG_XX.wav,1068,angry,ANG,1068_IWW_ANG_XX.wav,True,61972,1611608514000000000
/Users/jordanacle/Downloads/archive/Crema/1068_IWW_FEA_XX.wav,1068,fear,FEA,1068_IWW_FEA_XX.wav,True,64108,1611608514000000000
/Users/jordanacle/Downloads/archive/Crema/1068_IWW_DIS_XX.wav,1068,disgust,DIS,1068_IWW_DIS_XX.wav,True,66244,1611608514000000000
/Users/jordanacle/Downloads/archive/Crema/1068_IWW_HAP_XX.wav,1068,happy,HAP,1068_IWW_HAP_XX.wav,True,63040,1611608514000000000
/Users/jordanacle/Downloads/archive/Crema/1068_MTI_ANG_XX.wav,1068,angry,ANG,1068_MTI_ANG_XX.wav,True,75852,1611608514000000000
/Users/jordanacle/Downloads/archive/Crema/1068_IWW_SAD_XX.wav,1068,sad,SAD,1068_IWW_SAD_XX.wav,True,88666,1611608514000000000
/Users/jordanacle/Downloads/archive/Crema/1068_MTI_HAP_XX.wav,1068,happy,HAP,1068_MTI_HAP_XX.wav,True,84394,1611608514000000000
/Users/jordanacle/Downloads/archive/Crema/1068_TAI_DIS_XX.wav,1068,disgust,DIS,1068_TAI_DIS_XX.wav,True,91868,1611608514000000000
/Users/jordanacle/Downloads/archive/Crema/1068_MTI_NEU_XX.wav,1068,neutral,NEU,1068_MTI_NEU_XX.wav,True,104682,1611608514000000000
/Users/jordanacle/Downloads/archive/Crema/1068_TAI_FEA_XX.wav,1068,fear,FEA,1068_TAI_FEA_XX.wav,True,92936,1611608514000000000
/Users/jordanacle/Downloads/archive/Crema/1068_TAI_HAP_XX.wav,1068,happy,HAP,1068_TAI_HAP_XX.wav,True,75852,1611608514000000000
/Users/jordanacle/Downloads/archive/Crema/1068_TAI_NEU_XX.wav,1068,neutral,NEU,1068_TAI_NEU_XX.wav,True,104682,1611608514000000000
/Users/jordanacle/Downloads/archive/Crema/1068_TIE_HAP_XX.wav,1068,happy,HAP,1068_TIE_HAP_XX.wav,True,104682,1611608514000000000
/Users/jordanacle/Downloads/archive/Crema/1068_TIE_NEU_XX.wav,1068,neutral,NEU,1068_TIE_NEU_XX.wav,True,84394,1611608514000000000
/Users/jordanacle/Downloads/archive/Crema/1068_TAI_SAD_XX.wav,1068,sad,SAD,1068_TAI_SAD_XX.wav,True,111088,1611608514000000000
/Users/jordanacle/Downloads/archive/Crema/1068_TIE_FEA_XX.wav,1068,fear,FEA,1068_TIE_FEA_XX.wav,True,94004,1611608514000000000
/Users/jordanacle/Downloads/archive/Crema/1068_TIE_SAD_XX.wav,1068,sad,SAD,1068_TIE_SAD_XX.wav,True,105750,1611608514000000000
/Users/jordanacle/Downloads/archive/Crema/1068_TSI_DIS_XX.wav,1068,disgust,DIS,1068_TSI_DIS_XX.wav,True,83328,1611608514000000000
/Users/jordanacle/Downloads/archive/Crema/1068_TSI_ANG_XX.wav,1068,angry,ANG,1068_TSI_ANG_XX.wav,True,72862,1611608514000000000
/Users/jordanacle/Downloads/archive/Crema/1068_TSI_FEA_XX.wav,1068,fear,FEA,1068_TSI_FEA_XX.wav,True,80124,1611608514000000000
/Users/jordanacle/Downloads/archive/Crema/1068_TSI_NEU_XX.wav,1068,neutral,NEU,1068_TSI_NEU_XX.wav,True,77988,1611608514000000000
/Users/jordanacle/Downloads/archive/Crema/1068_TSI_SAD_XX.wav,1068,sad,SAD,1068_TSI_SAD_XX.wav,True,82260,1611608514000000000
/Users/jordanacle/Downloads/archive/Crema/1068_WSI_ANG_XX.wav,1068,angry,ANG,1068_WSI_ANG_XX.wav,True,92936,1611608514000000000
/Users/jordanacle/Downloads/archive/Crema/1068_WSI_HAP_XX.wav,1068,happy,HAP,1068_WSI_HAP_XX.wav,True,72650,1611608514000000000
/Users/jordanacle/Downloads/archive/Crema/1068_WSI_NEU_XX.wav,1068,neutral,NEU,1068_WSI_NEU_XX.wav,True,87598,1611608514000000000
/Users/jordanacle/Downloads/archive/Crema/1069_DFA_ANG_XX.wav,1069,angry,ANG,1069_DFA_ANG_XX.wav,True,63040,1611608514000000000
/Users/jordanacle/Downloads/archive/Crema/1069_DFA_DIS_XX.wav,1069,disgust,DIS,1069_DFA_DIS_XX.wav,True,56634,1611608514000000000
/Users/jordanacle/Downloads/archive/Crema/1069_DFA_FEA_XX.wav,1069,fear,FEA,1069_DFA_FEA_XX.wav,True,74786,1611608514000000000
/Users/jordanacle/Downloads/archive/Crema/1069_DFA_HAP_XX.wav,1069,happy,HAP,1069_DFA_HAP_XX.wav,True,58770,1611608514000000000
/Users/jordanacle/Downloads/archive/Crema/1069_DFA_NEU_XX.wav,1069,neutral,NEU,1069_DFA_NEU_XX.wav,True,72862,1611608514000000000
/Users/jordanacle/Downloads/archive/Crema/1069_IEO_ANG_LO.wav,1069,angry,ANG,1069_IEO_ANG_LO.wav,True,61972,1611608514000000000
/Users/jordanacle/Downloads/archive/Crema/1069_IEO_ANG_MD.wav,1069,angry,ANG,1069_IEO_ANG_MD.wav,True,58770,1611608514000000000
/Users/jordanacle/Downloads/archive/Crema/1069_IEO_DIS_HI.wav,1069,disgust,DIS,1069_IEO_DIS_HI.wav,True,73718,1611608514000000000
/Users/jordanacle/Downloads/archive/Crema/1069_IEO_DIS_LO.wav,1069,disgust,DIS,1069_IEO_DIS_LO.wav,True,56634,1611608514000000000
/Users/jordanacle/Downloads/archive/Crema/1069_IEO_HAP_HI.wav,1069,happy,HAP,1069_IEO_HAP_HI.wav,True,59838,1611608514000000000
/Users/jordanacle/Downloads/archive/Crema/1069_IEO_FEA_LO.wav,1069,fear,FEA,1069_IEO_FEA_LO.wav,True,61972,1611608514000000000
/Users/jordanacle/Downloads/archive/Crema/1069_IEO_FEA_HI.wav,1069,fear,FEA,1069_IEO_FEA_HI.wav,True,56634,1611608514000000000
/Users/jordanacle/Downloads/archive/Crema/1069_IEO_HAP_MD.wav,1069,happy,HAP,1069_IEO_HAP_MD.wav,True,52362,1611608514000000000
/Users/jordanacle/Downloads/archive/Crema/1069_IEO_NEU_XX.wav,1069,neutral,NEU,1069_IEO_NEU_XX.wav,True,66244,1611608514000000000
/Users/jordanacle/Downloads/archive/Crema/1069_IEO_SAD_HI.wav,1069,sad,SAD,1069_IEO_SAD_HI.wav,True,91870,1611608514000000000
/Users/jordanacle/Downloads/archive/Crema/1069_IEO_SAD_LO.wav,1069,sad,SAD,1069_IEO_SAD_LO.wav,True,61972,1611608514000000000
/Users/jordanacle/Downloads/archive/Crema/1069_IOM_ANG_XX.wav,1069,angry,ANG,1069_IOM_ANG_XX.wav,True,64108,1611608514000000000
/Users/jordanacle/Downloads/archive/Crema/1069_IOM_FEA_XX.wav,1069,fear,FEA,1069_IOM_FEA_XX.wav,True,65176,1611608514000000000
/Users/jordanacle/Downloads/archive/Crema/1069_IOM_DIS_XX.wav,1069,disgust,DIS,1069_IOM_DIS_XX.wav,True,70514,1611608514000000000
/Users/jordanacle/Downloads/archive/Crema/1069_IOM_SAD_XX.wav,1069,sad,SAD,1069_IOM_SAD_XX.wav,True,68378,1611608514000000000
/Users/jordanacle/Downloads/archive/Crema/1069_IOM_NEU_XX.wav,1069,neutral,NEU,1069_IOM_NEU_XX.wav,True,68378,1611608514000000000
/Users/jordanacle/Downloads/archive/Crema/1069_ITH_DIS_XX.wav,1069,disgust,DIS,1069_ITH_DIS_XX.wav,True,76920,1611608514000000000
/Users/jordanacle/Downloads/archive/Crema/1069_ITH_FEA_XX.wav,1069,fear,FEA,1069_ITH_FEA_XX.wav,True,89734,1611608514000000000
/Users/jordanacle/Downloads/archive/Crema/1069_ITH_HAP_XX.wav,1069,happy,HAP,1069_ITH_HAP_XX.wav,True,60904,1611608514000000000
/Users/jordanacle/Downloads/archive/Crema/1069_ITH_NEU_XX.wav,1069,neutral,NEU,1069_ITH_NEU_XX.wav,True,80124,1611608514000000000
/Users/jordanacle/Downloads/archive/Crema/1069_ITH_SAD_XX.wav,1069,sad,SAD,1069_ITH_SAD_XX.wav,True,87598,1611608514000000000
/Users/jordanacle/Downloads/archive/Crema/1069_ITS_DIS_XX.wav,1069,disgust,DIS,1069_ITS_DIS_XX.wav,True,80124,1611608514000000000
/Users/jordanacle/Downloads/archive/Crema/1069_ITS_FEA_XX.wav,1069,fear,FEA,1069_ITS_FEA_XX.wav,True,76920,1611608514000000000
/Users/jordanacle/Downloads/archive/Crema/1069_ITS_HAP_XX.wav,1069,happy,HAP,1069_ITS_HAP_XX.wav,True,64108,1611608514000000000
/Users/jordanacle/Downloads/archive/Crema/1069_ITS_NEU_XX.wav,1069,neutral,NEU,1069_ITS_NEU_XX.wav,True,70514,1611608514000000000
/Users/jordanacle/Downloads/archive/Crema/1069_ITS_SAD_XX.wav,1069,sad,SAD,1069_ITS_SAD_XX.wav,True,80124,1611608514000000000
/Users/jordanacle/Downloads/archive/Crema/1069_IWL_ANG_XX.wav,1069,angry,ANG,1069_IWL_ANG_XX.wav,True,68378,1611608514000000000
/Users/jordanacle/Downloads/archive/Crema/1069_IWL_DIS_XX.wav,1069,disgust,DIS,1069_IWL_DIS_XX.wav,True,77988,1611608514000000000
/Users/jordanacle/Downloads/archive/Crema/1069_IWL_FEA_XX.wav,1069,fear,FEA,1069_IWL_FEA_XX.wav,True,66244,1611608514000000000
/Users/jordanacle/Downloads/archive/Crema/1069_IWL_HAP_XX.wav,1069,happy,HAP,1069_IWL_HAP_XX.wav,True,69446,1611608514000000000
/Users/jordanacle/Downloads/archive/Crema/1069_IWL_SAD_XX.wav,1069,sad,SAD,1069_IWL_SAD_XX.wav,True,69446,1611608514000000000
/Users/jordanacle/Downloads/archive/Crema/1069_IWW_ANG_XX.wav,1069,angry,ANG,1069_IWW_ANG_XX.wav,True,69446,1611608514000000000
/Users/jordanacle/Downloads/archive/Crema/1069_IWW_DIS_XX.wav,1069,disgust,DIS,1069_IWW_DIS_XX.wav,True,69446,1611608514000000000
/Users/jordanacle/Downloads/archive/Crema/1069_IWW_FEA_XX.wav,1069,fear,FEA,1069_IWW_FEA_XX.wav,True,55566,1611608514000000000
/Users/jordanacle/Downloads/archive/Crema/1069_IWW_HAP_XX.wav,1069,happy,HAP,1069_IWW_HAP_XX.wav,True,61972,1611608514000000000
/Users/jordanacle/Downloads/archive/Crema/1069_IWW_NEU_XX.wav,1069,neutral,NEU,1069_IWW_NEU_XX.wav,True,65176,1611608514000000000
/Users/jordanacle/Downloads/archive/Crema/1069_IWW_SAD_XX.wav,1069,sad,SAD,1069_IWW_SAD_XX.wav,True,59836,1611608514000000000
/Users/jordanacle/Downloads/archive/Crema/1069_MTI_ANG_XX.wav,1069,angry,ANG,1069_MTI_ANG_XX.wav,True,72650,1611608514000000000
/Users/jordanacle/Downloads/archive/Crema/1069_MTI_DIS_XX.wav,1069,disgust,DIS,1069_MTI_DIS_XX.wav,True,75852,1611608514000000000
/Users/jordanacle/Downloads/archive/Crema/1069_MTI_FEA_XX.wav,1069,fear,FEA,1069_MTI_FEA_XX.wav,True,66244,1611608514000000000
/Users/jordanacle/Downloads/archive/Crema/1069_MTI_HAP_XX.wav,1069,happy,HAP,1069_MTI_HAP_XX.wav,True,68378,1611608514000000000
/Users/jordanacle/Downloads/archive/Crema/1069_MTI_NEU_XX.wav,1069,neutral,NEU,1069_MTI_NEU_XX.wav,True,84394,1611608514000000000
/Users/jordanacle/Downloads/archive/Crema/1069_TAI_DIS_XX.wav,1069,disgust,DIS,1069_TAI_DIS_XX.wav,True,81192,1611608514000000000
/Users/jordanacle/Downloads/archive/Crema/1069_TAI_HAP_XX.wav,1069,happy,HAP,1069_TAI_HAP_XX.wav,True,63040,1611608514000000000
/Users/jordanacle/Downloads/archive/Crema/1069_TAI_FEA_XX.wav,1069,fear,FEA,1069_TAI_FEA_XX.wav,True,67312,1611608514000000000
/Users/jordanacle/Downloads/archive/Crema/1069_TAI_NEU_XX.wav,1069,neutral,NEU,1069_TAI_NEU_XX.wav,True,81192,1611608514000000000
/Users/jordanacle/Downloads/archive/Crema/1069_TAI_SAD_XX.wav,1069,sad,SAD,1069_TAI_SAD_XX.wav,True,83328,1611608514000000000
/Users/jordanacle/Downloads/archive/Crema/1069_TIE_FEA_XX.wav,1069,fear,FEA,1069_TIE_FEA_XX.wav,True,56634,1611608514000000000
/Users/jordanacle/Downloads/archive/Crema/1069_TIE_DIS_XX.wav,1069,disgust,DIS,1069_TIE_DIS_XX.wav,True,76920,1611608514000000000
/Users/jordanacle/Downloads/archive/Crema/1069_TIE_HAP_XX.wav,1069,happy,HAP,1069_TIE_HAP_XX.wav,True,66244,1611608514000000000
/Users/jordanacle/Downloads/archive/Crema/1069_TIE_NEU_XX.wav,1069,neutral,NEU,1069_TIE_NEU_XX.wav,True,72862,1611608514000000000
/Users/jordanacle/Downloads/archive/Crema/1069_TSI_ANG_XX.wav,1069,angry,ANG,1069_TSI_ANG_XX.wav,True,61972,1611608514000000000
/Users/jordanacle/Downloads/archive/Crema/1069_TIE_SAD_XX.wav,1069,sad,SAD,1069_TIE_SAD_XX.wav,True,80124,1611608514000000000
/Users/jordanacle/Downloads/archive/Crema/1069_TSI_DIS_XX.wav,1069,disgust,DIS,1069_TSI_DIS_XX.wav,True,84394,1611608514000000000
/Users/jordanacle/Downloads/archive/Crema/1069_TSI_FEA_XX.wav,1069,fear,FEA,1069_TSI_FEA_XX.wav,True,52362,1611608514000000000
/Users/jordanacle/Downloads/archive/Crema/1069_TSI_NEU_XX.wav,1069,neutral,NEU,1069_TSI_NEU_XX.wav,True,70514,1611608514000000000
/Users/jordanacle/Downloads/archive/Crema/1069_TSI_SAD_XX.wav,1069,sad,SAD,1069_TSI_SAD_XX.wav,True,70514,1611608514000000000
/Users/jordanacle/Downloads/archive/Crema/1069_WSI_ANG_XX.wav,1069,angry,ANG,1069_WSI_ANG_XX.wav,True,75852,1611608514000000000
/Users/jordanacle/Downloads/archive/Crema/1069_WSI_DIS_XX.wav,1069,disgust,DIS,1069_WSI_DIS_XX.wav,True,75852,1611608514000000000
/Users/jordanacle/Downloads/archive/Crema/1069_WSI_FEA_XX.wav,1069,fear,FEA,1069_WSI_FEA_XX.wav,True,57702,1611608514000000000
/Users/jordanacle/Downloads/archive/Crema/1069_WSI_HAP_XX.wav,1069,happy,HAP,1069_WSI_HAP_XX.wav,True,61972,1611608514000000000
/Users/jordanacle/Downloads/archive/Crema/1069_WSI_NEU_XX.wav,1069,neutral,NEU,1069_WSI_NEU_XX.wav,True,73718,1611608514000000000
/Users/jordanacle/Downloads/archive/Crema/1070_DFA_DIS_XX.wav,1070,disgust,DIS,1070_DFA_DIS_XX.wav,True,95072,1611608514000000000
/Users/jordanacle/Downloads/archive/Crema/1070_DFA_FEA_XX.wav,1070,fear,FEA,1070_DFA_FEA_XX.wav,True,80124,1611608514000000000
/Users/jordanacle/Downloads/archive/Crema/1070_DFA_HAP_XX.wav,1070,happy,HAP,1070_DFA_HAP_XX.wav,True,74786,1611608514000000000
/Users/jordanacle/Downloads/archive/Crema/1070_DFA_NEU_XX.wav,1070,neutral,NEU,1070_DFA_NEU_XX.wav,True,77988,1611608514000000000
/Users/jordanacle/Downloads/archive/Crema/1070_DFA_SAD_XX.wav,1070,sad,SAD,1070_DFA_SAD_XX.wav,True,77988,1611608514000000000
/Users/jordanacle/Downloads/archive/Crema/1070_IEO_ANG_HI.wav,1070,angry,ANG,1070_IEO_ANG_HI.wav,True,74786,1611608514000000000
/Users/jordanacle/Downloads/archive/Crema/1070_IEO_ANG_LO.wav,1070,angry,ANG,1070_IEO_ANG_LO.wav,True,58770,1611608514000000000
/Users/jordanacle/Downloads/archive/Crema/1070_IEO_DIS_LO.wav,1070,disgust,DIS,1070_IEO_DIS_LO.wav,True,77988,1611608514000000000
/Users/jordanacle/Downloads/archive/Crema/1070_IEO_DIS_MD.wav,1070,disgust,DIS,1070_IEO_DIS_MD.wav,True,76920,1611608514000000000
/Users/jordanacle/Downloads/archive/Crema/1070_IEO_FEA_LO.wav,1070,fear,FEA,1070_IEO_FEA_LO.wav,True,73090,1611608514000000000
/Users/jordanacle/Downloads/archive/Crema/1070_IEO_FEA_MD.wav,1070,fear,FEA,1070_IEO_FEA_MD.wav,True,69446,1611608514000000000
/Users/jordanacle/Downloads/archive/Crema/1070_IEO_HAP_HI.wav,1070,happy,HAP,1070_IEO_HAP_HI.wav,True,65176,1611608514000000000
/Users/jordanacle/Downloads/archive/Crema/1070_IEO_HAP_LO.wav,1070,happy,HAP,1070_IEO_HAP_LO.wav,True,60904,1611608514000000000
/Users/jordanacle/Downloads/archive/Crema/1070_IEO_HAP_MD.wav,1070,happy,HAP,1070_IEO_HAP_MD.wav,True,60904,1611608514000000000
/Users/jordanacle/Downloads/archive/Crema/1070_IEO_NEU_XX.wav,1070,neutral,NEU,1070_IEO_NEU_XX.wav,True,81192,1611608514000000000
/Users/jordanacle/Downloads/archive/Crema/1070_IEO_SAD_LO.wav,1070,sad,SAD,1070_IEO_SAD_LO.wav,True,76920,1611608514000000000
/Users/jordanacle/Downloads/archive/Crema/1070_IEO_SAD_MD.wav,1070,sad,SAD,1070_IEO_SAD_MD.wav,True,105750,1611608514000000000
/Users/jordanacle/Downloads/archive/Crema/1070_IOM_ANG_XX.wav,1070,angry,ANG,1070_IOM_ANG_XX.wav,True,85462,1611608516000000000
/Users/jordanacle/Downloads/archive/Crema/1070_IOM_DIS_XX.wav,1070,disgust,DIS,1070_IOM_DIS_XX.wav,True,87598,1611608516000000000
/Users/jordanacle/Downloads/archive/Crema/1070_IOM_FEA_XX.wav,1070,fear,FEA,1070_IOM_FEA_XX.wav,True,73718,1611608516000000000
/Users/jordanacle/Downloads/archive/Crema/1070_IOM_HAP_XX.wav,1070,happy,HAP,1070_IOM_HAP_XX.wav,True,81192,1611608516000000000
/Users/jordanacle/Downloads/archive/Crema/1070_IOM_SAD_XX.wav,1070,sad,SAD,1070_IOM_SAD_XX.wav,True,76920,1611608516000000000
/Users/jordanacle/Downloads/archive/Crema/1070_ITH_ANG_XX.wav,1070,angry,ANG,1070_ITH_ANG_XX.wav,True,79056,1611608516000000000
/Users/jordanacle/Downloads/archive/Crema/1070_ITH_HAP_XX.wav,1070,happy,HAP,1070_ITH_HAP_XX.wav,True,87598,1611608516000000000
/Users/jordanacle/Downloads/archive/Crema/1070_ITH_SAD_XX.wav,1070,sad,SAD,1070_ITH_SAD_XX.wav,True,102546,1611608516000000000
/Users/jordanacle/Downloads/archive/Crema/1070_ITH_NEU_XX.wav,1070,neutral,NEU,1070_ITH_NEU_XX.wav,True,89734,1611608516000000000
/Users/jordanacle/Downloads/archive/Crema/1070_ITS_ANG_XX.wav,1070,angry,ANG,1070_ITS_ANG_XX.wav,True,88666,1611608516000000000
/Users/jordanacle/Downloads/archive/Crema/1070_ITS_DIS_XX.wav,1070,disgust,DIS,1070_ITS_DIS_XX.wav,True,99344,1611608516000000000
/Users/jordanacle/Downloads/archive/Crema/1070_ITS_FEA_XX.wav,1070,fear,FEA,1070_ITS_FEA_XX.wav,True,69446,1611608516000000000
/Users/jordanacle/Downloads/archive/Crema/1070_ITS_HAP_XX.wav,1070,happy,HAP,1070_ITS_HAP_XX.wav,True,74786,1611608516000000000
/Users/jordanacle/Downloads/archive/Crema/1070_ITS_NEU_XX.wav,1070,neutral,NEU,1070_ITS_NEU_XX.wav,True,85462,1611608516000000000
/Users/jordanacle/Downloads/archive/Crema/1070_IWL_ANG_XX.wav,1070,angry,ANG,1070_IWL_ANG_XX.wav,True,86530,1611608516000000000
/Users/jordanacle/Downloads/archive/Crema/1070_IWL_DIS_XX.wav,1070,disgust,DIS,1070_IWL_DIS_XX.wav,True,102546,1611608516000000000
/Users/jordanacle/Downloads/archive/Crema/1070_IWL_FEA_XX.wav,1070,fear,FEA,1070_IWL_FEA_XX.wav,True,85462,1611608516000000000
/Users/jordanacle/Downloads/archive/Crema/1070_IWL_NEU_XX.wav,1070,neutral,NEU,1070_IWL_NEU_XX.wav,True,79056,1611608516000000000
/Users/jordanacle/Downloads/archive/Crema/1070_IWL_SAD_XX.wav,1070,sad,SAD,1070_IWL_SAD_XX.wav,True,89734,1611608516000000000
/Users/jordanacle/Downloads/archive/Crema/1070_IWW_ANG_XX.wav,1070,angry,ANG,1070_IWW_ANG_XX.wav,True,82260,1611608516000000000
/Users/jordanacle/Downloads/archive/Crema/1070_IWW_DIS_XX.wav,1070,disgust,DIS,1070_IWW_DIS_XX.wav,True,94004,1611608516000000000
/Users/jordanacle/Downloads/archive/Crema/1070_IWW_FEA_XX.wav,1070,fear,FEA,1070_IWW_FEA_XX.wav,True,74786,1611608516000000000
/Users/jordanacle/Downloads/archive/Crema/1070_IWW_NEU_XX.wav,1070,neutral,NEU,1070_IWW_NEU_XX.wav,True,85462,1611608516000000000
/Users/jordanacle/Downloads/archive/Crema/1070_IWW_SAD_XX.wav,1070,sad,SAD,1070_IWW_SAD_XX.wav,True,94004,1611608516000000000
/Users/jordanacle/Downloads/archive/Crema/1070_MTI_DIS_XX.wav,1070,disgust,DIS,1070_MTI_DIS_XX.wav,True,110020,1611608516000000000
/Users/jordanacle/Downloads/archive/Crema/1070_MTI_FEA_XX.wav,1070,fear,FEA,1070_MTI_FEA_XX.wav,True,90802,1611608516000000000
/Users/jordanacle/Downloads/archive/Crema/1070_MTI_HAP_XX.wav,1070,happy,HAP,1070_MTI_HAP_XX.wav,True,97208,1611608516000000000
/Users/jordanacle/Downloads/archive/Crema/1070_MTI_SAD_XX.wav,1070,sad,SAD,1070_MTI_SAD_XX.wav,True,92936,1611608516000000000
/Users/jordanacle/Downloads/archive/Crema/1070_MTI_NEU_XX.wav,1070,neutral,NEU,1070_MTI_NEU_XX.wav,True,83328,1611608516000000000
/Users/jordanacle/Downloads/archive/Crema/1070_TAI_ANG_XX.wav,1070,angry,ANG,1070_TAI_ANG_XX.wav,True,79056,1611608516000000000
/Users/jordanacle/Downloads/archive/Crema/1070_TAI_FEA_XX.wav,1070,fear,FEA,1070_TAI_FEA_XX.wav,True,73090,1611608516000000000
/Users/jordanacle/Downloads/archive/Crema/1070_TAI_HAP_XX.wav,1070,happy,HAP,1070_TAI_HAP_XX.wav,True,81192,1611608516000000000
/Users/jordanacle/Downloads/archive/Crema/1070_TAI_NEU_XX.wav,1070,neutral,NEU,1070_TAI_NEU_XX.wav,True,73090,1611608516000000000
/Users/jordanacle/Downloads/archive/Crema/1070_TIE_ANG_XX.wav,1070,angry,ANG,1070_TIE_ANG_XX.wav,True,91870,1611608516000000000
/Users/jordanacle/Downloads/archive/Crema/1070_TIE_HAP_XX.wav,1070,happy,HAP,1070_TIE_HAP_XX.wav,True,75854,1611608516000000000
/Users/jordanacle/Downloads/archive/Crema/1070_TIE_NEU_XX.wav,1070,neutral,NEU,1070_TIE_NEU_XX.wav,True,74786,1611608516000000000
/Users/jordanacle/Downloads/archive/Crema/1070_TSI_ANG_XX.wav,1070,angry,ANG,1070_TSI_ANG_XX.wav,True,76920,1611608516000000000
/Users/jordanacle/Downloads/archive/Crema/1070_TSI_FEA_XX.wav,1070,fear,FEA,1070_TSI_FEA_XX.wav,True,72650,1611608516000000000
/Users/jordanacle/Downloads/archive/Crema/1070_TSI_DIS_XX.wav,1070,disgust,DIS,1070_TSI_DIS_XX.wav,True,102546,1611608516000000000
/Users/jordanacle/Downloads/archive/Crema/1070_TSI_HAP_XX.wav,1070,happy,HAP,1070_TSI_HAP_XX.wav,True,77988,1611608516000000000
/Users/jordanacle/Downloads/archive/Crema/1070_TSI_SAD_XX.wav,1070,sad,SAD,1070_TSI_SAD_XX.wav,True,87598,1611608516000000000
/Users/jordanacle/Downloads/archive/Crema/1070_WSI_DIS_XX.wav,1070,disgust,DIS,1070_WSI_DIS_XX.wav,True,100410,1611608516000000000
/Users/jordanacle/Downloads/archive/Crema/1070_WSI_FEA_XX.wav,1070,fear,FEA,1070_WSI_FEA_XX.wav,True,75854,1611608516000000000
/Users/jordanacle/Downloads/archive/Crema/1070_WSI_HAP_XX.wav,1070,happy,HAP,1070_WSI_HAP_XX.wav,True,74786,1611608516000000000
/Users/jordanacle/Downloads/archive/Crema/1070_WSI_NEU_XX.wav,1070,neutral,NEU,1070_WSI_NEU_XX.wav,True,108952,1611608516000000000
/Users/jordanacle/Downloads/archive/Crema/1070_WSI_SAD_XX.wav,1070,sad,SAD,1070_WSI_SAD_XX.wav,True,88666,1611608516000000000
/Users/jordanacle/Downloads/archive/Crema/1071_DFA_FEA_XX.wav,1071,fear,FEA,1071_DFA_FEA_XX.wav,True,67312,1611608516000000000
/Users/jordanacle/Downloads/archive/Crema/1071_DFA_HAP_XX.wav,1071,happy,HAP,1071_DFA_HAP_XX.wav,True,70514,1611608516000000000
/Users/jordanacle/Downloads/archive/Crema/1071_DFA_NEU_XX.wav,1071,neutral,NEU,1071_DFA_NEU_XX.wav,True,75854,1611608516000000000
/Users/jordanacle/Downloads/archive/Crema/1071_DFA_DIS_XX.wav,1071,disgust,DIS,1071_DFA_DIS_XX.wav,True,69446,1611608516000000000
/Users/jordanacle/Downloads/archive/Crema/1071_DFA_SAD_XX.wav,1071,sad,SAD,1071_DFA_SAD_XX.wav,True,61972,1611608516000000000
/Users/jordanacle/Downloads/archive/Crema/1071_IEO_ANG_HI.wav,1071,angry,ANG,1071_IEO_ANG_HI.wav,True,81192,1611608516000000000
/Users/jordanacle/Downloads/archive/Crema/1071_IEO_ANG_LO.wav,1071,angry,ANG,1071_IEO_ANG_LO.wav,True,61972,1611608516000000000
/Users/jordanacle/Downloads/archive/Crema/1071_IEO_ANG_MD.wav,1071,angry,ANG,1071_IEO_ANG_MD.wav,True,55566,1611608516000000000
/Users/jordanacle/Downloads/archive/Crema/1071_IEO_DIS_LO.wav,1071,disgust,DIS,1071_IEO_DIS_LO.wav,True,64108,1611608516000000000
/Users/jordanacle/Downloads/archive/Crema/1071_IEO_DIS_MD.wav,1071,disgust,DIS,1071_IEO_DIS_MD.wav,True,65176,1611608516000000000
/Users/jordanacle/Downloads/archive/Crema/1071_IEO_FEA_HI.wav,1071,fear,FEA,1071_IEO_FEA_HI.wav,True,67312,1611608516000000000
/Users/jordanacle/Downloads/archive/Crema/1071_IEO_FEA_LO.wav,1071,fear,FEA,1071_IEO_FEA_LO.wav,True,66244,1611608516000000000
/Users/jordanacle/Downloads/archive/Crema/1071_IEO_HAP_HI.wav,1071,happy,HAP,1071_IEO_HAP_HI.wav,True,47024,1611608516000000000
/Users/jordanacle/Downloads/archive/Crema/1071_IEO_FEA_MD.wav,1071,fear,FEA,1071_IEO_FEA_MD.wav,True,74786,1611608516000000000
/Users/jordanacle/Downloads/archive/Crema/1071_IEO_HAP_LO.wav,1071,happy,HAP,1071_IEO_HAP_LO.wav,True,54498,1611608516000000000
/Users/jordanacle/Downloads/archive/Crema/1071_IEO_SAD_LO.wav,1071,sad,SAD,1071_IEO_SAD_LO.wav,True,58770,1611608516000000000
/Users/jordanacle/Downloads/archive/Crema/1071_IEO_HAP_MD.wav,1071,happy,HAP,1071_IEO_HAP_MD.wav,True,65176,1611608516000000000
/Users/jordanacle/Downloads/archive/Crema/1071_IEO_SAD_MD.wav,1071,sad,SAD,1071_IEO_SAD_MD.wav,True,69446,1611608516000000000
/Users/jordanacle/Downloads/archive/Crema/1071_IOM_ANG_XX.wav,1071,angry,ANG,1071_IOM_ANG_XX.wav,True,91870,1611608516000000000
/Users/jordanacle/Downloads/archive/Crema/1071_IOM_DIS_XX.wav,1071,disgust,DIS,1071_IOM_DIS_XX.wav,True,90802,1611608516000000000
/Users/jordanacle/Downloads/archive/Crema/1071_IOM_FEA_XX.wav,1071,fear,FEA,1071_IOM_FEA_XX.wav,True,90802,1611608516000000000
/Users/jordanacle/Downloads/archive/Crema/1071_IOM_HAP_XX.wav,1071,happy,HAP,1071_IOM_HAP_XX.wav,True,79056,1611608516000000000
/Users/jordanacle/Downloads/archive/Crema/1071_IOM_SAD_XX.wav,1071,sad,SAD,1071_IOM_SAD_XX.wav,True,73718,1611608516000000000
/Users/jordanacle/Downloads/archive/Crema/1071_ITH_ANG_XX.wav,1071,angry,ANG,1071_ITH_ANG_XX.wav,True,81192,1611608516000000000
/Users/jordanacle/Downloads/archive/Crema/1071_ITH_DIS_XX.wav,1071,disgust,DIS,1071_ITH_DIS_XX.wav,True,79056,1611608516000000000
/Users/jordanacle/Downloads/archive/Crema/1071_ITH_FEA_XX.wav,1071,fear,FEA,1071_ITH_FEA_XX.wav,True,64108,1611608516000000000
/Users/jordanacle/Downloads/archive/Crema/1071_ITH_HAP_XX.wav,1071,happy,HAP,1071_ITH_HAP_XX.wav,True,85462,1611608516000000000
/Users/jordanacle/Downloads/archive/Crema/1071_ITH_NEU_XX.wav,1071,neutral,NEU,1071_ITH_NEU_XX.wav,True,74786,1611608516000000000
/Users/jordanacle/Downloads/archive/Crema/1071_ITS_ANG_XX.wav,1071,angry,ANG,1071_ITS_ANG_XX.wav,True,73718,1611608516000000000
/Users/jordanacle/Downloads/archive/Crema/1071_ITS_HAP_XX.wav,1071,happy,HAP,1071_ITS_HAP_XX.wav,True,73090,1611608516000000000
/Users/jordanacle/Downloads/archive/Crema/1071_ITS_NEU_XX.wav,1071,neutral,NEU,1071_ITS_NEU_XX.wav,True,89734,1611608516000000000
/Users/jordanacle/Downloads/archive/Crema/1071_IWL_ANG_XX.wav,1071,angry,ANG,1071_IWL_ANG_XX.wav,True,118562,1611608516000000000
/Users/jordanacle/Downloads/archive/Crema/1071_IWL_DIS_XX.wav,1071,disgust,DIS,1071_IWL_DIS_XX.wav,True,81192,1611608516000000000
/Users/jordanacle/Downloads/archive/Crema/1071_IWL_FEA_XX.wav,1071,fear,FEA,1071_IWL_FEA_XX.wav,True,72650,1611608516000000000
/Users/jordanacle/Downloads/archive/Crema/1071_IWL_NEU_XX.wav,1071,neutral,NEU,1071_IWL_NEU_XX.wav,True,90802,1611608516000000000
/Users/jordanacle/Downloads/archive/Crema/1071_IWL_SAD_XX.wav,1071,sad,SAD,1071_IWL_SAD_XX.wav,True,77988,1611608516000000000
/Users/jordanacle/Downloads/archive/Crema/1071_IWW_ANG_XX.wav,1071,angry,ANG,1071_IWW_ANG_XX.wav,True,97208,1611608516000000000
/Users/jordanacle/Downloads/archive/Crema/1071_IWW_DIS_XX.wav,1071,disgust,DIS,1071_IWW_DIS_XX.wav,True,85462,1611608516000000000
/Users/jordanacle/Downloads/archive/Crema/1071_IWW_FEA_XX.wav,1071,fear,FEA,1071_IWW_FEA_XX.wav,True,90802,1611608516000000000
/Users/jordanacle/Downloads/archive/Crema/1071_IWW_NEU_XX.wav,1071,neutral,NEU,1071_IWW_NEU_XX.wav,True,68378,1611608516000000000
/Users/jordanacle/Downloads/archive/Crema/1071_IWW_SAD_XX.wav,1071,sad,SAD,1071_IWW_SAD_XX.wav,True,75854,1611608516000000000
/Users/jordanacle/Downloads/archive/Crema/1071_MTI_DIS_XX.wav,1071,disgust,DIS,1071_MTI_DIS_XX.wav,True,69446,1611608516000000000
/Users/jordanacle/Downloads/archive/Crema/1071_MTI_FEA_XX.wav,1071,fear,FEA,1071_MTI_FEA_XX.wav,True,57702,1611608516000000000
/Users/jordanacle/Downloads/archive/Crema/1071_MTI_NEU_XX.wav,1071,neutral,NEU,1071_MTI_NEU_XX.wav,True,77988,1611608516000000000
/Users/jordanacle/Downloads/archive/Crema/1071_MTI_HAP_XX.wav,1071,happy,HAP,1071_MTI_HAP_XX.wav,True,60904,1611608516000000000
/Users/jordanacle/Downloads/archive/Crema/1071_MTI_SAD_XX.wav,1071,sad,SAD,1071_MTI_SAD_XX.wav,True,64108,1611608516000000000
/Users/jordanacle/Downloads/archive/Crema/1071_TAI_ANG_XX.wav,1071,angry,ANG,1071_TAI_ANG_XX.wav,True,87598,1611608516000000000
/Users/jordanacle/Downloads/archive/Crema/1071_TAI_HAP_XX.wav,1071,happy,HAP,1071_TAI_HAP_XX.wav,True,98276,1611608516000000000
/Users/jordanacle/Downloads/archive/Crema/1071_TAI_NEU_XX.wav,1071,neutral,NEU,1071_TAI_NEU_XX.wav,True,76920,1611608516000000000
/Users/jordanacle/Downloads/archive/Crema/1071_TIE_ANG_XX.wav,1071,angry,ANG,1071_TIE_ANG_XX.wav,True,107884,1611608516000000000
/Users/jordanacle/Downloads/archive/Crema/1071_TIE_HAP_XX.wav,1071,happy,HAP,1071_TIE_HAP_XX.wav,True,87598,1611608516000000000
/Users/jordanacle/Downloads/archive/Crema/1071_TIE_NEU_XX.wav,1071,neutral,NEU,1071_TIE_NEU_XX.wav,True,86530,1611608516000000000
/Users/jordanacle/Downloads/archive/Crema/1071_TSI_DIS_XX.wav,1071,disgust,DIS,1071_TSI_DIS_XX.wav,True,80124,1611608516000000000
/Users/jordanacle/Downloads/archive/Crema/1071_TSI_ANG_XX.wav,1071,angry,ANG,1071_TSI_ANG_XX.wav,True,92936,1611608516000000000
/Users/jordanacle/Downloads/archive/Crema/1071_TSI_FEA_XX.wav,1071,fear,FEA,1071_TSI_FEA_XX.wav,True,82260,1611608516000000000
/Users/jordanacle/Downloads/archive/Crema/1071_TSI_HAP_XX.wav,1071,happy,HAP,1071_TSI_HAP_XX.wav,True,73090,1611608516000000000
/Users/jordanacle/Downloads/archive/Crema/1071_TSI_NEU_XX.wav,1071,neutral,NEU,1071_TSI_NEU_XX.wav,True,88666,1611608516000000000
/Users/jordanacle/Downloads/archive/Crema/1071_TSI_SAD_XX.wav,1071,sad,SAD,1071_TSI_SAD_XX.wav,True,79056,1611608516000000000
/Users/jordanacle/Downloads/archive/Crema/1071_WSI_DIS_XX.wav,1071,disgust,DIS,1071_WSI_DIS_XX.wav,True,89734,1611608516000000000
/Users/jordanacle/Downloads/archive/Crema/1071_WSI_FEA_XX.wav,1071,fear,FEA,1071_WSI_FEA_XX.wav,True,73718,1611608516000000000
/Users/jordanacle/Downloads/archive/Crema/1071_WSI_HAP_XX.wav,1071,happy,HAP,1071_WSI_HAP_XX.wav,True,68378,1611608516000000000
/Users/jordanacle/Downloads/archive/Crema/1071_WSI_NEU_XX.wav,1071,neutral,NEU,1071_WSI_NEU_XX.wav,True,85462,1611608516000000000
/Users/jordanacle/Downloads/archive/Crema/1071_WSI_SAD_XX.wav,1071,sad,SAD,1071_WSI_SAD_XX.wav,True,72650,1611608516000000000
/Users/jordanacle/Downloads/archive/Crema/1072_DFA_ANG_XX.wav,1072,angry,ANG,1072_DFA_ANG_XX.wav,True,98276,1611608516000000000
/Users/jordanacle/Downloads/archive/Crema/1072_DFA_HAP_XX.wav,1072,happy,HAP,1072_DFA_HAP_XX.wav,True,58770,1611608516000000000
/Users/jordanacle/Downloads/archive/Crema/1072_DFA_NEU_XX.wav,1072,neutral,NEU,1072_DFA_NEU_XX.wav,True,75854,1611608516000000000
/Users/jordanacle/Downloads/archive/Crema/1072_IEO_ANG_LO.wav,1072,angry,ANG,1072_IEO_ANG_LO.wav,True,59838,1611608516000000000
/Users/jordanacle/Downloads/archive/Crema/1072_IEO_ANG_MD.wav,1072,angry,ANG,1072_IEO_ANG_MD.wav,True,67312,1611608516000000000
/Users/jordanacle/Downloads/archive/Crema/1072_IEO_DIS_HI.wav,1072,disgust,DIS,1072_IEO_DIS_HI.wav,True,82260,1611608516000000000
/Users/jordanacle/Downloads/archive/Crema/1072_IEO_DIS_LO.wav,1072,disgust,DIS,1072_IEO_DIS_LO.wav,True,74786,1611608516000000000
/Users/jordanacle/Downloads/archive/Crema/1072_IEO_FEA_HI.wav,1072,fear,FEA,1072_IEO_FEA_HI.wav,True,82260,1611608516000000000
/Users/jordanacle/Downloads/archive/Crema/1072_IEO_FEA_MD.wav,1072,fear,FEA,1072_IEO_FEA_MD.wav,True,61972,1611608516000000000
/Users/jordanacle/Downloads/archive/Crema/1072_IEO_HAP_HI.wav,1072,happy,HAP,1072_IEO_HAP_HI.wav,True,59838,1611608516000000000
/Users/jordanacle/Downloads/archive/Crema/1072_IEO_HAP_MD.wav,1072,happy,HAP,1072_IEO_HAP_MD.wav,True,67312,1611608516000000000
/Users/jordanacle/Downloads/archive/Crema/1072_IEO_NEU_XX.wav,1072,neutral,NEU,1072_IEO_NEU_XX.wav,True,83328,1611608516000000000
/Users/jordanacle/Downloads/archive/Crema/1072_IEO_FEA_LO.wav,1072,fear,FEA,1072_IEO_FEA_LO.wav,True,68378,1611608516000000000
/Users/jordanacle/Downloads/archive/Crema/1072_IEO_SAD_HI.wav,1072,sad,SAD,1072_IEO_SAD_HI.wav,True,69446,1611608516000000000
/Users/jordanacle/Downloads/archive/Crema/1072_IEO_SAD_LO.wav,1072,sad,SAD,1072_IEO_SAD_LO.wav,True,67312,1611608516000000000
/Users/jordanacle/Downloads/archive/Crema/1072_IOM_ANG_XX.wav,1072,angry,ANG,1072_IOM_ANG_XX.wav,True,95072,1611608516000000000
/Users/jordanacle/Downloads/archive/Crema/1072_IOM_DIS_XX.wav,1072,disgust,DIS,1072_IOM_DIS_XX.wav,True,99344,1611608516000000000
/Users/jordanacle/Downloads/archive/Crema/1072_IOM_FEA_XX.wav,1072,fear,FEA,1072_IOM_FEA_XX.wav,True,88666,1611608516000000000
/Users/jordanacle/Downloads/archive/Crema/1072_IOM_HAP_XX.wav,1072,happy,HAP,1072_IOM_HAP_XX.wav,True,81192,1611608516000000000
/Users/jordanacle/Downloads/archive/Crema/1072_ITH_DIS_XX.wav,1072,disgust,DIS,1072_ITH_DIS_XX.wav,True,102546,1611608516000000000
/Users/jordanacle/Downloads/archive/Crema/1072_IOM_SAD_XX.wav,1072,sad,SAD,1072_IOM_SAD_XX.wav,True,99344,1611608516000000000
/Users/jordanacle/Downloads/archive/Crema/1072_IOM_NEU_XX.wav,1072,neutral,NEU,1072_IOM_NEU_XX.wav,True,92936,1611608516000000000
/Users/jordanacle/Downloads/archive/Crema/1072_ITH_HAP_XX.wav,1072,happy,HAP,1072_ITH_HAP_XX.wav,True,84394,1611608516000000000
/Users/jordanacle/Downloads/archive/Crema/1072_ITH_FEA_XX.wav,1072,fear,FEA,1072_ITH_FEA_XX.wav,True,85462,1611608516000000000
/Users/jordanacle/Downloads/archive/Crema/1072_ITH_NEU_XX.wav,1072,neutral,NEU,1072_ITH_NEU_XX.wav,True,92936,1611608516000000000
/Users/jordanacle/Downloads/archive/Crema/1072_ITH_SAD_XX.wav,1072,sad,SAD,1072_ITH_SAD_XX.wav,True,87598,1611608516000000000
/Users/jordanacle/Downloads/archive/Crema/1072_ITS_DIS_XX.wav,1072,disgust,DIS,1072_ITS_DIS_XX.wav,True,89734,1611608516000000000
/Users/jordanacle/Downloads/archive/Crema/1072_ITS_HAP_XX.wav,1072,happy,HAP,1072_ITS_HAP_XX.wav,True,70514,1611608516000000000
/Users/jordanacle/Downloads/archive/Crema/1072_IWL_DIS_XX.wav,1072,disgust,DIS,1072_IWL_DIS_XX.wav,True,120698,1611608516000000000
/Users/jordanacle/Downloads/archive/Crema/1072_ITS_NEU_XX.wav,1072,neutral,NEU,1072_ITS_NEU_XX.wav,True,72650,1611608516000000000
/Users/jordanacle/Downloads/archive/Crema/1072_IWL_ANG_XX.wav,1072,angry,ANG,1072_IWL_ANG_XX.wav,True,97208,1611608516000000000
/Users/jordanacle/Downloads/archive/Crema/1072_ITS_SAD_XX.wav,1072,sad,SAD,1072_ITS_SAD_XX.wav,True,91870,1611608516000000000
/Users/jordanacle/Downloads/archive/Crema/1072_IWL_FEA_XX.wav,1072,fear,FEA,1072_IWL_FEA_XX.wav,True,98276,1611608516000000000
/Users/jordanacle/Downloads/archive/Crema/1072_IWL_HAP_XX.wav,1072,happy,HAP,1072_IWL_HAP_XX.wav,True,100410,1611608516000000000
/Users/jordanacle/Downloads/archive/Crema/1072_IWL_SAD_XX.wav,1072,sad,SAD,1072_IWL_SAD_XX.wav,True,88666,1611608516000000000
/Users/jordanacle/Downloads/archive/Crema/1072_IWL_NEU_XX.wav,1072,neutral,NEU,1072_IWL_NEU_XX.wav,True,103614,1611608516000000000
/Users/jordanacle/Downloads/archive/Crema/1072_IWW_ANG_XX.wav,1072,angry,ANG,1072_IWW_ANG_XX.wav,True,72650,1611608516000000000
/Users/jordanacle/Downloads/archive/Crema/1072_IWW_DIS_XX.wav,1072,disgust,DIS,1072_IWW_DIS_XX.wav,True,88666,1611608516000000000
/Users/jordanacle/Downloads/archive/Crema/1072_IWW_SAD_XX.wav,1072,sad,SAD,1072_IWW_SAD_XX.wav,True,92936,1611608516000000000
/Users/jordanacle/Downloads/archive/Crema/1072_IWW_HAP_XX.wav,1072,happy,HAP,1072_IWW_HAP_XX.wav,True,87598,1611608516000000000
/Users/jordanacle/Downloads/archive/Crema/1072_IWW_FEA_XX.wav,1072,fear,FEA,1072_IWW_FEA_XX.wav,True,97208,1611608516000000000
/Users/jordanacle/Downloads/archive/Crema/1072_MTI_HAP_XX.wav,1072,happy,HAP,1072_MTI_HAP_XX.wav,True,94004,1611608516000000000
/Users/jordanacle/Downloads/archive/Crema/1072_MTI_ANG_XX.wav,1072,angry,ANG,1072_MTI_ANG_XX.wav,True,71582,1611608516000000000
/Users/jordanacle/Downloads/archive/Crema/1072_MTI_NEU_XX.wav,1072,neutral,NEU,1072_MTI_NEU_XX.wav,True,94004,1611608516000000000
/Users/jordanacle/Downloads/archive/Crema/1072_TAI_DIS_XX.wav,1072,disgust,DIS,1072_TAI_DIS_XX.wav,True,112156,1611608516000000000
/Users/jordanacle/Downloads/archive/Crema/1072_TAI_FEA_XX.wav,1072,fear,FEA,1072_TAI_FEA_XX.wav,True,118562,1611608516000000000
/Users/jordanacle/Downloads/archive/Crema/1072_TAI_HAP_XX.wav,1072,happy,HAP,1072_TAI_HAP_XX.wav,True,92936,1611608516000000000
/Users/jordanacle/Downloads/archive/Crema/1072_TAI_NEU_XX.wav,1072,neutral,NEU,1072_TAI_NEU_XX.wav,True,96140,1611608516000000000
/Users/jordanacle/Downloads/archive/Crema/1072_TAI_SAD_XX.wav,1072,sad,SAD,1072_TAI_SAD_XX.wav,True,90802,1611608516000000000
/Users/jordanacle/Downloads/archive/Crema/1072_TIE_DIS_XX.wav,1072,disgust,DIS,1072_TIE_DIS_XX.wav,True,71582,1611608516000000000
/Users/jordanacle/Downloads/archive/Crema/1072_TIE_HAP_XX.wav,1072,happy,HAP,1072_TIE_HAP_XX.wav,True,89734,1611608516000000000
/Users/jordanacle/Downloads/archive/Crema/1072_TIE_FEA_XX.wav,1072,fear,FEA,1072_TIE_FEA_XX.wav,True,108952,1611608516000000000
/Users/jordanacle/Downloads/archive/Crema/1072_TIE_SAD_XX.wav,1072,sad,SAD,1072_TIE_SAD_XX.wav,True,91868,1611608516000000000
/Users/jordanacle/Downloads/archive/Crema/1072_TSI_ANG_XX.wav,1072,angry,ANG,1072_TSI_ANG_XX.wav,True,76920,1611608516000000000
/Users/jordanacle/Downloads/archive/Crema/1072_TIE_NEU_XX.wav,1072,neutral,NEU,1072_TIE_NEU_XX.wav,True,111088,1611608516000000000
/Users/jordanacle/Downloads/archive/Crema/1072_TSI_DIS_XX.wav,1072,disgust,DIS,1072_TSI_DIS_XX.wav,True,107886,1611608516000000000
/Users/jordanacle/Downloads/archive/Crema/1072_TSI_FEA_XX.wav,1072,fear,FEA,1072_TSI_FEA_XX.wav,True,91870,1611608516000000000
/Users/jordanacle/Downloads/archive/Crema/1072_TSI_NEU_XX.wav,1072,neutral,NEU,1072_TSI_NEU_XX.wav,True,73718,1611608516000000000
/Users/jordanacle/Downloads/archive/Crema/1072_TSI_SAD_XX.wav,1072,sad,SAD,1072_TSI_SAD_XX.wav,True,75854,1611608516000000000
/Users/jordanacle/Downloads/archive/Crema/1072_WSI_ANG_XX.wav,1072,angry,ANG,1072_WSI_ANG_XX.wav,True,80124,1611608516000000000
/Users/jordanacle/Downloads/archive/Crema/1072_WSI_HAP_XX.wav,1072,happy,HAP,1072_WSI_HAP_XX.wav,True,82260,1611608516000000000
/Users/jordanacle/Downloads/archive/Crema/1072_WSI_NEU_XX.wav,1072,neutral,NEU,1072_WSI_NEU_XX.wav,True,80124,1611608516000000000
/Users/jordanacle/Downloads/archive/Crema/1073_DFA_HAP_XX.wav,1073,happy,HAP,1073_DFA_HAP_XX.wav,True,80124,1611608516000000000
/Users/jordanacle/Downloads/archive/Crema/1073_DFA_ANG_XX.wav,1073,angry,ANG,1073_DFA_ANG_XX.wav,True,72650,1611608516000000000
/Users/jordanacle/Downloads/archive/Crema/1073_DFA_NEU_XX.wav,1073,neutral,NEU,1073_DFA_NEU_XX.wav,True,69446,1611608516000000000
/Users/jordanacle/Downloads/archive/Crema/1073_DFA_SAD_XX.wav,1073,sad,SAD,1073_DFA_SAD_XX.wav,True,65176,1611608516000000000
/Users/jordanacle/Downloads/archive/Crema/1073_IEO_ANG_LO.wav,1073,angry,ANG,1073_IEO_ANG_LO.wav,True,48092,1611608516000000000
/Users/jordanacle/Downloads/archive/Crema/1073_IEO_ANG_MD.wav,1073,angry,ANG,1073_IEO_ANG_MD.wav,True,49160,1611608516000000000
/Users/jordanacle/Downloads/archive/Crema/1073_IEO_DIS_HI.wav,1073,disgust,DIS,1073_IEO_DIS_HI.wav,True,73090,1611608516000000000
/Users/jordanacle/Downloads/archive/Crema/1073_IEO_DIS_LO.wav,1073,disgust,DIS,1073_IEO_DIS_LO.wav,True,60904,1611608516000000000
/Users/jordanacle/Downloads/archive/Crema/1073_IEO_FEA_HI.wav,1073,fear,FEA,1073_IEO_FEA_HI.wav,True,79056,1611608516000000000
/Users/jordanacle/Downloads/archive/Crema/1073_IEO_FEA_LO.wav,1073,fear,FEA,1073_IEO_FEA_LO.wav,True,69446,1611608516000000000
/Users/jordanacle/Downloads/archive/Crema/1073_IEO_FEA_MD.wav,1073,fear,FEA,1073_IEO_FEA_MD.wav,True,64108,1611608516000000000
/Users/jordanacle/Downloads/archive/Crema/1073_IEO_HAP_HI.wav,1073,happy,HAP,1073_IEO_HAP_HI.wav,True,74786,1611608516000000000
/Users/jordanacle/Downloads/archive/Crema/1073_IEO_NEU_XX.wav,1073,neutral,NEU,1073_IEO_NEU_XX.wav,True,63040,1611608516000000000
/Users/jordanacle/Downloads/archive/Crema/1073_IEO_HAP_MD.wav,1073,happy,HAP,1073_IEO_HAP_MD.wav,True,65176,1611608516000000000
/Users/jordanacle/Downloads/archive/Crema/1073_IEO_SAD_HI.wav,1073,sad,SAD,1073_IEO_SAD_HI.wav,True,82260,1611608518000000000
/Users/jordanacle/Downloads/archive/Crema/1073_IEO_SAD_LO.wav,1073,sad,SAD,1073_IEO_SAD_LO.wav,True,56634,1611608518000000000
/Users/jordanacle/Downloads/archive/Crema/1073_IOM_ANG_XX.wav,1073,angry,ANG,1073_IOM_ANG_XX.wav,True,73090,1611608518000000000
/Users/jordanacle/Downloads/archive/Crema/1073_IOM_DIS_XX.wav,1073,disgust,DIS,1073_IOM_DIS_XX.wav,True,91870,1611608518000000000
/Users/jordanacle/Downloads/archive/Crema/1073_IOM_FEA_XX.wav,1073,fear,FEA,1073_IOM_FEA_XX.wav,True,94004,1611608518000000000
/Users/jordanacle/Downloads/archive/Crema/1073_IOM_NEU_XX.wav,1073,neutral,NEU,1073_IOM_NEU_XX.wav,True,75854,1611608518000000000
/Users/jordanacle/Downloads/archive/Crema/1073_IOM_SAD_XX.wav,1073,sad,SAD,1073_IOM_SAD_XX.wav,True,69446,1611608518000000000
/Users/jordanacle/Downloads/archive/Crema/1073_ITH_DIS_XX.wav,1073,disgust,DIS,1073_ITH_DIS_XX.wav,True,99344,1611608518000000000
/Users/jordanacle/Downloads/archive/Crema/1073_ITH_FEA_XX.wav,1073,fear,FEA,1073_ITH_FEA_XX.wav,True,116426,1611608518000000000
/Users/jordanacle/Downloads/archive/Crema/1073_ITH_HAP_XX.wav,1073,happy,HAP,1073_ITH_HAP_XX.wav,True,90802,1611608518000000000
/Users/jordanacle/Downloads/archive/Crema/1073_ITH_NEU_XX.wav,1073,neutral,NEU,1073_ITH_NEU_XX.wav,True,87598,1611608518000000000
/Users/jordanacle/Downloads/archive/Crema/1073_ITH_SAD_XX.wav,1073,sad,SAD,1073_ITH_SAD_XX.wav,True,81192,1611608518000000000
/Users/jordanacle/Downloads/archive/Crema/1073_ITS_DIS_XX.wav,1073,disgust,DIS,1073_ITS_DIS_XX.wav,True,90802,1611608518000000000
/Users/jordanacle/Downloads/archive/Crema/1073_ITS_FEA_XX.wav,1073,fear,FEA,1073_ITS_FEA_XX.wav,True,89734,1611608518000000000
/Users/jordanacle/Downloads/archive/Crema/1073_ITS_NEU_XX.wav,1073,neutral,NEU,1073_ITS_NEU_XX.wav,True,75854,1611608518000000000
/Users/jordanacle/Downloads/archive/Crema/1073_ITS_HAP_XX.wav,1073,happy,HAP,1073_ITS_HAP_XX.wav,True,77988,1611608518000000000
/Users/jordanacle/Downloads/archive/Crema/1073_ITS_SAD_XX.wav,1073,sad,SAD,1073_ITS_SAD_XX.wav,True,77988,1611608518000000000
/Users/jordanacle/Downloads/archive/Crema/1073_IWL_DIS_XX.wav,1073,disgust,DIS,1073_IWL_DIS_XX.wav,True,102546,1611608518000000000
/Users/jordanacle/Downloads/archive/Crema/1073_IWL_ANG_XX.wav,1073,angry,ANG,1073_IWL_ANG_XX.wav,True,84394,1611608518000000000
/Users/jordanacle/Downloads/archive/Crema/1073_IWL_SAD_XX.wav,1073,sad,SAD,1073_IWL_SAD_XX.wav,True,83328,1611608518000000000
/Users/jordanacle/Downloads/archive/Crema/1073_IWL_HAP_XX.wav,1073,happy,HAP,1073_IWL_HAP_XX.wav,True,95072,1611608518000000000
/Users/jordanacle/Downloads/archive/Crema/1073_IWL_FEA_XX.wav,1073,fear,FEA,1073_IWL_FEA_XX.wav,True,85462,1611608518000000000
/Users/jordanacle/Downloads/archive/Crema/1073_IWW_ANG_XX.wav,1073,angry,ANG,1073_IWW_ANG_XX.wav,True,73718,1611608518000000000
/Users/jordanacle/Downloads/archive/Crema/1073_IWW_DIS_XX.wav,1073,disgust,DIS,1073_IWW_DIS_XX.wav,True,92936,1611608518000000000
/Users/jordanacle/Downloads/archive/Crema/1073_IWW_NEU_XX.wav,1073,neutral,NEU,1073_IWW_NEU_XX.wav,True,73718,1611608518000000000
/Users/jordanacle/Downloads/archive/Crema/1073_IWW_HAP_XX.wav,1073,happy,HAP,1073_IWW_HAP_XX.wav,True,79056,1611608518000000000
/Users/jordanacle/Downloads/archive/Crema/1073_IWW_FEA_XX.wav,1073,fear,FEA,1073_IWW_FEA_XX.wav,True,94004,1611608518000000000
/Users/jordanacle/Downloads/archive/Crema/1073_IWW_SAD_XX.wav,1073,sad,SAD,1073_IWW_SAD_XX.wav,True,84394,1611608518000000000
/Users/jordanacle/Downloads/archive/Crema/1073_MTI_ANG_XX.wav,1073,angry,ANG,1073_MTI_ANG_XX.wav,True,84394,1611608518000000000
/Users/jordanacle/Downloads/archive/Crema/1073_MTI_DIS_XX.wav,1073,disgust,DIS,1073_MTI_DIS_XX.wav,True,95072,1611608518000000000
/Users/jordanacle/Downloads/archive/Crema/1073_MTI_FEA_XX.wav,1073,fear,FEA,1073_MTI_FEA_XX.wav,True,85462,1611608518000000000
/Users/jordanacle/Downloads/archive/Crema/1073_MTI_HAP_XX.wav,1073,happy,HAP,1073_MTI_HAP_XX.wav,True,91870,1611608518000000000
/Users/jordanacle/Downloads/archive/Crema/1073_MTI_NEU_XX.wav,1073,neutral,NEU,1073_MTI_NEU_XX.wav,True,84394,1611608518000000000
/Users/jordanacle/Downloads/archive/Crema/1073_MTI_SAD_XX.wav,1073,sad,SAD,1073_MTI_SAD_XX.wav,True,82260,1611608518000000000
/Users/jordanacle/Downloads/archive/Crema/1073_TAI_DIS_XX.wav,1073,disgust,DIS,1073_TAI_DIS_XX.wav,True,94004,1611608518000000000
/Users/jordanacle/Downloads/archive/Crema/1073_TAI_ANG_XX.wav,1073,angry,ANG,1073_TAI_ANG_XX.wav,True,82260,1611608518000000000
/Users/jordanacle/Downloads/archive/Crema/1073_TAI_FEA_XX.wav,1073,fear,FEA,1073_TAI_FEA_XX.wav,True,86530,1611608518000000000
/Users/jordanacle/Downloads/archive/Crema/1073_TAI_HAP_XX.wav,1073,happy,HAP,1073_TAI_HAP_XX.wav,True,94004,1611608518000000000
/Users/jordanacle/Downloads/archive/Crema/1073_TAI_NEU_XX.wav,1073,neutral,NEU,1073_TAI_NEU_XX.wav,True,86530,1611608518000000000
/Users/jordanacle/Downloads/archive/Crema/1073_TAI_SAD_XX.wav,1073,sad,SAD,1073_TAI_SAD_XX.wav,True,80124,1611608518000000000
/Users/jordanacle/Downloads/archive/Crema/1073_TIE_DIS_XX.wav,1073,disgust,DIS,1073_TIE_DIS_XX.wav,True,102546,1611608518000000000
/Users/jordanacle/Downloads/archive/Crema/1073_TIE_FEA_XX.wav,1073,fear,FEA,1073_TIE_FEA_XX.wav,True,87598,1611608518000000000
/Users/jordanacle/Downloads/archive/Crema/1073_TIE_HAP_XX.wav,1073,happy,HAP,1073_TIE_HAP_XX.wav,True,91868,1611608518000000000
/Users/jordanacle/Downloads/archive/Crema/1073_TIE_NEU_XX.wav,1073,neutral,NEU,1073_TIE_NEU_XX.wav,True,73718,1611608518000000000
/Users/jordanacle/Downloads/archive/Crema/1073_TIE_SAD_XX.wav,1073,sad,SAD,1073_TIE_SAD_XX.wav,True,66244,1611608518000000000
/Users/jordanacle/Downloads/archive/Crema/1073_TSI_ANG_XX.wav,1073,angry,ANG,1073_TSI_ANG_XX.wav,True,79056,1611608518000000000
/Users/jordanacle/Downloads/archive/Crema/1073_TSI_DIS_XX.wav,1073,disgust,DIS,1073_TSI_DIS_XX.wav,True,100410,1611608518000000000
/Users/jordanacle/Downloads/archive/Crema/1073_TSI_FEA_XX.wav,1073,fear,FEA,1073_TSI_FEA_XX.wav,True,77988,1611608518000000000
/Users/jordanacle/Downloads/archive/Crema/1073_TSI_SAD_XX.wav,1073,sad,SAD,1073_TSI_SAD_XX.wav,True,67312,1611608518000000000
/Users/jordanacle/Downloads/archive/Crema/1073_WSI_ANG_XX.wav,1073,angry,ANG,1073_WSI_ANG_XX.wav,True,88666,1611608518000000000
/Users/jordanacle/Downloads/archive/Crema/1073_TSI_NEU_XX.wav,1073,neutral,NEU,1073_TSI_NEU_XX.wav,True,77988,1611608518000000000
/Users/jordanacle/Downloads/archive/Crema/1073_WSI_HAP_XX.wav,1073,happy,HAP,1073_WSI_HAP_XX.wav,True,84394,1611608518000000000
/Users/jordanacle/Downloads/archive/Crema/1073_WSI_NEU_XX.wav,1073,neutral,NEU,1073_WSI_NEU_XX.wav,True,66244,1611608518000000000
/Users/jordanacle/Downloads/archive/Crema/1073_WSI_SAD_XX.wav,1073,sad,SAD,1073_WSI_SAD_XX.wav,True,76920,1611608518000000000
/Users/jordanacle/Downloads/archive/Crema/1074_DFA_ANG_XX.wav,1074,angry,ANG,1074_DFA_ANG_XX.wav,True,86530,1611608518000000000
/Users/jordanacle/Downloads/archive/Crema/1074_DFA_DIS_XX.wav,1074,disgust,DIS,1074_DFA_DIS_XX.wav,True,94004,1611608518000000000
/Users/jordanacle/Downloads/archive/Crema/1074_DFA_FEA_XX.wav,1074,fear,FEA,1074_DFA_FEA_XX.wav,True,88666,1611608518000000000
/Users/jordanacle/Downloads/archive/Crema/1074_DFA_HAP_XX.wav,1074,happy,HAP,1074_DFA_HAP_XX.wav,True,66244,1611608518000000000
/Users/jordanacle/Downloads/archive/Crema/1074_DFA_NEU_XX.wav,1074,neutral,NEU,1074_DFA_NEU_XX.wav,True,72650,1611608518000000000
/Users/jordanacle/Downloads/archive/Crema/1074_IEO_ANG_LO.wav,1074,angry,ANG,1074_IEO_ANG_LO.wav,True,50228,1611608518000000000
/Users/jordanacle/Downloads/archive/Crema/1074_IEO_ANG_MD.wav,1074,angry,ANG,1074_IEO_ANG_MD.wav,True,73718,1611608518000000000
/Users/jordanacle/Downloads/archive/Crema/1074_IEO_DIS_LO.wav,1074,disgust,DIS,1074_IEO_DIS_LO.wav,True,58770,1611608518000000000
/Users/jordanacle/Downloads/archive/Crema/1074_IEO_DIS_HI.wav,1074,disgust,DIS,1074_IEO_DIS_HI.wav,True,60904,1611608518000000000
/Users/jordanacle/Downloads/archive/Crema/1074_IEO_FEA_HI.wav,1074,fear,FEA,1074_IEO_FEA_HI.wav,True,74786,1611608518000000000
/Users/jordanacle/Downloads/archive/Crema/1074_IEO_FEA_LO.wav,1074,fear,FEA,1074_IEO_FEA_LO.wav,True,63040,1611608518000000000
/Users/jordanacle/Downloads/archive/Crema/1074_IEO_HAP_MD.wav,1074,happy,HAP,1074_IEO_HAP_MD.wav,True,81192,1611608518000000000
/Users/jordanacle/Downloads/archive/Crema/1074_IEO_HAP_HI.wav,1074,happy,HAP,1074_IEO_HAP_HI.wav,True,53430,1611608518000000000
/Users/jordanacle/Downloads/archive/Crema/1074_IEO_NEU_XX.wav,1074,neutral,NEU,1074_IEO_NEU_XX.wav,True,73718,1611608518000000000
/Users/jordanacle/Downloads/archive/Crema/1074_IEO_SAD_LO.wav,1074,sad,SAD,1074_IEO_SAD_LO.wav,True,75854,1611608518000000000
/Users/jordanacle/Downloads/archive/Crema/1074_IEO_SAD_HI.wav,1074,sad,SAD,1074_IEO_SAD_HI.wav,True,64108,1611608518000000000
/Users/jordanacle/Downloads/archive/Crema/1074_IOM_DIS_XX.wav,1074,disgust,DIS,1074_IOM_DIS_XX.wav,True,88666,1611608518000000000
/Users/jordanacle/Downloads/archive/Crema/1074_IOM_ANG_XX.wav,1074,angry,ANG,1074_IOM_ANG_XX.wav,True,85462,1611608518000000000
/Users/jordanacle/Downloads/archive/Crema/1074_IOM_FEA_XX.wav,1074,fear,FEA,1074_IOM_FEA_XX.wav,True,76920,1611608518000000000
/Users/jordanacle/Downloads/archive/Crema/1074_IOM_SAD_XX.wav,1074,sad,SAD,1074_IOM_SAD_XX.wav,True,73090,1611608518000000000
/Users/jordanacle/Downloads/archive/Crema/1074_IOM_NEU_XX.wav,1074,neutral,NEU,1074_IOM_NEU_XX.wav,True,81192,1611608518000000000
/Users/jordanacle/Downloads/archive/Crema/1074_ITH_FEA_XX.wav,1074,fear,FEA,1074_ITH_FEA_XX.wav,True,91870,1611608518000000000
/Users/jordanacle/Downloads/archive/Crema/1074_ITH_DIS_XX.wav,1074,disgust,DIS,1074_ITH_DIS_XX.wav,True,90802,1611608518000000000
/Users/jordanacle/Downloads/archive/Crema/1074_ITH_HAP_XX.wav,1074,happy,HAP,1074_ITH_HAP_XX.wav,True,85462,1611608518000000000
/Users/jordanacle/Downloads/archive/Crema/1074_ITH_NEU_XX.wav,1074,neutral,NEU,1074_ITH_NEU_XX.wav,True,86530,1611608518000000000
/Users/jordanacle/Downloads/archive/Crema/1074_ITH_SAD_XX.wav,1074,sad,SAD,1074_ITH_SAD_XX.wav,True,88666,1611608518000000000
/Users/jordanacle/Downloads/archive/Crema/1074_ITS_DIS_XX.wav,1074,disgust,DIS,1074_ITS_DIS_XX.wav,True,97208,1611608518000000000
/Users/jordanacle/Downloads/archive/Crema/1074_ITS_FEA_XX.wav,1074,fear,FEA,1074_ITS_FEA_XX.wav,True,95072,1611608518000000000
/Users/jordanacle/Downloads/archive/Crema/1074_ITS_HAP_XX.wav,1074,happy,HAP,1074_ITS_HAP_XX.wav,True,75854,1611608518000000000
/Users/jordanacle/Downloads/archive/Crema/1074_ITS_NEU_XX.wav,1074,neutral,NEU,1074_ITS_NEU_XX.wav,True,88666,1611608518000000000
/Users/jordanacle/Downloads/archive/Crema/1074_IWL_ANG_XX.wav,1074,angry,ANG,1074_IWL_ANG_XX.wav,True,89734,1611608518000000000
/Users/jordanacle/Downloads/archive/Crema/1074_IWL_DIS_XX.wav,1074,disgust,DIS,1074_IWL_DIS_XX.wav,True,100410,1611608518000000000
/Users/jordanacle/Downloads/archive/Crema/1074_ITS_SAD_XX.wav,1074,sad,SAD,1074_ITS_SAD_XX.wav,True,81192,1611608518000000000
/Users/jordanacle/Downloads/archive/Crema/1074_IWL_FEA_XX.wav,1074,fear,FEA,1074_IWL_FEA_XX.wav,True,92936,1611608518000000000
/Users/jordanacle/Downloads/archive/Crema/1074_IWL_HAP_XX.wav,1074,happy,HAP,1074_IWL_HAP_XX.wav,True,84394,1611608518000000000
/Users/jordanacle/Downloads/archive/Crema/1074_IWL_NEU_XX.wav,1074,neutral,NEU,1074_IWL_NEU_XX.wav,True,87598,1611608518000000000
/Users/jordanacle/Downloads/archive/Crema/1074_IWL_SAD_XX.wav,1074,sad,SAD,1074_IWL_SAD_XX.wav,True,94004,1611608518000000000
/Users/jordanacle/Downloads/archive/Crema/1074_IWW_ANG_XX.wav,1074,angry,ANG,1074_IWW_ANG_XX.wav,True,89734,1611608518000000000
/Users/jordanacle/Downloads/archive/Crema/1074_IWW_DIS_XX.wav,1074,disgust,DIS,1074_IWW_DIS_XX.wav,True,92936,1611608518000000000
/Users/jordanacle/Downloads/archive/Crema/1074_IWW_FEA_XX.wav,1074,fear,FEA,1074_IWW_FEA_XX.wav,True,87598,1611608518000000000
/Users/jordanacle/Downloads/archive/Crema/1074_IWW_HAP_XX.wav,1074,happy,HAP,1074_IWW_HAP_XX.wav,True,80124,1611608518000000000
/Users/jordanacle/Downloads/archive/Crema/1074_IWW_SAD_XX.wav,1074,sad,SAD,1074_IWW_SAD_XX.wav,True,89734,1611608518000000000
/Users/jordanacle/Downloads/archive/Crema/1074_MTI_ANG_XX.wav,1074,angry,ANG,1074_MTI_ANG_XX.wav,True,99344,1611608518000000000
/Users/jordanacle/Downloads/archive/Crema/1074_MTI_DIS_XX.wav,1074,disgust,DIS,1074_MTI_DIS_XX.wav,True,92936,1611608518000000000
/Users/jordanacle/Downloads/archive/Crema/1074_MTI_FEA_XX.wav,1074,fear,FEA,1074_MTI_FEA_XX.wav,True,83328,1611608518000000000
/Users/jordanacle/Downloads/archive/Crema/1074_MTI_HAP_XX.wav,1074,happy,HAP,1074_MTI_HAP_XX.wav,True,88666,1611608518000000000
/Users/jordanacle/Downloads/archive/Crema/1074_MTI_NEU_XX.wav,1074,neutral,NEU,1074_MTI_NEU_XX.wav,True,87598,1611608518000000000
/Users/jordanacle/Downloads/archive/Crema/1074_TAI_ANG_XX.wav,1074,angry,ANG,1074_TAI_ANG_XX.wav,True,94004,1611608518000000000
/Users/jordanacle/Downloads/archive/Crema/1074_TAI_FEA_XX.wav,1074,fear,FEA,1074_TAI_FEA_XX.wav,True,91870,1611608518000000000
/Users/jordanacle/Downloads/archive/Crema/1074_TAI_DIS_XX.wav,1074,disgust,DIS,1074_TAI_DIS_XX.wav,True,71582,1611608518000000000
/Users/jordanacle/Downloads/archive/Crema/1074_TAI_HAP_XX.wav,1074,happy,HAP,1074_TAI_HAP_XX.wav,True,81192,1611608518000000000
/Users/jordanacle/Downloads/archive/Crema/1074_TAI_SAD_XX.wav,1074,sad,SAD,1074_TAI_SAD_XX.wav,True,79056,1611608518000000000
/Users/jordanacle/Downloads/archive/Crema/1074_TAI_NEU_XX.wav,1074,neutral,NEU,1074_TAI_NEU_XX.wav,True,85462,1611608518000000000
/Users/jordanacle/Downloads/archive/Crema/1074_TIE_DIS_XX.wav,1074,disgust,DIS,1074_TIE_DIS_XX.wav,True,110020,1611608518000000000
/Users/jordanacle/Downloads/archive/Crema/1074_TIE_FEA_XX.wav,1074,fear,FEA,1074_TIE_FEA_XX.wav,True,116426,1611608518000000000
/Users/jordanacle/Downloads/archive/Crema/1074_TIE_HAP_XX.wav,1074,happy,HAP,1074_TIE_HAP_XX.wav,True,95072,1611608518000000000
/Users/jordanacle/Downloads/archive/Crema/1074_TIE_NEU_XX.wav,1074,neutral,NEU,1074_TIE_NEU_XX.wav,True,95072,1611608518000000000
/Users/jordanacle/Downloads/archive/Crema/1074_TIE_SAD_XX.wav,1074,sad,SAD,1074_TIE_SAD_XX.wav,True,128172,1611608518000000000
/Users/jordanacle/Downloads/archive/Crema/1074_TSI_ANG_XX.wav,1074,angry,ANG,1074_TSI_ANG_XX.wav,True,83328,1611608518000000000
/Users/jordanacle/Downloads/archive/Crema/1074_TSI_FEA_XX.wav,1074,fear,FEA,1074_TSI_FEA_XX.wav,True,90802,1611608518000000000
/Users/jordanacle/Downloads/archive/Crema/1074_TSI_NEU_XX.wav,1074,neutral,NEU,1074_TSI_NEU_XX.wav,True,88666,1611608518000000000
/Users/jordanacle/Downloads/archive/Crema/1074_TSI_DIS_XX.wav,1074,disgust,DIS,1074_TSI_DIS_XX.wav,True,87598,1611608518000000000
/Users/jordanacle/Downloads/archive/Crema/1074_TSI_SAD_XX.wav,1074,sad,SAD,1074_TSI_SAD_XX.wav,True,73718,1611608518000000000
/Users/jordanacle/Downloads/archive/Crema/1074_WSI_ANG_XX.wav,1074,angry,ANG,1074_WSI_ANG_XX.wav,True,94004,1611608518000000000
/Users/jordanacle/Downloads/archive/Crema/1074_WSI_DIS_XX.wav,1074,disgust,DIS,1074_WSI_DIS_XX.wav,True,99344,1611608518000000000
/Users/jordanacle/Downloads/archive/Crema/1074_WSI_FEA_XX.wav,1074,fear,FEA,1074_WSI_FEA_XX.wav,True,102546,1611608518000000000
/Users/jordanacle/Downloads/archive/Crema/1074_WSI_HAP_XX.wav,1074,happy,HAP,1074_WSI_HAP_XX.wav,True,94004,1611608518000000000
/Users/jordanacle/Downloads/archive/Crema/1074_WSI_NEU_XX.wav,1074,neutral,NEU,1074_WSI_NEU_XX.wav,True,85462,1611608518000000000
/Users/jordanacle/Downloads/archive/Crema/1074_WSI_SAD_XX.wav,1074,sad,SAD,1074_WSI_SAD_XX.wav,True,82260,1611608518000000000
/Users/jordanacle/Downloads/archive/Crema/1075_DFA_HAP_XX.wav,1075,happy,HAP,1075_DFA_HAP_XX.wav,True,69446,1611608518000000000
/Users/jordanacle/Downloads/archive/Crema/1075_DFA_ANG_XX.wav,1075,angry,ANG,1075_DFA_ANG_XX.wav,True,95072,1611608518000000000
/Users/jordanacle/Downloads/archive/Crema/1075_IEO_ANG_HI.wav,1075,angry,ANG,1075_IEO_ANG_HI.wav,True,80124,1611608518000000000
/Users/jordanacle/Downloads/archive/Crema/1075_DFA_NEU_XX.wav,1075,neutral,NEU,1075_DFA_NEU_XX.wav,True,88666,1611608518000000000
/Users/jordanacle/Downloads/archive/Crema/1075_IEO_ANG_LO.wav,1075,angry,ANG,1075_IEO_ANG_LO.wav,True,77988,1611608518000000000
/Users/jordanacle/Downloads/archive/Crema/1075_IEO_ANG_MD.wav,1075,angry,ANG,1075_IEO_ANG_MD.wav,True,80124,1611608518000000000
/Users/jordanacle/Downloads/archive/Crema/1075_IEO_DIS_HI.wav,1075,disgust,DIS,1075_IEO_DIS_HI.wav,True,76920,1611608518000000000
/Users/jordanacle/Downloads/archive/Crema/1075_IEO_DIS_LO.wav,1075,disgust,DIS,1075_IEO_DIS_LO.wav,True,63040,1611608518000000000
/Users/jordanacle/Downloads/archive/Crema/1075_IEO_FEA_HI.wav,1075,fear,FEA,1075_IEO_FEA_HI.wav,True,65176,1611608518000000000
/Users/jordanacle/Downloads/archive/Crema/1075_IEO_FEA_LO.wav,1075,fear,FEA,1075_IEO_FEA_LO.wav,True,54498,1611608518000000000
/Users/jordanacle/Downloads/archive/Crema/1075_IEO_HAP_HI.wav,1075,happy,HAP,1075_IEO_HAP_HI.wav,True,42754,1611608518000000000
/Users/jordanacle/Downloads/archive/Crema/1075_IEO_HAP_MD.wav,1075,happy,HAP,1075_IEO_HAP_MD.wav,True,59836,1611608518000000000
/Users/jordanacle/Downloads/archive/Crema/1075_IEO_HAP_LO.wav,1075,happy,HAP,1075_IEO_HAP_LO.wav,True,52362,1611608518000000000
/Users/jordanacle/Downloads/archive/Crema/1075_IEO_NEU_XX.wav,1075,neutral,NEU,1075_IEO_NEU_XX.wav,True,58770,1611608518000000000
/Users/jordanacle/Downloads/archive/Crema/1075_IEO_SAD_HI.wav,1075,sad,SAD,1075_IEO_SAD_HI.wav,True,90802,1611608518000000000
/Users/jordanacle/Downloads/archive/Crema/1075_IEO_SAD_LO.wav,1075,sad,SAD,1075_IEO_SAD_LO.wav,True,54498,1611608518000000000
/Users/jordanacle/Downloads/archive/Crema/1075_IEO_SAD_MD.wav,1075,sad,SAD,1075_IEO_SAD_MD.wav,True,80124,1611608518000000000
/Users/jordanacle/Downloads/archive/Crema/1075_IOM_ANG_XX.wav,1075,angry,ANG,1075_IOM_ANG_XX.wav,True,81192,1611608518000000000
/Users/jordanacle/Downloads/archive/Crema/1075_IOM_DIS_XX.wav,1075,disgust,DIS,1075_IOM_DIS_XX.wav,True,76920,1611608518000000000
/Users/jordanacle/Downloads/archive/Crema/1075_IOM_FEA_XX.wav,1075,fear,FEA,1075_IOM_FEA_XX.wav,True,86530,1611608518000000000
/Users/jordanacle/Downloads/archive/Crema/1075_IOM_NEU_XX.wav,1075,neutral,NEU,1075_IOM_NEU_XX.wav,True,67312,1611608518000000000
/Users/jordanacle/Downloads/archive/Crema/1075_IOM_SAD_XX.wav,1075,sad,SAD,1075_IOM_SAD_XX.wav,True,70514,1611608518000000000
/Users/jordanacle/Downloads/archive/Crema/1075_ITH_DIS_XX.wav,1075,disgust,DIS,1075_ITH_DIS_XX.wav,True,90802,1611608518000000000
/Users/jordanacle/Downloads/archive/Crema/1075_ITH_FEA_XX.wav,1075,fear,FEA,1075_ITH_FEA_XX.wav,True,95072,1611608518000000000
/Users/jordanacle/Downloads/archive/Crema/1075_ITH_HAP_XX.wav,1075,happy,HAP,1075_ITH_HAP_XX.wav,True,87598,1611608518000000000
/Users/jordanacle/Downloads/archive/Crema/1075_ITH_NEU_XX.wav,1075,neutral,NEU,1075_ITH_NEU_XX.wav,True,86530,1611608518000000000
/Users/jordanacle/Downloads/archive/Crema/1075_ITH_SAD_XX.wav,1075,sad,SAD,1075_ITH_SAD_XX.wav,True,72650,1611608518000000000
/Users/jordanacle/Downloads/archive/Crema/1075_ITS_DIS_XX.wav,1075,disgust,DIS,1075_ITS_DIS_XX.wav,True,98276,1611608518000000000
/Users/jordanacle/Downloads/archive/Crema/1075_ITS_HAP_XX.wav,1075,happy,HAP,1075_ITS_HAP_XX.wav,True,87598,1611608518000000000
/Users/jordanacle/Downloads/archive/Crema/1075_ITS_NEU_XX.wav,1075,neutral,NEU,1075_ITS_NEU_XX.wav,True,77988,1611608518000000000
/Users/jordanacle/Downloads/archive/Crema/1075_ITS_FEA_XX.wav,1075,fear,FEA,1075_ITS_FEA_XX.wav,True,91870,1611608518000000000
/Users/jordanacle/Downloads/archive/Crema/1075_ITS_SAD_XX.wav,1075,sad,SAD,1075_ITS_SAD_XX.wav,True,76920,1611608518000000000
/Users/jordanacle/Downloads/archive/Crema/1075_IWL_ANG_XX.wav,1075,angry,ANG,1075_IWL_ANG_XX.wav,True,98276,1611608518000000000
/Users/jordanacle/Downloads/archive/Crema/1075_IWL_DIS_XX.wav,1075,disgust,DIS,1075_IWL_DIS_XX.wav,True,80124,1611608518000000000
/Users/jordanacle/Downloads/archive/Crema/1075_IWL_FEA_XX.wav,1075,fear,FEA,1075_IWL_FEA_XX.wav,True,79056,1611608518000000000
/Users/jordanacle/Downloads/archive/Crema/1075_IWL_HAP_XX.wav,1075,happy,HAP,1075_IWL_HAP_XX.wav,True,80124,1611608518000000000
/Users/jordanacle/Downloads/archive/Crema/1075_IWL_SAD_XX.wav,1075,sad,SAD,1075_IWL_SAD_XX.wav,True,84394,1611608518000000000
/Users/jordanacle/Downloads/archive/Crema/1075_IWW_ANG_XX.wav,1075,angry,ANG,1075_IWW_ANG_XX.wav,True,88666,1611608518000000000
/Users/jordanacle/Downloads/archive/Crema/1075_IWW_DIS_XX.wav,1075,disgust,DIS,1075_IWW_DIS_XX.wav,True,89734,1611608518000000000
/Users/jordanacle/Downloads/archive/Crema/1075_IWW_FEA_XX.wav,1075,fear,FEA,1075_IWW_FEA_XX.wav,True,73090,1611608518000000000
/Users/jordanacle/Downloads/archive/Crema/1075_IWW_SAD_XX.wav,1075,sad,SAD,1075_IWW_SAD_XX.wav,True,79056,1611608518000000000
/Users/jordanacle/Downloads/archive/Crema/1075_IWW_HAP_XX.wav,1075,happy,HAP,1075_IWW_HAP_XX.wav,True,66244,1611608518000000000
/Users/jordanacle/Downloads/archive/Crema/1075_MTI_ANG_XX.wav,1075,angry,ANG,1075_MTI_ANG_XX.wav,True,83328,1611608518000000000
/Users/jordanacle/Downloads/archive/Crema/1075_MTI_NEU_XX.wav,1075,neutral,NEU,1075_MTI_NEU_XX.wav,True,73718,1611608518000000000
/Users/jordanacle/Downloads/archive/Crema/1075_MTI_HAP_XX.wav,1075,happy,HAP,1075_MTI_HAP_XX.wav,True,85462,1611608518000000000
/Users/jordanacle/Downloads/archive/Crema/1075_TAI_DIS_XX.wav,1075,disgust,DIS,1075_TAI_DIS_XX.wav,True,80124,1611608518000000000
/Users/jordanacle/Downloads/archive/Crema/1075_TAI_FEA_XX.wav,1075,fear,FEA,1075_TAI_FEA_XX.wav,True,67312,1611608518000000000
/Users/jordanacle/Downloads/archive/Crema/1075_TAI_HAP_XX.wav,1075,happy,HAP,1075_TAI_HAP_XX.wav,True,57702,1611608518000000000
/Users/jordanacle/Downloads/archive/Crema/1075_TAI_NEU_XX.wav,1075,neutral,NEU,1075_TAI_NEU_XX.wav,True,82260,1611608518000000000
/Users/jordanacle/Downloads/archive/Crema/1075_TAI_SAD_XX.wav,1075,sad,SAD,1075_TAI_SAD_XX.wav,True,80124,1611608518000000000
/Users/jordanacle/Downloads/archive/Crema/1075_TIE_DIS_XX.wav,1075,disgust,DIS,1075_TIE_DIS_XX.wav,True,105750,1611608518000000000
/Users/jordanacle/Downloads/archive/Crema/1075_TIE_FEA_XX.wav,1075,fear,FEA,1075_TIE_FEA_XX.wav,True,76920,1611608518000000000
/Users/jordanacle/Downloads/archive/Crema/1075_TIE_HAP_XX.wav,1075,happy,HAP,1075_TIE_HAP_XX.wav,True,89734,1611608518000000000
/Users/jordanacle/Downloads/archive/Crema/1075_TIE_SAD_XX.wav,1075,sad,SAD,1075_TIE_SAD_XX.wav,True,110020,1611608518000000000
/Users/jordanacle/Downloads/archive/Crema/1075_TSI_ANG_XX.wav,1075,angry,ANG,1075_TSI_ANG_XX.wav,True,88666,1611608518000000000
/Users/jordanacle/Downloads/archive/Crema/1075_TIE_NEU_XX.wav,1075,neutral,NEU,1075_TIE_NEU_XX.wav,True,87598,1611608518000000000
/Users/jordanacle/Downloads/archive/Crema/1075_TSI_DIS_XX.wav,1075,disgust,DIS,1075_TSI_DIS_XX.wav,True,84394,1611608518000000000
/Users/jordanacle/Downloads/archive/Crema/1075_TSI_FEA_XX.wav,1075,fear,FEA,1075_TSI_FEA_XX.wav,True,68378,1611608518000000000
/Users/jordanacle/Downloads/archive/Crema/1075_TSI_HAP_XX.wav,1075,happy,HAP,1075_TSI_HAP_XX.wav,True,81192,1611608518000000000
/Users/jordanacle/Downloads/archive/Crema/1075_TSI_SAD_XX.wav,1075,sad,SAD,1075_TSI_SAD_XX.wav,True,77988,1611608518000000000
/Users/jordanacle/Downloads/archive/Crema/1075_TSI_NEU_XX.wav,1075,neutral,NEU,1075_TSI_NEU_XX.wav,True,75854,1611608518000000000
/Users/jordanacle/Downloads/archive/Crema/1075_WSI_HAP_XX.wav,1075,happy,HAP,1075_WSI_HAP_XX.wav,True,79056,1611608520000000000
/Users/jordanacle/Downloads/archive/Crema/1075_WSI_ANG_XX.wav,1075,angry,ANG,1075_WSI_ANG_XX.wav,True,113224,1611608518000000000
/Users/jordanacle/Downloads/archive/Crema/1076_DFA_DIS_XX.wav,1076,disgust,DIS,1076_DFA_DIS_XX.wav,True,72650,1611608520000000000
/Users/jordanacle/Downloads/archive/Crema/1075_WSI_NEU_XX.wav,1075,neutral,NEU,1075_WSI_NEU_XX.wav,True,77988,1611608520000000000
/Users/jordanacle/Downloads/archive/Crema/1076_DFA_FEA_XX.wav,1076,fear,FEA,1076_DFA_FEA_XX.wav,True,80124,1611608520000000000
/Users/jordanacle/Downloads/archive/Crema/1076_DFA_HAP_XX.wav,1076,happy,HAP,1076_DFA_HAP_XX.wav,True,74786,1611608520000000000
/Users/jordanacle/Downloads/archive/Crema/1076_DFA_NEU_XX.wav,1076,neutral,NEU,1076_DFA_NEU_XX.wav,True,80124,1611608520000000000
/Users/jordanacle/Downloads/archive/Crema/1076_DFA_SAD_XX.wav,1076,sad,SAD,1076_DFA_SAD_XX.wav,True,82260,1611608520000000000
/Users/jordanacle/Downloads/archive/Crema/1076_IEO_ANG_LO.wav,1076,angry,ANG,1076_IEO_ANG_LO.wav,True,72650,1611608520000000000
/Users/jordanacle/Downloads/archive/Crema/1076_IEO_ANG_HI.wav,1076,angry,ANG,1076_IEO_ANG_HI.wav,True,85462,1611608520000000000
/Users/jordanacle/Downloads/archive/Crema/1076_IEO_DIS_LO.wav,1076,disgust,DIS,1076_IEO_DIS_LO.wav,True,72650,1611608520000000000
/Users/jordanacle/Downloads/archive/Crema/1076_IEO_FEA_HI.wav,1076,fear,FEA,1076_IEO_FEA_HI.wav,True,56634,1611608520000000000
/Users/jordanacle/Downloads/archive/Crema/1076_IEO_DIS_MD.wav,1076,disgust,DIS,1076_IEO_DIS_MD.wav,True,58770,1611608520000000000
/Users/jordanacle/Downloads/archive/Crema/1076_IEO_FEA_LO.wav,1076,fear,FEA,1076_IEO_FEA_LO.wav,True,63040,1611608520000000000
/Users/jordanacle/Downloads/archive/Crema/1076_IEO_FEA_MD.wav,1076,fear,FEA,1076_IEO_FEA_MD.wav,True,65176,1611608520000000000
/Users/jordanacle/Downloads/archive/Crema/1076_IEO_HAP_HI.wav,1076,happy,HAP,1076_IEO_HAP_HI.wav,True,60904,1611608520000000000
/Users/jordanacle/Downloads/archive/Crema/1076_IEO_HAP_LO.wav,1076,happy,HAP,1076_IEO_HAP_LO.wav,True,58770,1611608520000000000
/Users/jordanacle/Downloads/archive/Crema/1076_IEO_HAP_MD.wav,1076,happy,HAP,1076_IEO_HAP_MD.wav,True,70514,1611608520000000000
/Users/jordanacle/Downloads/archive/Crema/1076_IEO_SAD_MD.wav,1076,sad,SAD,1076_IEO_SAD_MD.wav,True,76920,1611608520000000000
/Users/jordanacle/Downloads/archive/Crema/1076_IEO_SAD_LO.wav,1076,sad,SAD,1076_IEO_SAD_LO.wav,True,63040,1611608520000000000
/Users/jordanacle/Downloads/archive/Crema/1076_IOM_ANG_XX.wav,1076,angry,ANG,1076_IOM_ANG_XX.wav,True,77988,1611608520000000000
/Users/jordanacle/Downloads/archive/Crema/1076_IOM_DIS_XX.wav,1076,disgust,DIS,1076_IOM_DIS_XX.wav,True,86530,1611608520000000000
/Users/jordanacle/Downloads/archive/Crema/1076_IOM_NEU_XX.wav,1076,neutral,NEU,1076_IOM_NEU_XX.wav,True,83328,1611608520000000000
/Users/jordanacle/Downloads/archive/Crema/1076_IOM_HAP_XX.wav,1076,happy,HAP,1076_IOM_HAP_XX.wav,True,70514,1611608520000000000
/Users/jordanacle/Downloads/archive/Crema/1076_IOM_FEA_XX.wav,1076,fear,FEA,1076_IOM_FEA_XX.wav,True,79056,1611608520000000000
/Users/jordanacle/Downloads/archive/Crema/1076_IOM_SAD_XX.wav,1076,sad,SAD,1076_IOM_SAD_XX.wav,True,72650,1611608520000000000
/Users/jordanacle/Downloads/archive/Crema/1076_ITH_ANG_XX.wav,1076,angry,ANG,1076_ITH_ANG_XX.wav,True,87598,1611608520000000000
/Users/jordanacle/Downloads/archive/Crema/1076_ITH_HAP_XX.wav,1076,happy,HAP,1076_ITH_HAP_XX.wav,True,82260,1611608520000000000
/Users/jordanacle/Downloads/archive/Crema/1076_ITH_SAD_XX.wav,1076,sad,SAD,1076_ITH_SAD_XX.wav,True,75854,1611608520000000000
/Users/jordanacle/Downloads/archive/Crema/1076_ITH_NEU_XX.wav,1076,neutral,NEU,1076_ITH_NEU_XX.wav,True,82260,1611608520000000000
/Users/jordanacle/Downloads/archive/Crema/1076_ITS_ANG_XX.wav,1076,angry,ANG,1076_ITS_ANG_XX.wav,True,98276,1611608520000000000
/Users/jordanacle/Downloads/archive/Crema/1076_ITS_HAP_XX.wav,1076,happy,HAP,1076_ITS_HAP_XX.wav,True,80124,1611608520000000000
/Users/jordanacle/Downloads/archive/Crema/1076_IWL_ANG_XX.wav,1076,angry,ANG,1076_IWL_ANG_XX.wav,True,76920,1611608520000000000
/Users/jordanacle/Downloads/archive/Crema/1076_IWL_DIS_XX.wav,1076,disgust,DIS,1076_IWL_DIS_XX.wav,True,98276,1611608520000000000
/Users/jordanacle/Downloads/archive/Crema/1076_IWL_HAP_XX.wav,1076,happy,HAP,1076_IWL_HAP_XX.wav,True,85462,1611608520000000000
/Users/jordanacle/Downloads/archive/Crema/1076_IWL_FEA_XX.wav,1076,fear,FEA,1076_IWL_FEA_XX.wav,True,85462,1611608520000000000
/Users/jordanacle/Downloads/archive/Crema/1076_IWL_NEU_XX.wav,1076,neutral,NEU,1076_IWL_NEU_XX.wav,True,103614,1611608520000000000
/Users/jordanacle/Downloads/archive/Crema/1076_IWL_SAD_XX.wav,1076,sad,SAD,1076_IWL_SAD_XX.wav,True,82260,1611608520000000000
/Users/jordanacle/Downloads/archive/Crema/1076_IWW_ANG_XX.wav,1076,angry,ANG,1076_IWW_ANG_XX.wav,True,79056,1611608520000000000
/Users/jordanacle/Downloads/archive/Crema/1076_IWW_DIS_XX.wav,1076,disgust,DIS,1076_IWW_DIS_XX.wav,True,91870,1611608520000000000
/Users/jordanacle/Downloads/archive/Crema/1076_IWW_FEA_XX.wav,1076,fear,FEA,1076_IWW_FEA_XX.wav,True,74786,1611608520000000000
/Users/jordanacle/Downloads/archive/Crema/1076_IWW_NEU_XX.wav,1076,neutral,NEU,1076_IWW_NEU_XX.wav,True,77988,1611608520000000000
/Users/jordanacle/Downloads/archive/Crema/1076_IWW_SAD_XX.wav,1076,sad,SAD,1076_IWW_SAD_XX.wav,True,69446,1611608520000000000
/Users/jordanacle/Downloads/archive/Crema/1076_MTI_HAP_XX.wav,1076,happy,HAP,1076_MTI_HAP_XX.wav,True,75854,1611608520000000000
/Users/jordanacle/Downloads/archive/Crema/1076_MTI_FEA_XX.wav,1076,fear,FEA,1076_MTI_FEA_XX.wav,True,86530,1611608520000000000
/Users/jordanacle/Downloads/archive/Crema/1076_MTI_NEU_XX.wav,1076,neutral,NEU,1076_MTI_NEU_XX.wav,True,76502,1611608520000000000
/Users/jordanacle/Downloads/archive/Crema/1076_MTI_SAD_XX.wav,1076,sad,SAD,1076_MTI_SAD_XX.wav,True,82260,1611608520000000000
/Users/jordanacle/Downloads/archive/Crema/1076_TAI_ANG_XX.wav,1076,angry,ANG,1076_TAI_ANG_XX.wav,True,85462,1611608520000000000
/Users/jordanacle/Downloads/archive/Crema/1076_TAI_NEU_XX.wav,1076,neutral,NEU,1076_TAI_NEU_XX.wav,True,98276,1611608520000000000
/Users/jordanacle/Downloads/archive/Crema/1076_TAI_HAP_XX.wav,1076,happy,HAP,1076_TAI_HAP_XX.wav,True,84394,1611608520000000000
/Users/jordanacle/Downloads/archive/Crema/1076_TIE_ANG_XX.wav,1076,angry,ANG,1076_TIE_ANG_XX.wav,True,104682,1611608520000000000
/Users/jordanacle/Downloads/archive/Crema/1076_TIE_HAP_XX.wav,1076,happy,HAP,1076_TIE_HAP_XX.wav,True,107886,1611608520000000000
/Users/jordanacle/Downloads/archive/Crema/1076_TIE_NEU_XX.wav,1076,neutral,NEU,1076_TIE_NEU_XX.wav,True,91870,1611608520000000000
/Users/jordanacle/Downloads/archive/Crema/1076_TSI_ANG_XX.wav,1076,angry,ANG,1076_TSI_ANG_XX.wav,True,66244,1611608520000000000
/Users/jordanacle/Downloads/archive/Crema/1076_TSI_DIS_XX.wav,1076,disgust,DIS,1076_TSI_DIS_XX.wav,True,72650,1611608520000000000
/Users/jordanacle/Downloads/archive/Crema/1076_TSI_FEA_XX.wav,1076,fear,FEA,1076_TSI_FEA_XX.wav,True,61972,1611608520000000000
/Users/jordanacle/Downloads/archive/Crema/1076_TSI_HAP_XX.wav,1076,happy,HAP,1076_TSI_HAP_XX.wav,True,79056,1611608520000000000
/Users/jordanacle/Downloads/archive/Crema/1076_TSI_SAD_XX.wav,1076,sad,SAD,1076_TSI_SAD_XX.wav,True,66244,1611608520000000000
/Users/jordanacle/Downloads/archive/Crema/1076_WSI_DIS_XX.wav,1076,disgust,DIS,1076_WSI_DIS_XX.wav,True,87598,1611608520000000000
/Users/jordanacle/Downloads/archive/Crema/1076_WSI_FEA_XX.wav,1076,fear,FEA,1076_WSI_FEA_XX.wav,True,96140,1611608520000000000
/Users/jordanacle/Downloads/archive/Crema/1076_WSI_HAP_XX.wav,1076,happy,HAP,1076_WSI_HAP_XX.wav,True,69446,1611608520000000000
/Users/jordanacle/Downloads/archive/Crema/1076_WSI_NEU_XX.wav,1076,neutral,NEU,1076_WSI_NEU_XX.wav,True,94004,1611608520000000000
/Users/jordanacle/Downloads/archive/Crema/1076_WSI_SAD_XX.wav,1076,sad,SAD,1076_WSI_SAD_XX.wav,True,94004,1611608520000000000
/Users/jordanacle/Downloads/archive/Crema/1077_DFA_DIS_XX.wav,1077,disgust,DIS,1077_DFA_DIS_XX.wav,True,69446,1611608520000000000
/Users/jordanacle/Downloads/archive/Crema/1077_DFA_ANG_XX.wav,1077,angry,ANG,1077_DFA_ANG_XX.wav,True,79056,1611608520000000000
/Users/jordanacle/Downloads/archive/Crema/1077_DFA_FEA_XX.wav,1077,fear,FEA,1077_DFA_FEA_XX.wav,True,87598,1611608520000000000
/Users/jordanacle/Downloads/archive/Crema/1077_DFA_HAP_XX.wav,1077,happy,HAP,1077_DFA_HAP_XX.wav,True,79056,1611608520000000000
/Users/jordanacle/Downloads/archive/Crema/1077_DFA_NEU_XX.wav,1077,neutral,NEU,1077_DFA_NEU_XX.wav,True,70514,1611608520000000000
/Users/jordanacle/Downloads/archive/Crema/1077_DFA_SAD_XX.wav,1077,sad,SAD,1077_DFA_SAD_XX.wav,True,61972,1611608520000000000
/Users/jordanacle/Downloads/archive/Crema/1077_IEO_ANG_HI.wav,1077,angry,ANG,1077_IEO_ANG_HI.wav,True,72650,1611608520000000000
/Users/jordanacle/Downloads/archive/Crema/1077_IEO_ANG_LO.wav,1077,angry,ANG,1077_IEO_ANG_LO.wav,True,68378,1611608520000000000
/Users/jordanacle/Downloads/archive/Crema/1077_IEO_DIS_LO.wav,1077,disgust,DIS,1077_IEO_DIS_LO.wav,True,59836,1611608520000000000
/Users/jordanacle/Downloads/archive/Crema/1077_IEO_DIS_MD.wav,1077,disgust,DIS,1077_IEO_DIS_MD.wav,True,55566,1611608520000000000
/Users/jordanacle/Downloads/archive/Crema/1077_IEO_FEA_LO.wav,1077,fear,FEA,1077_IEO_FEA_LO.wav,True,64108,1611608520000000000
/Users/jordanacle/Downloads/archive/Crema/1077_IEO_FEA_MD.wav,1077,fear,FEA,1077_IEO_FEA_MD.wav,True,60904,1611608520000000000
/Users/jordanacle/Downloads/archive/Crema/1077_IEO_HAP_HI.wav,1077,happy,HAP,1077_IEO_HAP_HI.wav,True,79056,1611608520000000000
/Users/jordanacle/Downloads/archive/Crema/1077_IEO_HAP_LO.wav,1077,happy,HAP,1077_IEO_HAP_LO.wav,True,55566,1611608520000000000
/Users/jordanacle/Downloads/archive/Crema/1077_IEO_HAP_MD.wav,1077,happy,HAP,1077_IEO_HAP_MD.wav,True,72862,1611608520000000000
/Users/jordanacle/Downloads/archive/Crema/1077_IEO_SAD_MD.wav,1077,sad,SAD,1077_IEO_SAD_MD.wav,True,84394,1611608520000000000
/Users/jordanacle/Downloads/archive/Crema/1077_IEO_SAD_LO.wav,1077,sad,SAD,1077_IEO_SAD_LO.wav,True,64108,1611608520000000000
/Users/jordanacle/Downloads/archive/Crema/1077_IOM_ANG_XX.wav,1077,angry,ANG,1077_IOM_ANG_XX.wav,True,84394,1611608520000000000
/Users/jordanacle/Downloads/archive/Crema/1077_IOM_FEA_XX.wav,1077,fear,FEA,1077_IOM_FEA_XX.wav,True,76920,1611608520000000000
/Users/jordanacle/Downloads/archive/Crema/1077_IOM_DIS_XX.wav,1077,disgust,DIS,1077_IOM_DIS_XX.wav,True,82260,1611608520000000000
/Users/jordanacle/Downloads/archive/Crema/1077_IOM_HAP_XX.wav,1077,happy,HAP,1077_IOM_HAP_XX.wav,True,84394,1611608520000000000
/Users/jordanacle/Downloads/archive/Crema/1077_IOM_SAD_XX.wav,1077,sad,SAD,1077_IOM_SAD_XX.wav,True,70514,1611608520000000000
/Users/jordanacle/Downloads/archive/Crema/1077_ITH_ANG_XX.wav,1077,angry,ANG,1077_ITH_ANG_XX.wav,True,91870,1611608520000000000
/Users/jordanacle/Downloads/archive/Crema/1077_ITH_HAP_XX.wav,1077,happy,HAP,1077_ITH_HAP_XX.wav,True,80124,1611608520000000000
/Users/jordanacle/Downloads/archive/Crema/1077_ITH_NEU_XX.wav,1077,neutral,NEU,1077_ITH_NEU_XX.wav,True,66244,1611608520000000000
/Users/jordanacle/Downloads/archive/Crema/1077_ITS_DIS_XX.wav,1077,disgust,DIS,1077_ITS_DIS_XX.wav,True,86530,1611608520000000000
/Users/jordanacle/Downloads/archive/Crema/1077_ITS_ANG_XX.wav,1077,angry,ANG,1077_ITS_ANG_XX.wav,True,75854,1611608520000000000
/Users/jordanacle/Downloads/archive/Crema/1077_ITS_HAP_XX.wav,1077,happy,HAP,1077_ITS_HAP_XX.wav,True,73718,1611608520000000000
/Users/jordanacle/Downloads/archive/Crema/1077_ITS_SAD_XX.wav,1077,sad,SAD,1077_ITS_SAD_XX.wav,True,69446,1611608520000000000
/Users/jordanacle/Downloads/archive/Crema/1077_ITS_NEU_XX.wav,1077,neutral,NEU,1077_ITS_NEU_XX.wav,True,70514,1611608520000000000
/Users/jordanacle/Downloads/archive/Crema/1077_IWL_ANG_XX.wav,1077,angry,ANG,1077_IWL_ANG_XX.wav,True,72650,1611608520000000000
/Users/jordanacle/Downloads/archive/Crema/1077_IWL_DIS_XX.wav,1077,disgust,DIS,1077_IWL_DIS_XX.wav,True,76920,1611608520000000000
/Users/jordanacle/Downloads/archive/Crema/1077_IWL_FEA_XX.wav,1077,fear,FEA,1077_IWL_FEA_XX.wav,True,88666,1611608520000000000
/Users/jordanacle/Downloads/archive/Crema/1077_IWL_NEU_XX.wav,1077,neutral,NEU,1077_IWL_NEU_XX.wav,True,74786,1611608520000000000
/Users/jordanacle/Downloads/archive/Crema/1077_IWL_SAD_XX.wav,1077,sad,SAD,1077_IWL_SAD_XX.wav,True,80124,1611608520000000000
/Users/jordanacle/Downloads/archive/Crema/1077_IWW_DIS_XX.wav,1077,disgust,DIS,1077_IWW_DIS_XX.wav,True,76920,1611608520000000000
/Users/jordanacle/Downloads/archive/Crema/1077_IWW_ANG_XX.wav,1077,angry,ANG,1077_IWW_ANG_XX.wav,True,76920,1611608520000000000
/Users/jordanacle/Downloads/archive/Crema/1077_IWW_FEA_XX.wav,1077,fear,FEA,1077_IWW_FEA_XX.wav,True,64108,1611608520000000000
/Users/jordanacle/Downloads/archive/Crema/1077_IWW_HAP_XX.wav,1077,happy,HAP,1077_IWW_HAP_XX.wav,True,72650,1611608520000000000
/Users/jordanacle/Downloads/archive/Crema/1077_IWW_NEU_XX.wav,1077,neutral,NEU,1077_IWW_NEU_XX.wav,True,66244,1611608520000000000
/Users/jordanacle/Downloads/archive/Crema/1077_IWW_SAD_XX.wav,1077,sad,SAD,1077_IWW_SAD_XX.wav,True,63040,1611608520000000000
/Users/jordanacle/Downloads/archive/Crema/1077_MTI_ANG_XX.wav,1077,angry,ANG,1077_MTI_ANG_XX.wav,True,83328,1611608520000000000
/Users/jordanacle/Downloads/archive/Crema/1077_MTI_DIS_XX.wav,1077,disgust,DIS,1077_MTI_DIS_XX.wav,True,77988,1611608520000000000
/Users/jordanacle/Downloads/archive/Crema/1077_MTI_FEA_XX.wav,1077,fear,FEA,1077_MTI_FEA_XX.wav,True,65176,1611608520000000000
/Users/jordanacle/Downloads/archive/Crema/1077_MTI_HAP_XX.wav,1077,happy,HAP,1077_MTI_HAP_XX.wav,True,75854,1611608520000000000
/Users/jordanacle/Downloads/archive/Crema/1077_MTI_NEU_XX.wav,1077,neutral,NEU,1077_MTI_NEU_XX.wav,True,72650,1611608520000000000
/Users/jordanacle/Downloads/archive/Crema/1077_MTI_SAD_XX.wav,1077,sad,SAD,1077_MTI_SAD_XX.wav,True,82260,1611608520000000000
/Users/jordanacle/Downloads/archive/Crema/1077_TAI_ANG_XX.wav,1077,angry,ANG,1077_TAI_ANG_XX.wav,True,84394,1611608520000000000
/Users/jordanacle/Downloads/archive/Crema/1077_TAI_HAP_XX.wav,1077,happy,HAP,1077_TAI_HAP_XX.wav,True,68378,1611608520000000000
/Users/jordanacle/Downloads/archive/Crema/1077_TAI_NEU_XX.wav,1077,neutral,NEU,1077_TAI_NEU_XX.wav,True,68378,1611608520000000000
/Users/jordanacle/Downloads/archive/Crema/1077_TIE_ANG_XX.wav,1077,angry,ANG,1077_TIE_ANG_XX.wav,True,85462,1611608520000000000
/Users/jordanacle/Downloads/archive/Crema/1077_TAI_SAD_XX.wav,1077,sad,SAD,1077_TAI_SAD_XX.wav,True,70514,1611608520000000000
/Users/jordanacle/Downloads/archive/Crema/1077_TIE_DIS_XX.wav,1077,disgust,DIS,1077_TIE_DIS_XX.wav,True,108952,1611608520000000000
/Users/jordanacle/Downloads/archive/Crema/1077_TIE_FEA_XX.wav,1077,fear,FEA,1077_TIE_FEA_XX.wav,True,88666,1611608520000000000
/Users/jordanacle/Downloads/archive/Crema/1077_TIE_HAP_XX.wav,1077,happy,HAP,1077_TIE_HAP_XX.wav,True,101478,1611608520000000000
/Users/jordanacle/Downloads/archive/Crema/1077_TIE_NEU_XX.wav,1077,neutral,NEU,1077_TIE_NEU_XX.wav,True,70514,1611608520000000000
/Users/jordanacle/Downloads/archive/Crema/1077_TSI_ANG_XX.wav,1077,angry,ANG,1077_TSI_ANG_XX.wav,True,75854,1611608520000000000
/Users/jordanacle/Downloads/archive/Crema/1077_TSI_DIS_XX.wav,1077,disgust,DIS,1077_TSI_DIS_XX.wav,True,84394,1611608520000000000
/Users/jordanacle/Downloads/archive/Crema/1077_TSI_FEA_XX.wav,1077,fear,FEA,1077_TSI_FEA_XX.wav,True,76920,1611608520000000000
/Users/jordanacle/Downloads/archive/Crema/1077_TSI_HAP_XX.wav,1077,happy,HAP,1077_TSI_HAP_XX.wav,True,75854,1611608520000000000
/Users/jordanacle/Downloads/archive/Crema/1077_TSI_SAD_XX.wav,1077,sad,SAD,1077_TSI_SAD_XX.wav,True,73718,1611608520000000000
/Users/jordanacle/Downloads/archive/Crema/1077_WSI_ANG_XX.wav,1077,angry,ANG,1077_WSI_ANG_XX.wav,True,85462,1611608520000000000
/Users/jordanacle/Downloads/archive/Crema/1077_WSI_DIS_XX.wav,1077,disgust,DIS,1077_WSI_DIS_XX.wav,True,91870,1611608520000000000
/Users/jordanacle/Downloads/archive/Crema/1077_WSI_FEA_XX.wav,1077,fear,FEA,1077_WSI_FEA_XX.wav,True,95072,1611608520000000000
/Users/jordanacle/Downloads/archive/Crema/1077_WSI_HAP_XX.wav,1077,happy,HAP,1077_WSI_HAP_XX.wav,True,80124,1611608520000000000
/Users/jordanacle/Downloads/archive/Crema/1077_WSI_NEU_XX.wav,1077,neutral,NEU,1077_WSI_NEU_XX.wav,True,59838,1611608520000000000
/Users/jordanacle/Downloads/archive/Crema/1077_WSI_SAD_XX.wav,1077,sad,SAD,1077_WSI_SAD_XX.wav,True,87598,1611608520000000000
/Users/jordanacle/Downloads/archive/Crema/1078_DFA_DIS_XX.wav,1078,disgust,DIS,1078_DFA_DIS_XX.wav,True,74786,1611608520000000000
/Users/jordanacle/Downloads/archive/Crema/1078_DFA_FEA_XX.wav,1078,fear,FEA,1078_DFA_FEA_XX.wav,True,64108,1611608520000000000
/Users/jordanacle/Downloads/archive/Crema/1078_DFA_HAP_XX.wav,1078,happy,HAP,1078_DFA_HAP_XX.wav,True,67312,1611608520000000000
/Users/jordanacle/Downloads/archive/Crema/1078_DFA_NEU_XX.wav,1078,neutral,NEU,1078_DFA_NEU_XX.wav,True,83328,1611608520000000000
/Users/jordanacle/Downloads/archive/Crema/1078_IEO_ANG_LO.wav,1078,angry,ANG,1078_IEO_ANG_LO.wav,True,72650,1611608520000000000
/Users/jordanacle/Downloads/archive/Crema/1078_DFA_SAD_XX.wav,1078,sad,SAD,1078_DFA_SAD_XX.wav,True,80124,1611608520000000000
/Users/jordanacle/Downloads/archive/Crema/1078_IEO_DIS_LO.wav,1078,disgust,DIS,1078_IEO_DIS_LO.wav,True,73718,1611608520000000000
/Users/jordanacle/Downloads/archive/Crema/1078_IEO_ANG_HI.wav,1078,angry,ANG,1078_IEO_ANG_HI.wav,True,80124,1611608520000000000
/Users/jordanacle/Downloads/archive/Crema/1078_IEO_DIS_MD.wav,1078,disgust,DIS,1078_IEO_DIS_MD.wav,True,59836,1611608520000000000
/Users/jordanacle/Downloads/archive/Crema/1078_IEO_FEA_HI.wav,1078,fear,FEA,1078_IEO_FEA_HI.wav,True,60904,1611608520000000000
/Users/jordanacle/Downloads/archive/Crema/1078_IEO_FEA_MD.wav,1078,fear,FEA,1078_IEO_FEA_MD.wav,True,61972,1611608520000000000
/Users/jordanacle/Downloads/archive/Crema/1078_IEO_FEA_LO.wav,1078,fear,FEA,1078_IEO_FEA_LO.wav,True,66244,1611608520000000000
/Users/jordanacle/Downloads/archive/Crema/1078_IEO_HAP_HI.wav,1078,happy,HAP,1078_IEO_HAP_HI.wav,True,60904,1611608520000000000
/Users/jordanacle/Downloads/archive/Crema/1078_IEO_HAP_LO.wav,1078,happy,HAP,1078_IEO_HAP_LO.wav,True,48092,1611608520000000000
/Users/jordanacle/Downloads/archive/Crema/1078_IEO_HAP_MD.wav,1078,happy,HAP,1078_IEO_HAP_MD.wav,True,58770,1611608520000000000
/Users/jordanacle/Downloads/archive/Crema/1078_IEO_SAD_LO.wav,1078,sad,SAD,1078_IEO_SAD_LO.wav,True,59836,1611608520000000000
/Users/jordanacle/Downloads/archive/Crema/1078_IEO_SAD_MD.wav,1078,sad,SAD,1078_IEO_SAD_MD.wav,True,77988,1611608520000000000
/Users/jordanacle/Downloads/archive/Crema/1078_IEO_NEU_XX.wav,1078,neutral,NEU,1078_IEO_NEU_XX.wav,True,83328,1611608520000000000
/Users/jordanacle/Downloads/archive/Crema/1078_IOM_ANG_XX.wav,1078,angry,ANG,1078_IOM_ANG_XX.wav,True,87598,1611608520000000000
/Users/jordanacle/Downloads/archive/Crema/1078_IOM_DIS_XX.wav,1078,disgust,DIS,1078_IOM_DIS_XX.wav,True,72650,1611608520000000000
/Users/jordanacle/Downloads/archive/Crema/1078_IOM_FEA_XX.wav,1078,fear,FEA,1078_IOM_FEA_XX.wav,True,64108,1611608520000000000
/Users/jordanacle/Downloads/archive/Crema/1078_IOM_HAP_XX.wav,1078,happy,HAP,1078_IOM_HAP_XX.wav,True,67312,1611608520000000000
/Users/jordanacle/Downloads/archive/Crema/1078_IOM_SAD_XX.wav,1078,sad,SAD,1078_IOM_SAD_XX.wav,True,68378,1611608520000000000
/Users/jordanacle/Downloads/archive/Crema/1078_ITH_ANG_XX.wav,1078,angry,ANG,1078_ITH_ANG_XX.wav,True,87598,1611608520000000000
/Users/jordanacle/Downloads/archive/Crema/1078_ITH_NEU_XX.wav,1078,neutral,NEU,1078_ITH_NEU_XX.wav,True,74786,1611608520000000000
/Users/jordanacle/Downloads/archive/Crema/1078_ITH_HAP_XX.wav,1078,happy,HAP,1078_ITH_HAP_XX.wav,True,84394,1611608520000000000
/Users/jordanacle/Downloads/archive/Crema/1078_ITS_ANG_XX.wav,1078,angry,ANG,1078_ITS_ANG_XX.wav,True,86530,1611608520000000000
/Users/jordanacle/Downloads/archive/Crema/1078_ITS_FEA_XX.wav,1078,fear,FEA,1078_ITS_FEA_XX.wav,True,88666,1611608520000000000
/Users/jordanacle/Downloads/archive/Crema/1078_ITS_DIS_XX.wav,1078,disgust,DIS,1078_ITS_DIS_XX.wav,True,76920,1611608520000000000
/Users/jordanacle/Downloads/archive/Crema/1078_ITS_HAP_XX.wav,1078,happy,HAP,1078_ITS_HAP_XX.wav,True,80124,1611608520000000000
/Users/jordanacle/Downloads/archive/Crema/1078_ITS_NEU_XX.wav,1078,neutral,NEU,1078_ITS_NEU_XX.wav,True,67312,1611608520000000000
/Users/jordanacle/Downloads/archive/Crema/1078_IWL_ANG_XX.wav,1078,angry,ANG,1078_IWL_ANG_XX.wav,True,94004,1611608520000000000
/Users/jordanacle/Downloads/archive/Crema/1078_IWL_DIS_XX.wav,1078,disgust,DIS,1078_IWL_DIS_XX.wav,True,81192,1611608520000000000
/Users/jordanacle/Downloads/archive/Crema/1078_IWL_FEA_XX.wav,1078,fear,FEA,1078_IWL_FEA_XX.wav,True,66244,1611608520000000000
/Users/jordanacle/Downloads/archive/Crema/1078_IWL_SAD_XX.wav,1078,sad,SAD,1078_IWL_SAD_XX.wav,True,77988,1611608520000000000
/Users/jordanacle/Downloads/archive/Crema/1078_IWW_ANG_XX.wav,1078,angry,ANG,1078_IWW_ANG_XX.wav,True,82260,1611608520000000000
/Users/jordanacle/Downloads/archive/Crema/1078_IWW_FEA_XX.wav,1078,fear,FEA,1078_IWW_FEA_XX.wav,True,69446,1611608520000000000
/Users/jordanacle/Downloads/archive/Crema/1078_IWW_DIS_XX.wav,1078,disgust,DIS,1078_IWW_DIS_XX.wav,True,73090,1611608520000000000
/Users/jordanacle/Downloads/archive/Crema/1078_IWW_SAD_XX.wav,1078,sad,SAD,1078_IWW_SAD_XX.wav,True,66244,1611608520000000000
/Users/jordanacle/Downloads/archive/Crema/1078_MTI_DIS_XX.wav,1078,disgust,DIS,1078_MTI_DIS_XX.wav,True,77988,1611608520000000000
/Users/jordanacle/Downloads/archive/Crema/1078_MTI_FEA_XX.wav,1078,fear,FEA,1078_MTI_FEA_XX.wav,True,84394,1611608520000000000
/Users/jordanacle/Downloads/archive/Crema/1078_MTI_HAP_XX.wav,1078,happy,HAP,1078_MTI_HAP_XX.wav,True,80124,1611608520000000000
/Users/jordanacle/Downloads/archive/Crema/1078_IWW_NEU_XX.wav,1078,neutral,NEU,1078_IWW_NEU_XX.wav,True,68378,1611608520000000000
/Users/jordanacle/Downloads/archive/Crema/1078_MTI_NEU_XX.wav,1078,neutral,NEU,1078_MTI_NEU_XX.wav,True,83328,1611608520000000000
/Users/jordanacle/Downloads/archive/Crema/1078_MTI_SAD_XX.wav,1078,sad,SAD,1078_MTI_SAD_XX.wav,True,84394,1611608520000000000
/Users/jordanacle/Downloads/archive/Crema/1078_TAI_ANG_XX.wav,1078,angry,ANG,1078_TAI_ANG_XX.wav,True,79056,1611608520000000000
/Users/jordanacle/Downloads/archive/Crema/1078_TAI_FEA_XX.wav,1078,fear,FEA,1078_TAI_FEA_XX.wav,True,64108,1611608520000000000
/Users/jordanacle/Downloads/archive/Crema/1078_TAI_HAP_XX.wav,1078,happy,HAP,1078_TAI_HAP_XX.wav,True,79056,1611608520000000000
/Users/jordanacle/Downloads/archive/Crema/1078_TAI_NEU_XX.wav,1078,neutral,NEU,1078_TAI_NEU_XX.wav,True,83328,1611608520000000000
/Users/jordanacle/Downloads/archive/Crema/1078_TAI_SAD_XX.wav,1078,sad,SAD,1078_TAI_SAD_XX.wav,True,73090,1611608520000000000
/Users/jordanacle/Downloads/archive/Crema/1078_TIE_ANG_XX.wav,1078,angry,ANG,1078_TIE_ANG_XX.wav,True,94004,1611608520000000000
/Users/jordanacle/Downloads/archive/Crema/1078_TIE_HAP_XX.wav,1078,happy,HAP,1078_TIE_HAP_XX.wav,True,84394,1611608520000000000
/Users/jordanacle/Downloads/archive/Crema/1078_TIE_SAD_XX.wav,1078,sad,SAD,1078_TIE_SAD_XX.wav,True,99344,1611608520000000000
/Users/jordanacle/Downloads/archive/Crema/1078_TIE_NEU_XX.wav,1078,neutral,NEU,1078_TIE_NEU_XX.wav,True,84394,1611608520000000000
/Users/jordanacle/Downloads/archive/Crema/1078_TSI_ANG_XX.wav,1078,angry,ANG,1078_TSI_ANG_XX.wav,True,69446,1611608520000000000
/Users/jordanacle/Downloads/archive/Crema/1078_TSI_DIS_XX.wav,1078,disgust,DIS,1078_TSI_DIS_XX.wav,True,74786,1611608520000000000
/Users/jordanacle/Downloads/archive/Crema/1078_TSI_FEA_XX.wav,1078,fear,FEA,1078_TSI_FEA_XX.wav,True,66244,1611608520000000000
/Users/jordanacle/Downloads/archive/Crema/1078_TSI_HAP_XX.wav,1078,happy,HAP,1078_TSI_HAP_XX.wav,True,81192,1611608520000000000
/Users/jordanacle/Downloads/archive/Crema/1078_TSI_SAD_XX.wav,1078,sad,SAD,1078_TSI_SAD_XX.wav,True,80124,1611608520000000000
/Users/jordanacle/Downloads/archive/Crema/1078_WSI_DIS_XX.wav,1078,disgust,DIS,1078_WSI_DIS_XX.wav,True,83328,1611608520000000000
/Users/jordanacle/Downloads/archive/Crema/1078_WSI_FEA_XX.wav,1078,fear,FEA,1078_WSI_FEA_XX.wav,True,77988,1611608520000000000
/Users/jordanacle/Downloads/archive/Crema/1078_WSI_HAP_XX.wav,1078,happy,HAP,1078_WSI_HAP_XX.wav,True,73718,1611608520000000000
/Users/jordanacle/Downloads/archive/Crema/1078_WSI_NEU_XX.wav,1078,neutral,NEU,1078_WSI_NEU_XX.wav,True,80124,1611608520000000000
/Users/jordanacle/Downloads/archive/Crema/1078_WSI_SAD_XX.wav,1078,sad,SAD,1078_WSI_SAD_XX.wav,True,84394,1611608520000000000
/Users/jordanacle/Downloads/archive/Crema/1079_DFA_DIS_XX.wav,1079,disgust,DIS,1079_DFA_DIS_XX.wav,True,73090,1611608522000000000
/Users/jordanacle/Downloads/archive/Crema/1079_DFA_FEA_XX.wav,1079,fear,FEA,1079_DFA_FEA_XX.wav,True,61972,1611608522000000000
/Users/jordanacle/Downloads/archive/Crema/1079_DFA_HAP_XX.wav,1079,happy,HAP,1079_DFA_HAP_XX.wav,True,65176,1611608522000000000
/Users/jordanacle/Downloads/archive/Crema/1079_DFA_SAD_XX.wav,1079,sad,SAD,1079_DFA_SAD_XX.wav,True,68378,1611608522000000000
/Users/jordanacle/Downloads/archive/Crema/1079_DFA_NEU_XX.wav,1079,neutral,NEU,1079_DFA_NEU_XX.wav,True,68378,1611608522000000000
/Users/jordanacle/Downloads/archive/Crema/1079_IEO_ANG_HI.wav,1079,angry,ANG,1079_IEO_ANG_HI.wav,True,57702,1611608522000000000
/Users/jordanacle/Downloads/archive/Crema/1079_IEO_ANG_MD.wav,1079,angry,ANG,1079_IEO_ANG_MD.wav,True,65176,1611608522000000000
/Users/jordanacle/Downloads/archive/Crema/1079_IEO_ANG_LO.wav,1079,angry,ANG,1079_IEO_ANG_LO.wav,True,50228,1611608522000000000
/Users/jordanacle/Downloads/archive/Crema/1079_IEO_DIS_LO.wav,1079,disgust,DIS,1079_IEO_DIS_LO.wav,True,79056,1611608522000000000
/Users/jordanacle/Downloads/archive/Crema/1079_IEO_DIS_MD.wav,1079,disgust,DIS,1079_IEO_DIS_MD.wav,True,51296,1611608522000000000
/Users/jordanacle/Downloads/archive/Crema/1079_IEO_FEA_LO.wav,1079,fear,FEA,1079_IEO_FEA_LO.wav,True,72650,1611608522000000000
/Users/jordanacle/Downloads/archive/Crema/1079_IEO_FEA_MD.wav,1079,fear,FEA,1079_IEO_FEA_MD.wav,True,61972,1611608522000000000
/Users/jordanacle/Downloads/archive/Crema/1079_IEO_HAP_HI.wav,1079,happy,HAP,1079_IEO_HAP_HI.wav,True,59836,1611608522000000000
/Users/jordanacle/Downloads/archive/Crema/1079_IEO_HAP_LO.wav,1079,happy,HAP,1079_IEO_HAP_LO.wav,True,50228,1611608522000000000
/Users/jordanacle/Downloads/archive/Crema/1079_IEO_SAD_LO.wav,1079,sad,SAD,1079_IEO_SAD_LO.wav,True,66244,1611608522000000000
/Users/jordanacle/Downloads/archive/Crema/1079_IEO_HAP_MD.wav,1079,happy,HAP,1079_IEO_HAP_MD.wav,True,64108,1611608522000000000
/Users/jordanacle/Downloads/archive/Crema/1079_IOM_ANG_XX.wav,1079,angry,ANG,1079_IOM_ANG_XX.wav,True,79056,1611608522000000000
/Users/jordanacle/Downloads/archive/Crema/1079_IEO_SAD_MD.wav,1079,sad,SAD,1079_IEO_SAD_MD.wav,True,72650,1611608522000000000
/Users/jordanacle/Downloads/archive/Crema/1079_IOM_DIS_XX.wav,1079,disgust,DIS,1079_IOM_DIS_XX.wav,True,79056,1611608522000000000
/Users/jordanacle/Downloads/archive/Crema/1079_IOM_HAP_XX.wav,1079,happy,HAP,1079_IOM_HAP_XX.wav,True,81192,1611608522000000000
/Users/jordanacle/Downloads/archive/Crema/1079_IOM_FEA_XX.wav,1079,fear,FEA,1079_IOM_FEA_XX.wav,True,83328,1611608522000000000
/Users/jordanacle/Downloads/archive/Crema/1079_IOM_SAD_XX.wav,1079,sad,SAD,1079_IOM_SAD_XX.wav,True,63040,1611608522000000000
/Users/jordanacle/Downloads/archive/Crema/1079_ITH_ANG_XX.wav,1079,angry,ANG,1079_ITH_ANG_XX.wav,True,84394,1611608522000000000
/Users/jordanacle/Downloads/archive/Crema/1079_ITH_DIS_XX.wav,1079,disgust,DIS,1079_ITH_DIS_XX.wav,True,84394,1611608522000000000
/Users/jordanacle/Downloads/archive/Crema/1079_ITH_FEA_XX.wav,1079,fear,FEA,1079_ITH_FEA_XX.wav,True,84394,1611608522000000000
/Users/jordanacle/Downloads/archive/Crema/1079_ITH_HAP_XX.wav,1079,happy,HAP,1079_ITH_HAP_XX.wav,True,80124,1611608522000000000
/Users/jordanacle/Downloads/archive/Crema/1079_ITS_ANG_XX.wav,1079,angry,ANG,1079_ITS_ANG_XX.wav,True,77988,1611608522000000000
/Users/jordanacle/Downloads/archive/Crema/1079_ITH_NEU_XX.wav,1079,neutral,NEU,1079_ITH_NEU_XX.wav,True,94004,1611608522000000000
/Users/jordanacle/Downloads/archive/Crema/1079_ITS_HAP_XX.wav,1079,happy,HAP,1079_ITS_HAP_XX.wav,True,81192,1611608522000000000
/Users/jordanacle/Downloads/archive/Crema/1079_ITS_NEU_XX.wav,1079,neutral,NEU,1079_ITS_NEU_XX.wav,True,70514,1611608522000000000
/Users/jordanacle/Downloads/archive/Crema/1079_IWL_DIS_XX.wav,1079,disgust,DIS,1079_IWL_DIS_XX.wav,True,84394,1611608522000000000
/Users/jordanacle/Downloads/archive/Crema/1079_IWL_ANG_XX.wav,1079,angry,ANG,1079_IWL_ANG_XX.wav,True,84394,1611608522000000000
/Users/jordanacle/Downloads/archive/Crema/1079_IWL_FEA_XX.wav,1079,fear,FEA,1079_IWL_FEA_XX.wav,True,84394,1611608522000000000
/Users/jordanacle/Downloads/archive/Crema/1079_IWL_NEU_XX.wav,1079,neutral,NEU,1079_IWL_NEU_XX.wav,True,82260,1611608522000000000
/Users/jordanacle/Downloads/archive/Crema/1079_IWL_SAD_XX.wav,1079,sad,SAD,1079_IWL_SAD_XX.wav,True,75854,1611608522000000000
/Users/jordanacle/Downloads/archive/Crema/1079_IWW_DIS_XX.wav,1079,disgust,DIS,1079_IWW_DIS_XX.wav,True,76920,1611608522000000000
/Users/jordanacle/Downloads/archive/Crema/1079_IWW_NEU_XX.wav,1079,neutral,NEU,1079_IWW_NEU_XX.wav,True,69446,1611608522000000000
/Users/jordanacle/Downloads/archive/Crema/1079_IWW_ANG_XX.wav,1079,angry,ANG,1079_IWW_ANG_XX.wav,True,67312,1611608522000000000
/Users/jordanacle/Downloads/archive/Crema/1079_IWW_FEA_XX.wav,1079,fear,FEA,1079_IWW_FEA_XX.wav,True,79056,1611608522000000000
/Users/jordanacle/Downloads/archive/Crema/1079_IWW_SAD_XX.wav,1079,sad,SAD,1079_IWW_SAD_XX.wav,True,68378,1611608522000000000
/Users/jordanacle/Downloads/archive/Crema/1079_MTI_DIS_XX.wav,1079,disgust,DIS,1079_MTI_DIS_XX.wav,True,94004,1611608522000000000
/Users/jordanacle/Downloads/archive/Crema/1079_MTI_FEA_XX.wav,1079,fear,FEA,1079_MTI_FEA_XX.wav,True,88666,1611608522000000000
/Users/jordanacle/Downloads/archive/Crema/1079_MTI_HAP_XX.wav,1079,happy,HAP,1079_MTI_HAP_XX.wav,True,88666,1611608522000000000
/Users/jordanacle/Downloads/archive/Crema/1079_MTI_NEU_XX.wav,1079,neutral,NEU,1079_MTI_NEU_XX.wav,True,82260,1611608522000000000
/Users/jordanacle/Downloads/archive/Crema/1079_MTI_SAD_XX.wav,1079,sad,SAD,1079_MTI_SAD_XX.wav,True,88666,1611608522000000000
/Users/jordanacle/Downloads/archive/Crema/1079_TAI_DIS_XX.wav,1079,disgust,DIS,1079_TAI_DIS_XX.wav,True,92936,1611608522000000000
/Users/jordanacle/Downloads/archive/Crema/1079_TAI_HAP_XX.wav,1079,happy,HAP,1079_TAI_HAP_XX.wav,True,75854,1611608522000000000
/Users/jordanacle/Downloads/archive/Crema/1079_TIE_ANG_XX.wav,1079,angry,ANG,1079_TIE_ANG_XX.wav,True,107886,1611608522000000000
/Users/jordanacle/Downloads/archive/Crema/1079_TAI_NEU_XX.wav,1079,neutral,NEU,1079_TAI_NEU_XX.wav,True,83328,1611608522000000000
/Users/jordanacle/Downloads/archive/Crema/1079_TIE_DIS_XX.wav,1079,disgust,DIS,1079_TIE_DIS_XX.wav,True,105750,1611608522000000000
/Users/jordanacle/Downloads/archive/Crema/1079_TSI_ANG_XX.wav,1079,angry,ANG,1079_TSI_ANG_XX.wav,True,86530,1611608522000000000
/Users/jordanacle/Downloads/archive/Crema/1079_TIE_HAP_XX.wav,1079,happy,HAP,1079_TIE_HAP_XX.wav,True,79056,1611608522000000000
/Users/jordanacle/Downloads/archive/Crema/1079_TIE_NEU_XX.wav,1079,neutral,NEU,1079_TIE_NEU_XX.wav,True,89734,1611608522000000000
/Users/jordanacle/Downloads/archive/Crema/1079_TSI_FEA_XX.wav,1079,fear,FEA,1079_TSI_FEA_XX.wav,True,77988,1611608522000000000
/Users/jordanacle/Downloads/archive/Crema/1079_TSI_DIS_XX.wav,1079,disgust,DIS,1079_TSI_DIS_XX.wav,True,89734,1611608522000000000
/Users/jordanacle/Downloads/archive/Crema/1079_TSI_HAP_XX.wav,1079,happy,HAP,1079_TSI_HAP_XX.wav,True,80124,1611608522000000000
/Users/jordanacle/Downloads/archive/Crema/1079_TSI_NEU_XX.wav,1079,neutral,NEU,1079_TSI_NEU_XX.wav,True,80124,1611608522000000000
/Users/jordanacle/Downloads/archive/Crema/1079_WSI_DIS_XX.wav,1079,disgust,DIS,1079_WSI_DIS_XX.wav,True,90802,1611608522000000000
/Users/jordanacle/Downloads/archive/Crema/1079_TSI_SAD_XX.wav,1079,sad,SAD,1079_TSI_SAD_XX.wav,True,84394,1611608522000000000
/Users/jordanacle/Downloads/archive/Crema/1079_WSI_FEA_XX.wav,1079,fear,FEA,1079_WSI_FEA_XX.wav,True,85462,1611608522000000000
/Users/jordanacle/Downloads/archive/Crema/1079_WSI_HAP_XX.wav,1079,happy,HAP,1079_WSI_HAP_XX.wav,True,87598,1611608522000000000
/Users/jordanacle/Downloads/archive/Crema/1079_WSI_NEU_XX.wav,1079,neutral,NEU,1079_WSI_NEU_XX.wav,True,88666,1611608522000000000
/Users/jordanacle/Downloads/archive/Crema/1080_DFA_FEA_XX.wav,1080,fear,FEA,1080_DFA_FEA_XX.wav,True,83328,1611608522000000000
/Users/jordanacle/Downloads/archive/Crema/1080_DFA_HAP_XX.wav,1080,happy,HAP,1080_DFA_HAP_XX.wav,True,63040,1611608522000000000
/Users/jordanacle/Downloads/archive/Crema/1080_DFA_NEU_XX.wav,1080,neutral,NEU,1080_DFA_NEU_XX.wav,True,85462,1611608522000000000
/Users/jordanacle/Downloads/archive/Crema/1080_DFA_DIS_XX.wav,1080,disgust,DIS,1080_DFA_DIS_XX.wav,True,112156,1611608522000000000
/Users/jordanacle/Downloads/archive/Crema/1080_DFA_SAD_XX.wav,1080,sad,SAD,1080_DFA_SAD_XX.wav,True,107884,1611608522000000000
/Users/jordanacle/Downloads/archive/Crema/1080_IEO_ANG_HI.wav,1080,angry,ANG,1080_IEO_ANG_HI.wav,True,82260,1611608522000000000
/Users/jordanacle/Downloads/archive/Crema/1080_IEO_ANG_LO.wav,1080,angry,ANG,1080_IEO_ANG_LO.wav,True,74786,1611608522000000000
/Users/jordanacle/Downloads/archive/Crema/1080_IEO_DIS_LO.wav,1080,disgust,DIS,1080_IEO_DIS_LO.wav,True,85462,1611608522000000000
/Users/jordanacle/Downloads/archive/Crema/1080_IEO_DIS_MD.wav,1080,disgust,DIS,1080_IEO_DIS_MD.wav,True,87598,1611608522000000000
/Users/jordanacle/Downloads/archive/Crema/1080_IEO_FEA_LO.wav,1080,fear,FEA,1080_IEO_FEA_LO.wav,True,95072,1611608522000000000
/Users/jordanacle/Downloads/archive/Crema/1080_IEO_FEA_MD.wav,1080,fear,FEA,1080_IEO_FEA_MD.wav,True,68378,1611608522000000000
/Users/jordanacle/Downloads/archive/Crema/1080_IEO_HAP_HI.wav,1080,happy,HAP,1080_IEO_HAP_HI.wav,True,72862,1611608522000000000
/Users/jordanacle/Downloads/archive/Crema/1080_IEO_HAP_LO.wav,1080,happy,HAP,1080_IEO_HAP_LO.wav,True,69446,1611608522000000000
/Users/jordanacle/Downloads/archive/Crema/1080_IEO_NEU_XX.wav,1080,neutral,NEU,1080_IEO_NEU_XX.wav,True,83328,1611608522000000000
/Users/jordanacle/Downloads/archive/Crema/1080_IEO_HAP_MD.wav,1080,happy,HAP,1080_IEO_HAP_MD.wav,True,64108,1611608522000000000
/Users/jordanacle/Downloads/archive/Crema/1080_IEO_SAD_LO.wav,1080,sad,SAD,1080_IEO_SAD_LO.wav,True,95072,1611608522000000000
/Users/jordanacle/Downloads/archive/Crema/1080_IEO_SAD_MD.wav,1080,sad,SAD,1080_IEO_SAD_MD.wav,True,99344,1611608522000000000
/Users/jordanacle/Downloads/archive/Crema/1080_IOM_ANG_XX.wav,1080,angry,ANG,1080_IOM_ANG_XX.wav,True,87598,1611608522000000000
/Users/jordanacle/Downloads/archive/Crema/1080_IOM_DIS_XX.wav,1080,disgust,DIS,1080_IOM_DIS_XX.wav,True,105750,1611608522000000000
/Users/jordanacle/Downloads/archive/Crema/1080_IOM_FEA_XX.wav,1080,fear,FEA,1080_IOM_FEA_XX.wav,True,91868,1611608522000000000
/Users/jordanacle/Downloads/archive/Crema/1080_IOM_SAD_XX.wav,1080,sad,SAD,1080_IOM_SAD_XX.wav,True,114292,1611608522000000000
/Users/jordanacle/Downloads/archive/Crema/1080_IOM_HAP_XX.wav,1080,happy,HAP,1080_IOM_HAP_XX.wav,True,70514,1611608522000000000
/Users/jordanacle/Downloads/archive/Crema/1080_ITH_ANG_XX.wav,1080,angry,ANG,1080_ITH_ANG_XX.wav,True,113224,1611608522000000000
/Users/jordanacle/Downloads/archive/Crema/1080_ITH_HAP_XX.wav,1080,happy,HAP,1080_ITH_HAP_XX.wav,True,81192,1611608522000000000
/Users/jordanacle/Downloads/archive/Crema/1080_ITH_NEU_XX.wav,1080,neutral,NEU,1080_ITH_NEU_XX.wav,True,97208,1611608522000000000
/Users/jordanacle/Downloads/archive/Crema/1080_ITS_ANG_XX.wav,1080,angry,ANG,1080_ITS_ANG_XX.wav,True,76920,1611608522000000000
/Users/jordanacle/Downloads/archive/Crema/1080_ITS_HAP_XX.wav,1080,happy,HAP,1080_ITS_HAP_XX.wav,True,74786,1611608522000000000
/Users/jordanacle/Downloads/archive/Crema/1080_ITS_NEU_XX.wav,1080,neutral,NEU,1080_ITS_NEU_XX.wav,True,96140,1611608522000000000
/Users/jordanacle/Downloads/archive/Crema/1080_ITS_SAD_XX.wav,1080,sad,SAD,1080_ITS_SAD_XX.wav,True,100410,1611608522000000000
/Users/jordanacle/Downloads/archive/Crema/1080_IWL_ANG_XX.wav,1080,angry,ANG,1080_IWL_ANG_XX.wav,True,110020,1611608522000000000
/Users/jordanacle/Downloads/archive/Crema/1080_IWL_DIS_XX.wav,1080,disgust,DIS,1080_IWL_DIS_XX.wav,True,117494,1611608522000000000
/Users/jordanacle/Downloads/archive/Crema/1080_IWL_FEA_XX.wav,1080,fear,FEA,1080_IWL_FEA_XX.wav,True,112156,1611608522000000000
/Users/jordanacle/Downloads/archive/Crema/1080_IWL_NEU_XX.wav,1080,neutral,NEU,1080_IWL_NEU_XX.wav,True,97208,1611608522000000000
/Users/jordanacle/Downloads/archive/Crema/1080_IWL_SAD_XX.wav,1080,sad,SAD,1080_IWL_SAD_XX.wav,True,96140,1611608522000000000
/Users/jordanacle/Downloads/archive/Crema/1080_IWW_DIS_XX.wav,1080,disgust,DIS,1080_IWW_DIS_XX.wav,True,124968,1611608522000000000
/Users/jordanacle/Downloads/archive/Crema/1080_IWW_ANG_XX.wav,1080,angry,ANG,1080_IWW_ANG_XX.wav,True,86530,1611608522000000000
/Users/jordanacle/Downloads/archive/Crema/1080_IWW_FEA_XX.wav,1080,fear,FEA,1080_IWW_FEA_XX.wav,True,86530,1611608522000000000
/Users/jordanacle/Downloads/archive/Crema/1080_IWW_HAP_XX.wav,1080,happy,HAP,1080_IWW_HAP_XX.wav,True,52362,1611608522000000000
/Users/jordanacle/Downloads/archive/Crema/1080_IWW_NEU_XX.wav,1080,neutral,NEU,1080_IWW_NEU_XX.wav,True,85462,1611608522000000000
/Users/jordanacle/Downloads/archive/Crema/1080_IWW_SAD_XX.wav,1080,sad,SAD,1080_IWW_SAD_XX.wav,True,83328,1611608522000000000
/Users/jordanacle/Downloads/archive/Crema/1080_MTI_ANG_XX.wav,1080,angry,ANG,1080_MTI_ANG_XX.wav,True,77988,1611608522000000000
/Users/jordanacle/Downloads/archive/Crema/1080_MTI_DIS_XX.wav,1080,disgust,DIS,1080_MTI_DIS_XX.wav,True,113224,1611608522000000000
/Users/jordanacle/Downloads/archive/Crema/1080_MTI_FEA_XX.wav,1080,fear,FEA,1080_MTI_FEA_XX.wav,True,85462,1611608522000000000
/Users/jordanacle/Downloads/archive/Crema/1080_MTI_HAP_XX.wav,1080,happy,HAP,1080_MTI_HAP_XX.wav,True,70514,1611608522000000000
/Users/jordanacle/Downloads/archive/Crema/1080_TAI_ANG_XX.wav,1080,angry,ANG,1080_TAI_ANG_XX.wav,True,97208,1611608522000000000
/Users/jordanacle/Downloads/archive/Crema/1080_MTI_SAD_XX.wav,1080,sad,SAD,1080_MTI_SAD_XX.wav,True,102546,1611608522000000000
/Users/jordanacle/Downloads/archive/Crema/1080_TAI_HAP_XX.wav,1080,happy,HAP,1080_TAI_HAP_XX.wav,True,81192,1611608522000000000
/Users/jordanacle/Downloads/archive/Crema/1080_MTI_NEU_XX.wav,1080,neutral,NEU,1080_MTI_NEU_XX.wav,True,99344,1611608522000000000
/Users/jordanacle/Downloads/archive/Crema/1080_TAI_NEU_XX.wav,1080,neutral,NEU,1080_TAI_NEU_XX.wav,True,98276,1611608522000000000
/Users/jordanacle/Downloads/archive/Crema/1080_TIE_FEA_XX.wav,1080,fear,FEA,1080_TIE_FEA_XX.wav,True,108952,1611608522000000000
/Users/jordanacle/Downloads/archive/Crema/1080_TIE_ANG_XX.wav,1080,angry,ANG,1080_TIE_ANG_XX.wav,True,100410,1611608522000000000
/Users/jordanacle/Downloads/archive/Crema/1080_TAI_SAD_XX.wav,1080,sad,SAD,1080_TAI_SAD_XX.wav,True,82260,1611608522000000000
/Users/jordanacle/Downloads/archive/Crema/1080_TIE_HAP_XX.wav,1080,happy,HAP,1080_TIE_HAP_XX.wav,True,92936,1611608522000000000
/Users/jordanacle/Downloads/archive/Crema/1080_TIE_NEU_XX.wav,1080,neutral,NEU,1080_TIE_NEU_XX.wav,True,80124,1611608522000000000
/Users/jordanacle/Downloads/archive/Crema/1080_TSI_ANG_XX.wav,1080,angry,ANG,1080_TSI_ANG_XX.wav,True,84394,1611608522000000000
/Users/jordanacle/Downloads/archive/Crema/1080_TSI_DIS_XX.wav,1080,disgust,DIS,1080_TSI_DIS_XX.wav,True,71582,1611608522000000000
/Users/jordanacle/Downloads/archive/Crema/1080_TSI_FEA_XX.wav,1080,fear,FEA,1080_TSI_FEA_XX.wav,True,76920,1611608522000000000
/Users/jordanacle/Downloads/archive/Crema/1080_TSI_HAP_XX.wav,1080,happy,HAP,1080_TSI_HAP_XX.wav,True,75852,1611608522000000000
/Users/jordanacle/Downloads/archive/Crema/1080_TSI_SAD_XX.wav,1080,sad,SAD,1080_TSI_SAD_XX.wav,True,100410,1611608522000000000
/Users/jordanacle/Downloads/archive/Crema/1080_WSI_DIS_XX.wav,1080,disgust,DIS,1080_WSI_DIS_XX.wav,True,115360,1611608522000000000
/Users/jordanacle/Downloads/archive/Crema/1080_WSI_NEU_XX.wav,1080,neutral,NEU,1080_WSI_NEU_XX.wav,True,99344,1611608522000000000
/Users/jordanacle/Downloads/archive/Crema/1080_WSI_FEA_XX.wav,1080,fear,FEA,1080_WSI_FEA_XX.wav,True,127104,1611608522000000000
/Users/jordanacle/Downloads/archive/Crema/1080_WSI_HAP_XX.wav,1080,happy,HAP,1080_WSI_HAP_XX.wav,True,84394,1611608522000000000
/Users/jordanacle/Downloads/archive/Crema/1080_WSI_SAD_XX.wav,1080,sad,SAD,1080_WSI_SAD_XX.wav,True,105750,1611608522000000000
/Users/jordanacle/Downloads/archive/Crema/1081_DFA_DIS_XX.wav,1081,disgust,DIS,1081_DFA_DIS_XX.wav,True,63040,1611608522000000000
/Users/jordanacle/Downloads/archive/Crema/1081_DFA_FEA_XX.wav,1081,fear,FEA,1081_DFA_FEA_XX.wav,True,75852,1611608522000000000
/Users/jordanacle/Downloads/archive/Crema/1081_DFA_HAP_XX.wav,1081,happy,HAP,1081_DFA_HAP_XX.wav,True,63040,1611608522000000000
/Users/jordanacle/Downloads/archive/Crema/1081_DFA_NEU_XX.wav,1081,neutral,NEU,1081_DFA_NEU_XX.wav,True,79056,1611608522000000000
/Users/jordanacle/Downloads/archive/Crema/1081_DFA_SAD_XX.wav,1081,sad,SAD,1081_DFA_SAD_XX.wav,True,74786,1611608522000000000
/Users/jordanacle/Downloads/archive/Crema/1081_IEO_ANG_HI.wav,1081,angry,ANG,1081_IEO_ANG_HI.wav,True,111088,1611608522000000000
/Users/jordanacle/Downloads/archive/Crema/1081_IEO_ANG_LO.wav,1081,angry,ANG,1081_IEO_ANG_LO.wav,True,75852,1611608522000000000
/Users/jordanacle/Downloads/archive/Crema/1081_IEO_DIS_MD.wav,1081,disgust,DIS,1081_IEO_DIS_MD.wav,True,70514,1611608522000000000
/Users/jordanacle/Downloads/archive/Crema/1081_IEO_DIS_HI.wav,1081,disgust,DIS,1081_IEO_DIS_HI.wav,True,79056,1611608522000000000
/Users/jordanacle/Downloads/archive/Crema/1081_IEO_DIS_LO.wav,1081,disgust,DIS,1081_IEO_DIS_LO.wav,True,60904,1611608522000000000
/Users/jordanacle/Downloads/archive/Crema/1081_IEO_FEA_HI.wav,1081,fear,FEA,1081_IEO_FEA_HI.wav,True,72650,1611608522000000000
/Users/jordanacle/Downloads/archive/Crema/1081_IEO_FEA_MD.wav,1081,fear,FEA,1081_IEO_FEA_MD.wav,True,77988,1611608522000000000
/Users/jordanacle/Downloads/archive/Crema/1081_IEO_FEA_LO.wav,1081,fear,FEA,1081_IEO_FEA_LO.wav,True,60904,1611608522000000000
/Users/jordanacle/Downloads/archive/Crema/1081_IEO_HAP_HI.wav,1081,happy,HAP,1081_IEO_HAP_HI.wav,True,87598,1611608522000000000
/Users/jordanacle/Downloads/archive/Crema/1081_IEO_HAP_LO.wav,1081,happy,HAP,1081_IEO_HAP_LO.wav,True,66244,1611608522000000000
/Users/jordanacle/Downloads/archive/Crema/1081_IEO_HAP_MD.wav,1081,happy,HAP,1081_IEO_HAP_MD.wav,True,84394,1611608522000000000
/Users/jordanacle/Downloads/archive/Crema/1081_IEO_SAD_MD.wav,1081,sad,SAD,1081_IEO_SAD_MD.wav,True,95072,1611608522000000000
/Users/jordanacle/Downloads/archive/Crema/1081_IEO_SAD_LO.wav,1081,sad,SAD,1081_IEO_SAD_LO.wav,True,72650,1611608522000000000
/Users/jordanacle/Downloads/archive/Crema/1081_IOM_ANG_XX.wav,1081,angry,ANG,1081_IOM_ANG_XX.wav,True,70514,1611608522000000000
/Users/jordanacle/Downloads/archive/Crema/1081_IOM_FEA_XX.wav,1081,fear,FEA,1081_IOM_FEA_XX.wav,True,73718,1611608522000000000
/Users/jordanacle/Downloads/archive/Crema/1081_IOM_DIS_XX.wav,1081,disgust,DIS,1081_IOM_DIS_XX.wav,True,85462,1611608522000000000
/Users/jordanacle/Downloads/archive/Crema/1081_IOM_HAP_XX.wav,1081,happy,HAP,1081_IOM_HAP_XX.wav,True,75852,1611608522000000000
/Users/jordanacle/Downloads/archive/Crema/1081_IOM_SAD_XX.wav,1081,sad,SAD,1081_IOM_SAD_XX.wav,True,82260,1611608522000000000
/Users/jordanacle/Downloads/archive/Crema/1081_ITH_ANG_XX.wav,1081,angry,ANG,1081_ITH_ANG_XX.wav,True,77988,1611608522000000000
/Users/jordanacle/Downloads/archive/Crema/1081_ITH_HAP_XX.wav,1081,happy,HAP,1081_ITH_HAP_XX.wav,True,68378,1611608522000000000
/Users/jordanacle/Downloads/archive/Crema/1081_ITH_NEU_XX.wav,1081,neutral,NEU,1081_ITH_NEU_XX.wav,True,87598,1611608522000000000
/Users/jordanacle/Downloads/archive/Crema/1081_ITS_ANG_XX.wav,1081,angry,ANG,1081_ITS_ANG_XX.wav,True,81192,1611608522000000000
/Users/jordanacle/Downloads/archive/Crema/1081_ITS_HAP_XX.wav,1081,happy,HAP,1081_ITS_HAP_XX.wav,True,80124,1611608522000000000
/Users/jordanacle/Downloads/archive/Crema/1081_ITH_SAD_XX.wav,1081,sad,SAD,1081_ITH_SAD_XX.wav,True,76920,1611608522000000000
/Users/jordanacle/Downloads/archive/Crema/1081_ITS_NEU_XX.wav,1081,neutral,NEU,1081_ITS_NEU_XX.wav,True,80124,1611608522000000000
/Users/jordanacle/Downloads/archive/Crema/1081_IWL_ANG_XX.wav,1081,angry,ANG,1081_IWL_ANG_XX.wav,True,98276,1611608522000000000
/Users/jordanacle/Downloads/archive/Crema/1081_IWL_DIS_XX.wav,1081,disgust,DIS,1081_IWL_DIS_XX.wav,True,85462,1611608522000000000
/Users/jordanacle/Downloads/archive/Crema/1081_IWL_NEU_XX.wav,1081,neutral,NEU,1081_IWL_NEU_XX.wav,True,86530,1611608522000000000
/Users/jordanacle/Downloads/archive/Crema/1081_IWL_SAD_XX.wav,1081,sad,SAD,1081_IWL_SAD_XX.wav,True,82260,1611608522000000000
/Users/jordanacle/Downloads/archive/Crema/1081_IWL_FEA_XX.wav,1081,fear,FEA,1081_IWL_FEA_XX.wav,True,89734,1611608522000000000
/Users/jordanacle/Downloads/archive/Crema/1081_IWW_ANG_XX.wav,1081,angry,ANG,1081_IWW_ANG_XX.wav,True,83328,1611608522000000000
/Users/jordanacle/Downloads/archive/Crema/1081_IWW_DIS_XX.wav,1081,disgust,DIS,1081_IWW_DIS_XX.wav,True,112156,1611608522000000000
/Users/jordanacle/Downloads/archive/Crema/1081_IWW_FEA_XX.wav,1081,fear,FEA,1081_IWW_FEA_XX.wav,True,73718,1611608522000000000
/Users/jordanacle/Downloads/archive/Crema/1081_IWW_SAD_XX.wav,1081,sad,SAD,1081_IWW_SAD_XX.wav,True,76920,1611608522000000000
/Users/jordanacle/Downloads/archive/Crema/1081_IWW_NEU_XX.wav,1081,neutral,NEU,1081_IWW_NEU_XX.wav,True,75852,1611608522000000000
/Users/jordanacle/Downloads/archive/Crema/1081_MTI_FEA_XX.wav,1081,fear,FEA,1081_MTI_FEA_XX.wav,True,98276,1611608522000000000
/Users/jordanacle/Downloads/archive/Crema/1081_MTI_DIS_XX.wav,1081,disgust,DIS,1081_MTI_DIS_XX.wav,True,103614,1611608522000000000
/Users/jordanacle/Downloads/archive/Crema/1081_MTI_NEU_XX.wav,1081,neutral,NEU,1081_MTI_NEU_XX.wav,True,82260,1611608522000000000
/Users/jordanacle/Downloads/archive/Crema/1081_MTI_HAP_XX.wav,1081,happy,HAP,1081_MTI_HAP_XX.wav,True,91868,1611608522000000000
/Users/jordanacle/Downloads/archive/Crema/1081_MTI_SAD_XX.wav,1081,sad,SAD,1081_MTI_SAD_XX.wav,True,75852,1611608522000000000
/Users/jordanacle/Downloads/archive/Crema/1081_TAI_ANG_XX.wav,1081,angry,ANG,1081_TAI_ANG_XX.wav,True,66244,1611608522000000000
/Users/jordanacle/Downloads/archive/Crema/1081_TAI_HAP_XX.wav,1081,happy,HAP,1081_TAI_HAP_XX.wav,True,72862,1611608522000000000
/Users/jordanacle/Downloads/archive/Crema/1081_TAI_NEU_XX.wav,1081,neutral,NEU,1081_TAI_NEU_XX.wav,True,77988,1611608522000000000
/Users/jordanacle/Downloads/archive/Crema/1081_TIE_ANG_XX.wav,1081,angry,ANG,1081_TIE_ANG_XX.wav,True,86530,1611608522000000000
/Users/jordanacle/Downloads/archive/Crema/1081_TIE_HAP_XX.wav,1081,happy,HAP,1081_TIE_HAP_XX.wav,True,81192,1611608522000000000
/Users/jordanacle/Downloads/archive/Crema/1081_TIE_NEU_XX.wav,1081,neutral,NEU,1081_TIE_NEU_XX.wav,True,66244,1611608522000000000
/Users/jordanacle/Downloads/archive/Crema/1081_TSI_ANG_XX.wav,1081,angry,ANG,1081_TSI_ANG_XX.wav,True,68378,1611608524000000000
/Users/jordanacle/Downloads/archive/Crema/1081_TSI_DIS_XX.wav,1081,disgust,DIS,1081_TSI_DIS_XX.wav,True,97208,1611608524000000000
/Users/jordanacle/Downloads/archive/Crema/1081_TSI_FEA_XX.wav,1081,fear,FEA,1081_TSI_FEA_XX.wav,True,81192,1611608524000000000
/Users/jordanacle/Downloads/archive/Crema/1081_TSI_HAP_XX.wav,1081,happy,HAP,1081_TSI_HAP_XX.wav,True,81192,1611608524000000000
/Users/jordanacle/Downloads/archive/Crema/1081_TSI_SAD_XX.wav,1081,sad,SAD,1081_TSI_SAD_XX.wav,True,79056,1611608524000000000
/Users/jordanacle/Downloads/archive/Crema/1081_WSI_DIS_XX.wav,1081,disgust,DIS,1081_WSI_DIS_XX.wav,True,96140,1611608524000000000
/Users/jordanacle/Downloads/archive/Crema/1081_WSI_FEA_XX.wav,1081,fear,FEA,1081_WSI_FEA_XX.wav,True,96140,1611608524000000000
/Users/jordanacle/Downloads/archive/Crema/1081_WSI_HAP_XX.wav,1081,happy,HAP,1081_WSI_HAP_XX.wav,True,96140,1611608524000000000
/Users/jordanacle/Downloads/archive/Crema/1081_WSI_SAD_XX.wav,1081,sad,SAD,1081_WSI_SAD_XX.wav,True,87598,1611608524000000000
/Users/jordanacle/Downloads/archive/Crema/1081_WSI_NEU_XX.wav,1081,neutral,NEU,1081_WSI_NEU_XX.wav,True,89734,1611608524000000000
/Users/jordanacle/Downloads/archive/Crema/1082_DFA_ANG_XX.wav,1082,angry,ANG,1082_DFA_ANG_XX.wav,True,59836,1611608524000000000
/Users/jordanacle/Downloads/archive/Crema/1082_DFA_HAP_XX.wav,1082,happy,HAP,1082_DFA_HAP_XX.wav,True,61972,1611608524000000000
/Users/jordanacle/Downloads/archive/Crema/1082_IEO_ANG_MD.wav,1082,angry,ANG,1082_IEO_ANG_MD.wav,True,65176,1611608524000000000
/Users/jordanacle/Downloads/archive/Crema/1082_DFA_NEU_XX.wav,1082,neutral,NEU,1082_DFA_NEU_XX.wav,True,66244,1611608524000000000
/Users/jordanacle/Downloads/archive/Crema/1082_IEO_ANG_LO.wav,1082,angry,ANG,1082_IEO_ANG_LO.wav,True,67312,1611608524000000000
/Users/jordanacle/Downloads/archive/Crema/1082_IEO_DIS_HI.wav,1082,disgust,DIS,1082_IEO_DIS_HI.wav,True,65176,1611608524000000000
/Users/jordanacle/Downloads/archive/Crema/1082_IEO_DIS_LO.wav,1082,disgust,DIS,1082_IEO_DIS_LO.wav,True,74786,1611608524000000000
/Users/jordanacle/Downloads/archive/Crema/1082_IEO_FEA_HI.wav,1082,fear,FEA,1082_IEO_FEA_HI.wav,True,72862,1611608524000000000
/Users/jordanacle/Downloads/archive/Crema/1082_IEO_FEA_LO.wav,1082,fear,FEA,1082_IEO_FEA_LO.wav,True,66244,1611608524000000000
/Users/jordanacle/Downloads/archive/Crema/1082_IEO_HAP_HI.wav,1082,happy,HAP,1082_IEO_HAP_HI.wav,True,66244,1611608524000000000
/Users/jordanacle/Downloads/archive/Crema/1082_IEO_NEU_XX.wav,1082,neutral,NEU,1082_IEO_NEU_XX.wav,True,61972,1611608524000000000
/Users/jordanacle/Downloads/archive/Crema/1082_IEO_SAD_HI.wav,1082,sad,SAD,1082_IEO_SAD_HI.wav,True,68378,1611608524000000000
/Users/jordanacle/Downloads/archive/Crema/1082_IEO_SAD_LO.wav,1082,sad,SAD,1082_IEO_SAD_LO.wav,True,60904,1611608524000000000
/Users/jordanacle/Downloads/archive/Crema/1082_IEO_SAD_MD.wav,1082,sad,SAD,1082_IEO_SAD_MD.wav,True,72862,1611608524000000000
/Users/jordanacle/Downloads/archive/Crema/1082_IEO_HAP_MD.wav,1082,happy,HAP,1082_IEO_HAP_MD.wav,True,60904,1611608524000000000
/Users/jordanacle/Downloads/archive/Crema/1082_IOM_ANG_XX.wav,1082,angry,ANG,1082_IOM_ANG_XX.wav,True,77988,1611608524000000000
/Users/jordanacle/Downloads/archive/Crema/1082_IOM_DIS_XX.wav,1082,disgust,DIS,1082_IOM_DIS_XX.wav,True,89734,1611608524000000000
/Users/jordanacle/Downloads/archive/Crema/1082_IOM_FEA_XX.wav,1082,fear,FEA,1082_IOM_FEA_XX.wav,True,69446,1611608524000000000
/Users/jordanacle/Downloads/archive/Crema/1082_IOM_NEU_XX.wav,1082,neutral,NEU,1082_IOM_NEU_XX.wav,True,77988,1611608524000000000
/Users/jordanacle/Downloads/archive/Crema/1082_IOM_SAD_XX.wav,1082,sad,SAD,1082_IOM_SAD_XX.wav,True,83328,1611608524000000000
/Users/jordanacle/Downloads/archive/Crema/1082_ITH_DIS_XX.wav,1082,disgust,DIS,1082_ITH_DIS_XX.wav,True,94004,1611608524000000000
/Users/jordanacle/Downloads/archive/Crema/1082_ITH_FEA_XX.wav,1082,fear,FEA,1082_ITH_FEA_XX.wav,True,79056,1611608524000000000
/Users/jordanacle/Downloads/archive/Crema/1082_ITH_HAP_XX.wav,1082,happy,HAP,1082_ITH_HAP_XX.wav,True,63040,1611608524000000000
/Users/jordanacle/Downloads/archive/Crema/1082_ITH_NEU_XX.wav,1082,neutral,NEU,1082_ITH_NEU_XX.wav,True,76920,1611608524000000000
/Users/jordanacle/Downloads/archive/Crema/1082_ITS_DIS_XX.wav,1082,disgust,DIS,1082_ITS_DIS_XX.wav,True,74786,1611608524000000000
/Users/jordanacle/Downloads/archive/Crema/1082_ITH_SAD_XX.wav,1082,sad,SAD,1082_ITH_SAD_XX.wav,True,72650,1611608524000000000
/Users/jordanacle/Downloads/archive/Crema/1082_ITS_FEA_XX.wav,1082,fear,FEA,1082_ITS_FEA_XX.wav,True,64108,1611608524000000000
/Users/jordanacle/Downloads/archive/Crema/1082_ITS_HAP_XX.wav,1082,happy,HAP,1082_ITS_HAP_XX.wav,True,61972,1611608524000000000
/Users/jordanacle/Downloads/archive/Crema/1082_ITS_NEU_XX.wav,1082,neutral,NEU,1082_ITS_NEU_XX.wav,True,70514,1611608524000000000
/Users/jordanacle/Downloads/archive/Crema/1082_IWL_ANG_XX.wav,1082,angry,ANG,1082_IWL_ANG_XX.wav,True,88666,1611608524000000000
/Users/jordanacle/Downloads/archive/Crema/1082_ITS_SAD_XX.wav,1082,sad,SAD,1082_ITS_SAD_XX.wav,True,75852,1611608524000000000
/Users/jordanacle/Downloads/archive/Crema/1082_IWL_DIS_XX.wav,1082,disgust,DIS,1082_IWL_DIS_XX.wav,True,87598,1611608524000000000
/Users/jordanacle/Downloads/archive/Crema/1082_IWL_SAD_XX.wav,1082,sad,SAD,1082_IWL_SAD_XX.wav,True,81192,1611608524000000000
/Users/jordanacle/Downloads/archive/Crema/1082_IWL_HAP_XX.wav,1082,happy,HAP,1082_IWL_HAP_XX.wav,True,72862,1611608524000000000
/Users/jordanacle/Downloads/archive/Crema/1082_IWL_FEA_XX.wav,1082,fear,FEA,1082_IWL_FEA_XX.wav,True,83328,1611608524000000000
/Users/jordanacle/Downloads/archive/Crema/1082_IWW_ANG_XX.wav,1082,angry,ANG,1082_IWW_ANG_XX.wav,True,68378,1611608524000000000
/Users/jordanacle/Downloads/archive/Crema/1082_IWW_DIS_XX.wav,1082,disgust,DIS,1082_IWW_DIS_XX.wav,True,76920,1611608524000000000
/Users/jordanacle/Downloads/archive/Crema/1082_IWW_FEA_XX.wav,1082,fear,FEA,1082_IWW_FEA_XX.wav,True,64108,1611608524000000000
/Users/jordanacle/Downloads/archive/Crema/1082_IWW_HAP_XX.wav,1082,happy,HAP,1082_IWW_HAP_XX.wav,True,66244,1611608524000000000
/Users/jordanacle/Downloads/archive/Crema/1082_IWW_SAD_XX.wav,1082,sad,SAD,1082_IWW_SAD_XX.wav,True,72862,1611608524000000000
/Users/jordanacle/Downloads/archive/Crema/1082_MTI_HAP_XX.wav,1082,happy,HAP,1082_MTI_HAP_XX.wav,True,65176,1611608524000000000
/Users/jordanacle/Downloads/archive/Crema/1082_MTI_ANG_XX.wav,1082,angry,ANG,1082_MTI_ANG_XX.wav,True,84394,1611608524000000000
/Users/jordanacle/Downloads/archive/Crema/1082_MTI_NEU_XX.wav,1082,neutral,NEU,1082_MTI_NEU_XX.wav,True,72862,1611608524000000000
/Users/jordanacle/Downloads/archive/Crema/1082_TAI_DIS_XX.wav,1082,disgust,DIS,1082_TAI_DIS_XX.wav,True,84394,1611608524000000000
/Users/jordanacle/Downloads/archive/Crema/1082_TAI_FEA_XX.wav,1082,fear,FEA,1082_TAI_FEA_XX.wav,True,74786,1611608524000000000
/Users/jordanacle/Downloads/archive/Crema/1082_TAI_HAP_XX.wav,1082,happy,HAP,1082_TAI_HAP_XX.wav,True,65176,1611608524000000000
/Users/jordanacle/Downloads/archive/Crema/1082_TAI_NEU_XX.wav,1082,neutral,NEU,1082_TAI_NEU_XX.wav,True,67312,1611608524000000000
/Users/jordanacle/Downloads/archive/Crema/1082_TAI_SAD_XX.wav,1082,sad,SAD,1082_TAI_SAD_XX.wav,True,72650,1611608524000000000
/Users/jordanacle/Downloads/archive/Crema/1082_TIE_DIS_XX.wav,1082,disgust,DIS,1082_TIE_DIS_XX.wav,True,118562,1611608524000000000
/Users/jordanacle/Downloads/archive/Crema/1082_TIE_FEA_XX.wav,1082,fear,FEA,1082_TIE_FEA_XX.wav,True,95072,1611608524000000000
/Users/jordanacle/Downloads/archive/Crema/1082_TIE_HAP_XX.wav,1082,happy,HAP,1082_TIE_HAP_XX.wav,True,72650,1611608524000000000
/Users/jordanacle/Downloads/archive/Crema/1082_TIE_NEU_XX.wav,1082,neutral,NEU,1082_TIE_NEU_XX.wav,True,85462,1611608524000000000
/Users/jordanacle/Downloads/archive/Crema/1082_TIE_SAD_XX.wav,1082,sad,SAD,1082_TIE_SAD_XX.wav,True,100410,1611608524000000000
/Users/jordanacle/Downloads/archive/Crema/1082_TSI_ANG_XX.wav,1082,angry,ANG,1082_TSI_ANG_XX.wav,True,64108,1611608524000000000
/Users/jordanacle/Downloads/archive/Crema/1082_TSI_DIS_XX.wav,1082,disgust,DIS,1082_TSI_DIS_XX.wav,True,77988,1611608524000000000
/Users/jordanacle/Downloads/archive/Crema/1082_TSI_HAP_XX.wav,1082,happy,HAP,1082_TSI_HAP_XX.wav,True,51296,1611608524000000000
/Users/jordanacle/Downloads/archive/Crema/1082_TSI_FEA_XX.wav,1082,fear,FEA,1082_TSI_FEA_XX.wav,True,64108,1611608524000000000
/Users/jordanacle/Downloads/archive/Crema/1082_TSI_SAD_XX.wav,1082,sad,SAD,1082_TSI_SAD_XX.wav,True,60904,1611608524000000000
/Users/jordanacle/Downloads/archive/Crema/1082_TSI_NEU_XX.wav,1082,neutral,NEU,1082_TSI_NEU_XX.wav,True,69446,1611608524000000000
/Users/jordanacle/Downloads/archive/Crema/1082_WSI_ANG_XX.wav,1082,angry,ANG,1082_WSI_ANG_XX.wav,True,77988,1611608524000000000
/Users/jordanacle/Downloads/archive/Crema/1082_WSI_HAP_XX.wav,1082,happy,HAP,1082_WSI_HAP_XX.wav,True,69446,1611608524000000000
/Users/jordanacle/Downloads/archive/Crema/1083_DFA_ANG_XX.wav,1083,angry,ANG,1083_DFA_ANG_XX.wav,True,95072,1611608524000000000
/Users/jordanacle/Downloads/archive/Crema/1082_WSI_NEU_XX.wav,1082,neutral,NEU,1082_WSI_NEU_XX.wav,True,69446,1611608524000000000
/Users/jordanacle/Downloads/archive/Crema/1083_DFA_DIS_XX.wav,1083,disgust,DIS,1083_DFA_DIS_XX.wav,True,131376,1611608524000000000
/Users/jordanacle/Downloads/archive/Crema/1083_DFA_NEU_XX.wav,1083,neutral,NEU,1083_DFA_NEU_XX.wav,True,65176,1611608524000000000
/Users/jordanacle/Downloads/archive/Crema/1083_DFA_HAP_XX.wav,1083,happy,HAP,1083_DFA_HAP_XX.wav,True,72862,1611608524000000000
/Users/jordanacle/Downloads/archive/Crema/1083_IEO_ANG_LO.wav,1083,angry,ANG,1083_IEO_ANG_LO.wav,True,72650,1611608524000000000
/Users/jordanacle/Downloads/archive/Crema/1083_IEO_DIS_HI.wav,1083,disgust,DIS,1083_IEO_DIS_HI.wav,True,98276,1611608524000000000
/Users/jordanacle/Downloads/archive/Crema/1083_IEO_ANG_MD.wav,1083,angry,ANG,1083_IEO_ANG_MD.wav,True,64108,1611608524000000000
/Users/jordanacle/Downloads/archive/Crema/1083_IEO_DIS_LO.wav,1083,disgust,DIS,1083_IEO_DIS_LO.wav,True,101478,1611608524000000000
/Users/jordanacle/Downloads/archive/Crema/1083_IEO_FEA_HI.wav,1083,fear,FEA,1083_IEO_FEA_HI.wav,True,76920,1611608524000000000
/Users/jordanacle/Downloads/archive/Crema/1083_IEO_FEA_LO.wav,1083,fear,FEA,1083_IEO_FEA_LO.wav,True,69446,1611608524000000000
/Users/jordanacle/Downloads/archive/Crema/1083_IEO_HAP_LO.wav,1083,happy,HAP,1083_IEO_HAP_LO.wav,True,56634,1611608524000000000
/Users/jordanacle/Downloads/archive/Crema/1083_IEO_HAP_HI.wav,1083,happy,HAP,1083_IEO_HAP_HI.wav,True,51296,1611608524000000000
/Users/jordanacle/Downloads/archive/Crema/1083_IEO_HAP_MD.wav,1083,happy,HAP,1083_IEO_HAP_MD.wav,True,82260,1611608524000000000
/Users/jordanacle/Downloads/archive/Crema/1083_IEO_NEU_XX.wav,1083,neutral,NEU,1083_IEO_NEU_XX.wav,True,66244,1611608524000000000
/Users/jordanacle/Downloads/archive/Crema/1083_IEO_SAD_HI.wav,1083,sad,SAD,1083_IEO_SAD_HI.wav,True,104682,1611608524000000000
/Users/jordanacle/Downloads/archive/Crema/1083_IEO_SAD_LO.wav,1083,sad,SAD,1083_IEO_SAD_LO.wav,True,69446,1611608524000000000
/Users/jordanacle/Downloads/archive/Crema/1083_IOM_ANG_XX.wav,1083,angry,ANG,1083_IOM_ANG_XX.wav,True,104682,1611608524000000000
/Users/jordanacle/Downloads/archive/Crema/1083_IOM_DIS_XX.wav,1083,disgust,DIS,1083_IOM_DIS_XX.wav,True,79056,1611608524000000000
/Users/jordanacle/Downloads/archive/Crema/1083_IOM_FEA_XX.wav,1083,fear,FEA,1083_IOM_FEA_XX.wav,True,86530,1611608524000000000
/Users/jordanacle/Downloads/archive/Crema/1083_IOM_NEU_XX.wav,1083,neutral,NEU,1083_IOM_NEU_XX.wav,True,81192,1611608524000000000
/Users/jordanacle/Downloads/archive/Crema/1083_ITH_FEA_XX.wav,1083,fear,FEA,1083_ITH_FEA_XX.wav,True,97208,1611608524000000000
/Users/jordanacle/Downloads/archive/Crema/1083_ITH_DIS_XX.wav,1083,disgust,DIS,1083_ITH_DIS_XX.wav,True,94004,1611608524000000000
/Users/jordanacle/Downloads/archive/Crema/1083_IOM_SAD_XX.wav,1083,sad,SAD,1083_IOM_SAD_XX.wav,True,90802,1611608524000000000
/Users/jordanacle/Downloads/archive/Crema/1083_ITH_HAP_XX.wav,1083,happy,HAP,1083_ITH_HAP_XX.wav,True,72650,1611608524000000000
/Users/jordanacle/Downloads/archive/Crema/1083_ITS_ANG_XX.wav,1083,angry,ANG,1083_ITS_ANG_XX.wav,True,87598,1611608524000000000
/Users/jordanacle/Downloads/archive/Crema/1083_ITH_SAD_XX.wav,1083,sad,SAD,1083_ITH_SAD_XX.wav,True,92936,1611608524000000000
/Users/jordanacle/Downloads/archive/Crema/1083_ITH_NEU_XX.wav,1083,neutral,NEU,1083_ITH_NEU_XX.wav,True,83328,1611608524000000000
/Users/jordanacle/Downloads/archive/Crema/1083_ITS_DIS_XX.wav,1083,disgust,DIS,1083_ITS_DIS_XX.wav,True,127104,1611608524000000000
/Users/jordanacle/Downloads/archive/Crema/1083_ITS_FEA_XX.wav,1083,fear,FEA,1083_ITS_FEA_XX.wav,True,92936,1611608524000000000
/Users/jordanacle/Downloads/archive/Crema/1083_ITS_HAP_XX.wav,1083,happy,HAP,1083_ITS_HAP_XX.wav,True,72862,1611608524000000000
/Users/jordanacle/Downloads/archive/Crema/1083_ITS_NEU_XX.wav,1083,neutral,NEU,1083_ITS_NEU_XX.wav,True,83328,1611608524000000000
/Users/jordanacle/Downloads/archive/Crema/1083_ITS_SAD_XX.wav,1083,sad,SAD,1083_ITS_SAD_XX.wav,True,91868,1611608524000000000
/Users/jordanacle/Downloads/archive/Crema/1083_IWL_ANG_XX.wav,1083,angry,ANG,1083_IWL_ANG_XX.wav,True,118562,1611608524000000000
/Users/jordanacle/Downloads/archive/Crema/1083_IWL_DIS_XX.wav,1083,disgust,DIS,1083_IWL_DIS_XX.wav,True,138850,1611608524000000000
/Users/jordanacle/Downloads/archive/Crema/1083_IWL_HAP_XX.wav,1083,happy,HAP,1083_IWL_HAP_XX.wav,True,89734,1611608524000000000
/Users/jordanacle/Downloads/archive/Crema/1083_IWL_FEA_XX.wav,1083,fear,FEA,1083_IWL_FEA_XX.wav,True,86530,1611608524000000000
/Users/jordanacle/Downloads/archive/Crema/1083_IWL_SAD_XX.wav,1083,sad,SAD,1083_IWL_SAD_XX.wav,True,107884,1611608524000000000
/Users/jordanacle/Downloads/archive/Crema/1083_IWW_ANG_XX.wav,1083,angry,ANG,1083_IWW_ANG_XX.wav,True,95072,1611608524000000000
/Users/jordanacle/Downloads/archive/Crema/1083_IWW_DIS_XX.wav,1083,disgust,DIS,1083_IWW_DIS_XX.wav,True,107884,1611608524000000000
/Users/jordanacle/Downloads/archive/Crema/1083_IWW_FEA_XX.wav,1083,fear,FEA,1083_IWW_FEA_XX.wav,True,72862,1611608524000000000
/Users/jordanacle/Downloads/archive/Crema/1083_IWW_HAP_XX.wav,1083,happy,HAP,1083_IWW_HAP_XX.wav,True,68378,1611608524000000000
/Users/jordanacle/Downloads/archive/Crema/1083_IWW_SAD_XX.wav,1083,sad,SAD,1083_IWW_SAD_XX.wav,True,87598,1611608524000000000
/Users/jordanacle/Downloads/archive/Crema/1083_MTI_ANG_XX.wav,1083,angry,ANG,1083_MTI_ANG_XX.wav,True,119630,1611608524000000000
/Users/jordanacle/Downloads/archive/Crema/1083_MTI_HAP_XX.wav,1083,happy,HAP,1083_MTI_HAP_XX.wav,True,84394,1611608524000000000
/Users/jordanacle/Downloads/archive/Crema/1083_TAI_DIS_XX.wav,1083,disgust,DIS,1083_TAI_DIS_XX.wav,True,86530,1611608524000000000
/Users/jordanacle/Downloads/archive/Crema/1083_MTI_NEU_XX.wav,1083,neutral,NEU,1083_MTI_NEU_XX.wav,True,86530,1611608524000000000
/Users/jordanacle/Downloads/archive/Crema/1083_TAI_HAP_XX.wav,1083,happy,HAP,1083_TAI_HAP_XX.wav,True,73718,1611608524000000000
/Users/jordanacle/Downloads/archive/Crema/1083_TAI_FEA_XX.wav,1083,fear,FEA,1083_TAI_FEA_XX.wav,True,66244,1611608524000000000
/Users/jordanacle/Downloads/archive/Crema/1083_TAI_NEU_XX.wav,1083,neutral,NEU,1083_TAI_NEU_XX.wav,True,54498,1611608524000000000
/Users/jordanacle/Downloads/archive/Crema/1083_TAI_SAD_XX.wav,1083,sad,SAD,1083_TAI_SAD_XX.wav,True,76920,1611608524000000000
/Users/jordanacle/Downloads/archive/Crema/1083_TIE_ANG_XX.wav,1083,angry,ANG,1083_TIE_ANG_XX.wav,True,107884,1611608524000000000
/Users/jordanacle/Downloads/archive/Crema/1083_TIE_NEU_XX.wav,1083,neutral,NEU,1083_TIE_NEU_XX.wav,True,94004,1611608524000000000
/Users/jordanacle/Downloads/archive/Crema/1083_TIE_DIS_XX.wav,1083,disgust,DIS,1083_TIE_DIS_XX.wav,True,140984,1611608524000000000
/Users/jordanacle/Downloads/archive/Crema/1083_TIE_FEA_XX.wav,1083,fear,FEA,1083_TIE_FEA_XX.wav,True,100410,1611608524000000000
/Users/jordanacle/Downloads/archive/Crema/1083_TIE_HAP_XX.wav,1083,happy,HAP,1083_TIE_HAP_XX.wav,True,94004,1611608524000000000
/Users/jordanacle/Downloads/archive/Crema/1083_TIE_SAD_XX.wav,1083,sad,SAD,1083_TIE_SAD_XX.wav,True,105750,1611608524000000000
/Users/jordanacle/Downloads/archive/Crema/1083_TSI_ANG_XX.wav,1083,angry,ANG,1083_TSI_ANG_XX.wav,True,89734,1611608524000000000
/Users/jordanacle/Downloads/archive/Crema/1083_TSI_DIS_XX.wav,1083,disgust,DIS,1083_TSI_DIS_XX.wav,True,118562,1611608524000000000
/Users/jordanacle/Downloads/archive/Crema/1083_TSI_FEA_XX.wav,1083,fear,FEA,1083_TSI_FEA_XX.wav,True,85462,1611608524000000000
/Users/jordanacle/Downloads/archive/Crema/1083_TSI_NEU_XX.wav,1083,neutral,NEU,1083_TSI_NEU_XX.wav,True,90802,1611608524000000000
/Users/jordanacle/Downloads/archive/Crema/1083_TSI_SAD_XX.wav,1083,sad,SAD,1083_TSI_SAD_XX.wav,True,79056,1611608524000000000
/Users/jordanacle/Downloads/archive/Crema/1083_WSI_ANG_XX.wav,1083,angry,ANG,1083_WSI_ANG_XX.wav,True,76920,1611608524000000000
/Users/jordanacle/Downloads/archive/Crema/1083_WSI_DIS_XX.wav,1083,disgust,DIS,1083_WSI_DIS_XX.wav,True,129240,1611608524000000000
/Users/jordanacle/Downloads/archive/Crema/1084_DFA_ANG_XX.wav,1084,angry,ANG,1084_DFA_ANG_XX.wav,True,72862,1611608524000000000
/Users/jordanacle/Downloads/archive/Crema/1083_WSI_HAP_XX.wav,1083,happy,HAP,1083_WSI_HAP_XX.wav,True,72862,1611608524000000000
/Users/jordanacle/Downloads/archive/Crema/1083_WSI_NEU_XX.wav,1083,neutral,NEU,1083_WSI_NEU_XX.wav,True,72862,1611608524000000000
/Users/jordanacle/Downloads/archive/Crema/1084_DFA_HAP_XX.wav,1084,happy,HAP,1084_DFA_HAP_XX.wav,True,72862,1611608524000000000
/Users/jordanacle/Downloads/archive/Crema/1084_IEO_ANG_LO.wav,1084,angry,ANG,1084_IEO_ANG_LO.wav,True,74786,1611608524000000000
/Users/jordanacle/Downloads/archive/Crema/1084_DFA_NEU_XX.wav,1084,neutral,NEU,1084_DFA_NEU_XX.wav,True,61972,1611608524000000000
/Users/jordanacle/Downloads/archive/Crema/1084_IEO_ANG_MD.wav,1084,angry,ANG,1084_IEO_ANG_MD.wav,True,79056,1611608524000000000
/Users/jordanacle/Downloads/archive/Crema/1084_IEO_DIS_HI.wav,1084,disgust,DIS,1084_IEO_DIS_HI.wav,True,83328,1611608524000000000
/Users/jordanacle/Downloads/archive/Crema/1084_IEO_DIS_LO.wav,1084,disgust,DIS,1084_IEO_DIS_LO.wav,True,72862,1611608524000000000
/Users/jordanacle/Downloads/archive/Crema/1084_IEO_FEA_LO.wav,1084,fear,FEA,1084_IEO_FEA_LO.wav,True,66244,1611608524000000000
/Users/jordanacle/Downloads/archive/Crema/1084_IEO_HAP_MD.wav,1084,happy,HAP,1084_IEO_HAP_MD.wav,True,74786,1611608524000000000
/Users/jordanacle/Downloads/archive/Crema/1084_IEO_FEA_HI.wav,1084,fear,FEA,1084_IEO_FEA_HI.wav,True,71582,1611608524000000000
/Users/jordanacle/Downloads/archive/Crema/1084_IEO_HAP_HI.wav,1084,happy,HAP,1084_IEO_HAP_HI.wav,True,80124,1611608524000000000
/Users/jordanacle/Downloads/archive/Crema/1084_IEO_NEU_XX.wav,1084,neutral,NEU,1084_IEO_NEU_XX.wav,True,55566,1611608524000000000
/Users/jordanacle/Downloads/archive/Crema/1084_IEO_SAD_HI.wav,1084,sad,SAD,1084_IEO_SAD_HI.wav,True,68378,1611608524000000000
/Users/jordanacle/Downloads/archive/Crema/1084_IEO_SAD_LO.wav,1084,sad,SAD,1084_IEO_SAD_LO.wav,True,87598,1611608524000000000
/Users/jordanacle/Downloads/archive/Crema/1084_IOM_ANG_XX.wav,1084,angry,ANG,1084_IOM_ANG_XX.wav,True,77988,1611608524000000000
/Users/jordanacle/Downloads/archive/Crema/1084_IOM_DIS_XX.wav,1084,disgust,DIS,1084_IOM_DIS_XX.wav,True,97208,1611608524000000000
/Users/jordanacle/Downloads/archive/Crema/1084_IOM_FEA_XX.wav,1084,fear,FEA,1084_IOM_FEA_XX.wav,True,99344,1611608524000000000
/Users/jordanacle/Downloads/archive/Crema/1084_IOM_NEU_XX.wav,1084,neutral,NEU,1084_IOM_NEU_XX.wav,True,61972,1611608524000000000
/Users/jordanacle/Downloads/archive/Crema/1084_IOM_SAD_XX.wav,1084,sad,SAD,1084_IOM_SAD_XX.wav,True,72862,1611608524000000000
/Users/jordanacle/Downloads/archive/Crema/1084_ITH_FEA_XX.wav,1084,fear,FEA,1084_ITH_FEA_XX.wav,True,100410,1611608524000000000
/Users/jordanacle/Downloads/archive/Crema/1084_ITH_DIS_XX.wav,1084,disgust,DIS,1084_ITH_DIS_XX.wav,True,107884,1611608524000000000
/Users/jordanacle/Downloads/archive/Crema/1084_ITH_HAP_XX.wav,1084,happy,HAP,1084_ITH_HAP_XX.wav,True,90802,1611608524000000000
/Users/jordanacle/Downloads/archive/Crema/1084_ITH_NEU_XX.wav,1084,neutral,NEU,1084_ITH_NEU_XX.wav,True,84394,1611608524000000000
/Users/jordanacle/Downloads/archive/Crema/1084_ITS_ANG_XX.wav,1084,angry,ANG,1084_ITS_ANG_XX.wav,True,94004,1611608524000000000
/Users/jordanacle/Downloads/archive/Crema/1084_ITH_SAD_XX.wav,1084,sad,SAD,1084_ITH_SAD_XX.wav,True,95072,1611608524000000000
/Users/jordanacle/Downloads/archive/Crema/1084_ITS_DIS_XX.wav,1084,disgust,DIS,1084_ITS_DIS_XX.wav,True,71582,1611608524000000000
/Users/jordanacle/Downloads/archive/Crema/1084_ITS_FEA_XX.wav,1084,fear,FEA,1084_ITS_FEA_XX.wav,True,108952,1611608524000000000
/Users/jordanacle/Downloads/archive/Crema/1084_ITS_HAP_XX.wav,1084,happy,HAP,1084_ITS_HAP_XX.wav,True,83328,1611608524000000000
/Users/jordanacle/Downloads/archive/Crema/1084_ITS_NEU_XX.wav,1084,neutral,NEU,1084_ITS_NEU_XX.wav,True,74786,1611608524000000000
/Users/jordanacle/Downloads/archive/Crema/1084_ITS_SAD_XX.wav,1084,sad,SAD,1084_ITS_SAD_XX.wav,True,69446,1611608524000000000
/Users/jordanacle/Downloads/archive/Crema/1084_IWL_ANG_XX.wav,1084,angry,ANG,1084_IWL_ANG_XX.wav,True,110020,1611608524000000000
/Users/jordanacle/Downloads/archive/Crema/1084_IWL_DIS_XX.wav,1084,disgust,DIS,1084_IWL_DIS_XX.wav,True,100410,1611608524000000000
/Users/jordanacle/Downloads/archive/Crema/1084_IWL_FEA_XX.wav,1084,fear,FEA,1084_IWL_FEA_XX.wav,True,105750,1611608524000000000
/Users/jordanacle/Downloads/archive/Crema/1084_IWL_HAP_XX.wav,1084,happy,HAP,1084_IWL_HAP_XX.wav,True,101478,1611608524000000000
/Users/jordanacle/Downloads/archive/Crema/1084_IWL_SAD_XX.wav,1084,sad,SAD,1084_IWL_SAD_XX.wav,True,104682,1611608524000000000
/Users/jordanacle/Downloads/archive/Crema/1084_IWW_ANG_XX.wav,1084,angry,ANG,1084_IWW_ANG_XX.wav,True,80124,1611608524000000000
/Users/jordanacle/Downloads/archive/Crema/1084_IWW_DIS_XX.wav,1084,disgust,DIS,1084_IWW_DIS_XX.wav,True,79056,1611608524000000000
/Users/jordanacle/Downloads/archive/Crema/1084_IWW_FEA_XX.wav,1084,fear,FEA,1084_IWW_FEA_XX.wav,True,102546,1611608524000000000
/Users/jordanacle/Downloads/archive/Crema/1084_IWW_SAD_XX.wav,1084,sad,SAD,1084_IWW_SAD_XX.wav,True,75852,1611608524000000000
/Users/jordanacle/Downloads/archive/Crema/1084_IWW_HAP_XX.wav,1084,happy,HAP,1084_IWW_HAP_XX.wav,True,85462,1611608524000000000
/Users/jordanacle/Downloads/archive/Crema/1084_MTI_ANG_XX.wav,1084,angry,ANG,1084_MTI_ANG_XX.wav,True,100410,1611608524000000000
/Users/jordanacle/Downloads/archive/Crema/1084_MTI_HAP_XX.wav,1084,happy,HAP,1084_MTI_HAP_XX.wav,True,99344,1611608524000000000
/Users/jordanacle/Downloads/archive/Crema/1084_MTI_NEU_XX.wav,1084,neutral,NEU,1084_MTI_NEU_XX.wav,True,82260,1611608526000000000
/Users/jordanacle/Downloads/archive/Crema/1084_MTI_SAD_XX.wav,1084,sad,SAD,1084_MTI_SAD_XX.wav,True,101478,1611608526000000000
/Users/jordanacle/Downloads/archive/Crema/1084_TAI_DIS_XX.wav,1084,disgust,DIS,1084_TAI_DIS_XX.wav,True,94004,1611608526000000000
/Users/jordanacle/Downloads/archive/Crema/1084_TAI_FEA_XX.wav,1084,fear,FEA,1084_TAI_FEA_XX.wav,True,71582,1611608526000000000
/Users/jordanacle/Downloads/archive/Crema/1084_TAI_HAP_XX.wav,1084,happy,HAP,1084_TAI_HAP_XX.wav,True,94004,1611608526000000000
/Users/jordanacle/Downloads/archive/Crema/1084_TAI_NEU_XX.wav,1084,neutral,NEU,1084_TAI_NEU_XX.wav,True,77988,1611608526000000000
/Users/jordanacle/Downloads/archive/Crema/1084_TAI_SAD_XX.wav,1084,sad,SAD,1084_TAI_SAD_XX.wav,True,82260,1611608526000000000
/Users/jordanacle/Downloads/archive/Crema/1084_TIE_HAP_XX.wav,1084,happy,HAP,1084_TIE_HAP_XX.wav,True,83328,1611608526000000000
/Users/jordanacle/Downloads/archive/Crema/1084_TIE_DIS_XX.wav,1084,disgust,DIS,1084_TIE_DIS_XX.wav,True,112156,1611608526000000000
/Users/jordanacle/Downloads/archive/Crema/1084_TIE_FEA_XX.wav,1084,fear,FEA,1084_TIE_FEA_XX.wav,True,84394,1611608526000000000
/Users/jordanacle/Downloads/archive/Crema/1084_TIE_NEU_XX.wav,1084,neutral,NEU,1084_TIE_NEU_XX.wav,True,94004,1611608526000000000
/Users/jordanacle/Downloads/archive/Crema/1084_TIE_SAD_XX.wav,1084,sad,SAD,1084_TIE_SAD_XX.wav,True,86530,1611608526000000000
/Users/jordanacle/Downloads/archive/Crema/1084_TSI_DIS_XX.wav,1084,disgust,DIS,1084_TSI_DIS_XX.wav,True,98276,1611608526000000000
/Users/jordanacle/Downloads/archive/Crema/1084_TSI_ANG_XX.wav,1084,angry,ANG,1084_TSI_ANG_XX.wav,True,90802,1611608526000000000
/Users/jordanacle/Downloads/archive/Crema/1084_TSI_FEA_XX.wav,1084,fear,FEA,1084_TSI_FEA_XX.wav,True,86530,1611608526000000000
/Users/jordanacle/Downloads/archive/Crema/1084_TSI_NEU_XX.wav,1084,neutral,NEU,1084_TSI_NEU_XX.wav,True,80124,1611608526000000000
/Users/jordanacle/Downloads/archive/Crema/1084_TSI_SAD_XX.wav,1084,sad,SAD,1084_TSI_SAD_XX.wav,True,101478,1611608526000000000
/Users/jordanacle/Downloads/archive/Crema/1084_WSI_ANG_XX.wav,1084,angry,ANG,1084_WSI_ANG_XX.wav,True,117494,1611608526000000000
/Users/jordanacle/Downloads/archive/Crema/1084_WSI_HAP_XX.wav,1084,happy,HAP,1084_WSI_HAP_XX.wav,True,89734,1611608526000000000
/Users/jordanacle/Downloads/archive/Crema/1084_WSI_SAD_XX.wav,1084,sad,SAD,1084_WSI_SAD_XX.wav,True,84394,1611608526000000000
/Users/jordanacle/Downloads/archive/Crema/1084_WSI_NEU_XX.wav,1084,neutral,NEU,1084_WSI_NEU_XX.wav,True,79056,1611608526000000000
/Users/jordanacle/Downloads/archive/Crema/1085_DFA_ANG_XX.wav,1085,angry,ANG,1085_DFA_ANG_XX.wav,True,72862,1611608526000000000
/Users/jordanacle/Downloads/archive/Crema/1085_DFA_HAP_XX.wav,1085,happy,HAP,1085_DFA_HAP_XX.wav,True,57702,1611608526000000000
/Users/jordanacle/Downloads/archive/Crema/1085_DFA_NEU_XX.wav,1085,neutral,NEU,1085_DFA_NEU_XX.wav,True,67312,1611608526000000000
/Users/jordanacle/Downloads/archive/Crema/1085_IEO_ANG_LO.wav,1085,angry,ANG,1085_IEO_ANG_LO.wav,True,65176,1611608526000000000
/Users/jordanacle/Downloads/archive/Crema/1085_IEO_ANG_MD.wav,1085,angry,ANG,1085_IEO_ANG_MD.wav,True,76920,1611608526000000000
/Users/jordanacle/Downloads/archive/Crema/1085_IEO_DIS_LO.wav,1085,disgust,DIS,1085_IEO_DIS_LO.wav,True,84394,1611608526000000000
/Users/jordanacle/Downloads/archive/Crema/1085_IEO_DIS_HI.wav,1085,disgust,DIS,1085_IEO_DIS_HI.wav,True,87598,1611608526000000000
/Users/jordanacle/Downloads/archive/Crema/1085_IEO_DIS_MD.wav,1085,disgust,DIS,1085_IEO_DIS_MD.wav,True,75852,1611608526000000000
/Users/jordanacle/Downloads/archive/Crema/1085_IEO_FEA_HI.wav,1085,fear,FEA,1085_IEO_FEA_HI.wav,True,70514,1611608526000000000
/Users/jordanacle/Downloads/archive/Crema/1085_IEO_FEA_MD.wav,1085,fear,FEA,1085_IEO_FEA_MD.wav,True,84394,1611608526000000000
/Users/jordanacle/Downloads/archive/Crema/1085_IEO_FEA_LO.wav,1085,fear,FEA,1085_IEO_FEA_LO.wav,True,66244,1611608526000000000
/Users/jordanacle/Downloads/archive/Crema/1085_IEO_HAP_HI.wav,1085,happy,HAP,1085_IEO_HAP_HI.wav,True,69446,1611608526000000000
/Users/jordanacle/Downloads/archive/Crema/1085_IEO_NEU_XX.wav,1085,neutral,NEU,1085_IEO_NEU_XX.wav,True,65176,1611608526000000000
/Users/jordanacle/Downloads/archive/Crema/1085_IEO_HAP_MD.wav,1085,happy,HAP,1085_IEO_HAP_MD.wav,True,64108,1611608526000000000
/Users/jordanacle/Downloads/archive/Crema/1085_IEO_SAD_HI.wav,1085,sad,SAD,1085_IEO_SAD_HI.wav,True,73718,1611608526000000000
/Users/jordanacle/Downloads/archive/Crema/1085_IEO_SAD_LO.wav,1085,sad,SAD,1085_IEO_SAD_LO.wav,True,83328,1611608526000000000
/Users/jordanacle/Downloads/archive/Crema/1085_IOM_ANG_XX.wav,1085,angry,ANG,1085_IOM_ANG_XX.wav,True,68378,1611608526000000000
/Users/jordanacle/Downloads/archive/Crema/1085_IOM_FEA_XX.wav,1085,fear,FEA,1085_IOM_FEA_XX.wav,True,79056,1611608526000000000
/Users/jordanacle/Downloads/archive/Crema/1085_IOM_DIS_XX.wav,1085,disgust,DIS,1085_IOM_DIS_XX.wav,True,95072,1611608526000000000
/Users/jordanacle/Downloads/archive/Crema/1085_IOM_NEU_XX.wav,1085,neutral,NEU,1085_IOM_NEU_XX.wav,True,42754,1611608526000000000
/Users/jordanacle/Downloads/archive/Crema/1085_IOM_SAD_XX.wav,1085,sad,SAD,1085_IOM_SAD_XX.wav,True,76920,1611608526000000000
/Users/jordanacle/Downloads/archive/Crema/1085_ITH_ANG_XX.wav,1085,angry,ANG,1085_ITH_ANG_XX.wav,True,84394,1611608526000000000
/Users/jordanacle/Downloads/archive/Crema/1085_ITH_DIS_XX.wav,1085,disgust,DIS,1085_ITH_DIS_XX.wav,True,110020,1611608526000000000
/Users/jordanacle/Downloads/archive/Crema/1085_ITH_FEA_XX.wav,1085,fear,FEA,1085_ITH_FEA_XX.wav,True,83328,1611608526000000000
/Users/jordanacle/Downloads/archive/Crema/1085_ITH_HAP_XX.wav,1085,happy,HAP,1085_ITH_HAP_XX.wav,True,74786,1611608526000000000
/Users/jordanacle/Downloads/archive/Crema/1085_ITH_NEU_XX.wav,1085,neutral,NEU,1085_ITH_NEU_XX.wav,True,90802,1611608526000000000
/Users/jordanacle/Downloads/archive/Crema/1085_ITH_SAD_XX.wav,1085,sad,SAD,1085_ITH_SAD_XX.wav,True,73718,1611608526000000000
/Users/jordanacle/Downloads/archive/Crema/1085_ITS_DIS_XX.wav,1085,disgust,DIS,1085_ITS_DIS_XX.wav,True,117494,1611608526000000000
/Users/jordanacle/Downloads/archive/Crema/1085_ITS_FEA_XX.wav,1085,fear,FEA,1085_ITS_FEA_XX.wav,True,103614,1611608526000000000
/Users/jordanacle/Downloads/archive/Crema/1085_ITS_HAP_XX.wav,1085,happy,HAP,1085_ITS_HAP_XX.wav,True,76920,1611608526000000000
/Users/jordanacle/Downloads/archive/Crema/1085_ITS_NEU_XX.wav,1085,neutral,NEU,1085_ITS_NEU_XX.wav,True,68378,1611608526000000000
/Users/jordanacle/Downloads/archive/Crema/1085_ITS_SAD_XX.wav,1085,sad,SAD,1085_ITS_SAD_XX.wav,True,81192,1611608526000000000
/Users/jordanacle/Downloads/archive/Crema/1085_IWL_ANG_XX.wav,1085,angry,ANG,1085_IWL_ANG_XX.wav,True,92936,1611608526000000000
/Users/jordanacle/Downloads/archive/Crema/1085_IWL_DIS_XX.wav,1085,disgust,DIS,1085_IWL_DIS_XX.wav,True,71582,1611608526000000000
/Users/jordanacle/Downloads/archive/Crema/1085_IWL_FEA_XX.wav,1085,fear,FEA,1085_IWL_FEA_XX.wav,True,119630,1611608526000000000
/Users/jordanacle/Downloads/archive/Crema/1085_IWL_HAP_XX.wav,1085,happy,HAP,1085_IWL_HAP_XX.wav,True,74786,1611608526000000000
/Users/jordanacle/Downloads/archive/Crema/1085_IWW_ANG_XX.wav,1085,angry,ANG,1085_IWW_ANG_XX.wav,True,83328,1611608526000000000
/Users/jordanacle/Downloads/archive/Crema/1085_IWL_SAD_XX.wav,1085,sad,SAD,1085_IWL_SAD_XX.wav,True,92936,1611608526000000000
/Users/jordanacle/Downloads/archive/Crema/1085_IWW_DIS_XX.wav,1085,disgust,DIS,1085_IWW_DIS_XX.wav,True,95072,1611608526000000000
/Users/jordanacle/Downloads/archive/Crema/1085_IWW_FEA_XX.wav,1085,fear,FEA,1085_IWW_FEA_XX.wav,True,74786,1611608526000000000
/Users/jordanacle/Downloads/archive/Crema/1085_IWW_SAD_XX.wav,1085,sad,SAD,1085_IWW_SAD_XX.wav,True,81192,1611608526000000000
/Users/jordanacle/Downloads/archive/Crema/1085_IWW_HAP_XX.wav,1085,happy,HAP,1085_IWW_HAP_XX.wav,True,81192,1611608526000000000
/Users/jordanacle/Downloads/archive/Crema/1085_MTI_ANG_XX.wav,1085,angry,ANG,1085_MTI_ANG_XX.wav,True,65176,1611608526000000000
/Users/jordanacle/Downloads/archive/Crema/1085_MTI_HAP_XX.wav,1085,happy,HAP,1085_MTI_HAP_XX.wav,True,75852,1611608526000000000
/Users/jordanacle/Downloads/archive/Crema/1085_MTI_NEU_XX.wav,1085,neutral,NEU,1085_MTI_NEU_XX.wav,True,70514,1611608526000000000
/Users/jordanacle/Downloads/archive/Crema/1085_TAI_ANG_XX.wav,1085,angry,ANG,1085_TAI_ANG_XX.wav,True,84394,1611608526000000000
/Users/jordanacle/Downloads/archive/Crema/1085_TAI_FEA_XX.wav,1085,fear,FEA,1085_TAI_FEA_XX.wav,True,95072,1611608526000000000
/Users/jordanacle/Downloads/archive/Crema/1085_TAI_DIS_XX.wav,1085,disgust,DIS,1085_TAI_DIS_XX.wav,True,98276,1611608526000000000
/Users/jordanacle/Downloads/archive/Crema/1085_TAI_HAP_XX.wav,1085,happy,HAP,1085_TAI_HAP_XX.wav,True,76920,1611608526000000000
/Users/jordanacle/Downloads/archive/Crema/1085_TAI_NEU_XX.wav,1085,neutral,NEU,1085_TAI_NEU_XX.wav,True,72650,1611608526000000000
/Users/jordanacle/Downloads/archive/Crema/1085_TAI_SAD_XX.wav,1085,sad,SAD,1085_TAI_SAD_XX.wav,True,79056,1611608526000000000
/Users/jordanacle/Downloads/archive/Crema/1085_TIE_DIS_XX.wav,1085,disgust,DIS,1085_TIE_DIS_XX.wav,True,123902,1611608526000000000
/Users/jordanacle/Downloads/archive/Crema/1085_TIE_FEA_XX.wav,1085,fear,FEA,1085_TIE_FEA_XX.wav,True,112156,1611608526000000000
/Users/jordanacle/Downloads/archive/Crema/1085_TIE_HAP_XX.wav,1085,happy,HAP,1085_TIE_HAP_XX.wav,True,79056,1611608526000000000
/Users/jordanacle/Downloads/archive/Crema/1085_TIE_NEU_XX.wav,1085,neutral,NEU,1085_TIE_NEU_XX.wav,True,73718,1611608526000000000
/Users/jordanacle/Downloads/archive/Crema/1085_TIE_SAD_XX.wav,1085,sad,SAD,1085_TIE_SAD_XX.wav,True,92936,1611608526000000000
/Users/jordanacle/Downloads/archive/Crema/1085_TSI_DIS_XX.wav,1085,disgust,DIS,1085_TSI_DIS_XX.wav,True,104682,1611608526000000000
/Users/jordanacle/Downloads/archive/Crema/1085_TSI_ANG_XX.wav,1085,angry,ANG,1085_TSI_ANG_XX.wav,True,77988,1611608526000000000
/Users/jordanacle/Downloads/archive/Crema/1085_TSI_NEU_XX.wav,1085,neutral,NEU,1085_TSI_NEU_XX.wav,True,59836,1611608526000000000
/Users/jordanacle/Downloads/archive/Crema/1085_TSI_FEA_XX.wav,1085,fear,FEA,1085_TSI_FEA_XX.wav,True,70514,1611608526000000000
/Users/jordanacle/Downloads/archive/Crema/1085_TSI_SAD_XX.wav,1085,sad,SAD,1085_TSI_SAD_XX.wav,True,68378,1611608526000000000
/Users/jordanacle/Downloads/archive/Crema/1085_WSI_HAP_XX.wav,1085,happy,HAP,1085_WSI_HAP_XX.wav,True,77988,1611608526000000000
/Users/jordanacle/Downloads/archive/Crema/1085_WSI_ANG_XX.wav,1085,angry,ANG,1085_WSI_ANG_XX.wav,True,91868,1611608526000000000
/Users/jordanacle/Downloads/archive/Crema/1086_DFA_DIS_XX.wav,1086,disgust,DIS,1086_DFA_DIS_XX.wav,True,56634,1611608526000000000
/Users/jordanacle/Downloads/archive/Crema/1085_WSI_NEU_XX.wav,1085,neutral,NEU,1085_WSI_NEU_XX.wav,True,73718,1611608526000000000
/Users/jordanacle/Downloads/archive/Crema/1086_DFA_FEA_XX.wav,1086,fear,FEA,1086_DFA_FEA_XX.wav,True,79056,1611608526000000000
/Users/jordanacle/Downloads/archive/Crema/1086_DFA_HAP_XX.wav,1086,happy,HAP,1086_DFA_HAP_XX.wav,True,81192,1611608526000000000
/Users/jordanacle/Downloads/archive/Crema/1086_DFA_NEU_XX.wav,1086,neutral,NEU,1086_DFA_NEU_XX.wav,True,59836,1611608526000000000
/Users/jordanacle/Downloads/archive/Crema/1086_DFA_SAD_XX.wav,1086,sad,SAD,1086_DFA_SAD_XX.wav,True,66244,1611608526000000000
/Users/jordanacle/Downloads/archive/Crema/1086_IEO_ANG_LO.wav,1086,angry,ANG,1086_IEO_ANG_LO.wav,True,89734,1611608526000000000
/Users/jordanacle/Downloads/archive/Crema/1086_IEO_ANG_HI.wav,1086,angry,ANG,1086_IEO_ANG_HI.wav,True,77988,1611608526000000000
/Users/jordanacle/Downloads/archive/Crema/1086_IEO_DIS_HI.wav,1086,disgust,DIS,1086_IEO_DIS_HI.wav,True,87598,1611608526000000000
/Users/jordanacle/Downloads/archive/Crema/1086_IEO_DIS_LO.wav,1086,disgust,DIS,1086_IEO_DIS_LO.wav,True,61972,1611608526000000000
/Users/jordanacle/Downloads/archive/Crema/1086_IEO_DIS_MD.wav,1086,disgust,DIS,1086_IEO_DIS_MD.wav,True,74786,1611608526000000000
/Users/jordanacle/Downloads/archive/Crema/1086_IEO_FEA_LO.wav,1086,fear,FEA,1086_IEO_FEA_LO.wav,True,53430,1611608526000000000
/Users/jordanacle/Downloads/archive/Crema/1086_IEO_FEA_MD.wav,1086,fear,FEA,1086_IEO_FEA_MD.wav,True,63040,1611608526000000000
/Users/jordanacle/Downloads/archive/Crema/1086_IEO_HAP_HI.wav,1086,happy,HAP,1086_IEO_HAP_HI.wav,True,59836,1611608526000000000
/Users/jordanacle/Downloads/archive/Crema/1086_IEO_HAP_LO.wav,1086,happy,HAP,1086_IEO_HAP_LO.wav,True,60904,1611608526000000000
/Users/jordanacle/Downloads/archive/Crema/1086_IEO_SAD_HI.wav,1086,sad,SAD,1086_IEO_SAD_HI.wav,True,71582,1611608526000000000
/Users/jordanacle/Downloads/archive/Crema/1086_IEO_HAP_MD.wav,1086,happy,HAP,1086_IEO_HAP_MD.wav,True,84394,1611608526000000000
/Users/jordanacle/Downloads/archive/Crema/1086_IEO_SAD_LO.wav,1086,sad,SAD,1086_IEO_SAD_LO.wav,True,72862,1611608526000000000
/Users/jordanacle/Downloads/archive/Crema/1086_IEO_SAD_MD.wav,1086,sad,SAD,1086_IEO_SAD_MD.wav,True,80124,1611608526000000000
/Users/jordanacle/Downloads/archive/Crema/1086_IOM_ANG_XX.wav,1086,angry,ANG,1086_IOM_ANG_XX.wav,True,75852,1611608526000000000
/Users/jordanacle/Downloads/archive/Crema/1086_IOM_DIS_XX.wav,1086,disgust,DIS,1086_IOM_DIS_XX.wav,True,87598,1611608526000000000
/Users/jordanacle/Downloads/archive/Crema/1086_IOM_FEA_XX.wav,1086,fear,FEA,1086_IOM_FEA_XX.wav,True,77988,1611608526000000000
/Users/jordanacle/Downloads/archive/Crema/1086_IOM_HAP_XX.wav,1086,happy,HAP,1086_IOM_HAP_XX.wav,True,64108,1611608526000000000
/Users/jordanacle/Downloads/archive/Crema/1086_IOM_SAD_XX.wav,1086,sad,SAD,1086_IOM_SAD_XX.wav,True,96140,1611608526000000000
/Users/jordanacle/Downloads/archive/Crema/1086_ITH_FEA_XX.wav,1086,fear,FEA,1086_ITH_FEA_XX.wav,True,74786,1611608526000000000
/Users/jordanacle/Downloads/archive/Crema/1086_ITH_ANG_XX.wav,1086,angry,ANG,1086_ITH_ANG_XX.wav,True,80124,1611608526000000000
/Users/jordanacle/Downloads/archive/Crema/1086_ITH_HAP_XX.wav,1086,happy,HAP,1086_ITH_HAP_XX.wav,True,85462,1611608526000000000
/Users/jordanacle/Downloads/archive/Crema/1086_ITH_SAD_XX.wav,1086,sad,SAD,1086_ITH_SAD_XX.wav,True,69446,1611608526000000000
/Users/jordanacle/Downloads/archive/Crema/1086_ITH_NEU_XX.wav,1086,neutral,NEU,1086_ITH_NEU_XX.wav,True,86530,1611608526000000000
/Users/jordanacle/Downloads/archive/Crema/1086_ITS_ANG_XX.wav,1086,angry,ANG,1086_ITS_ANG_XX.wav,True,74786,1611608526000000000
/Users/jordanacle/Downloads/archive/Crema/1086_ITS_HAP_XX.wav,1086,happy,HAP,1086_ITS_HAP_XX.wav,True,68378,1611608526000000000
/Users/jordanacle/Downloads/archive/Crema/1086_ITS_NEU_XX.wav,1086,neutral,NEU,1086_ITS_NEU_XX.wav,True,76920,1611608526000000000
/Users/jordanacle/Downloads/archive/Crema/1086_IWL_ANG_XX.wav,1086,angry,ANG,1086_IWL_ANG_XX.wav,True,81192,1611608526000000000
/Users/jordanacle/Downloads/archive/Crema/1086_IWL_DIS_XX.wav,1086,disgust,DIS,1086_IWL_DIS_XX.wav,True,85462,1611608526000000000
/Users/jordanacle/Downloads/archive/Crema/1086_IWL_FEA_XX.wav,1086,fear,FEA,1086_IWL_FEA_XX.wav,True,75852,1611608526000000000
/Users/jordanacle/Downloads/archive/Crema/1086_IWW_ANG_XX.wav,1086,angry,ANG,1086_IWW_ANG_XX.wav,True,90802,1611608526000000000
/Users/jordanacle/Downloads/archive/Crema/1086_IWL_NEU_XX.wav,1086,neutral,NEU,1086_IWL_NEU_XX.wav,True,81192,1611608526000000000
/Users/jordanacle/Downloads/archive/Crema/1086_IWW_DIS_XX.wav,1086,disgust,DIS,1086_IWW_DIS_XX.wav,True,70514,1611608526000000000
/Users/jordanacle/Downloads/archive/Crema/1086_IWL_SAD_XX.wav,1086,sad,SAD,1086_IWL_SAD_XX.wav,True,70514,1611608526000000000
/Users/jordanacle/Downloads/archive/Crema/1086_IWW_NEU_XX.wav,1086,neutral,NEU,1086_IWW_NEU_XX.wav,True,66244,1611608526000000000
/Users/jordanacle/Downloads/archive/Crema/1086_IWW_FEA_XX.wav,1086,fear,FEA,1086_IWW_FEA_XX.wav,True,74786,1611608526000000000
/Users/jordanacle/Downloads/archive/Crema/1086_MTI_DIS_XX.wav,1086,disgust,DIS,1086_MTI_DIS_XX.wav,True,83328,1611608526000000000
/Users/jordanacle/Downloads/archive/Crema/1086_IWW_SAD_XX.wav,1086,sad,SAD,1086_IWW_SAD_XX.wav,True,74786,1611608526000000000
/Users/jordanacle/Downloads/archive/Crema/1086_MTI_FEA_XX.wav,1086,fear,FEA,1086_MTI_FEA_XX.wav,True,81192,1611608526000000000
/Users/jordanacle/Downloads/archive/Crema/1086_MTI_NEU_XX.wav,1086,neutral,NEU,1086_MTI_NEU_XX.wav,True,70514,1611608526000000000
/Users/jordanacle/Downloads/archive/Crema/1086_MTI_HAP_XX.wav,1086,happy,HAP,1086_MTI_HAP_XX.wav,True,73718,1611608526000000000
/Users/jordanacle/Downloads/archive/Crema/1086_MTI_SAD_XX.wav,1086,sad,SAD,1086_MTI_SAD_XX.wav,True,72862,1611608526000000000
/Users/jordanacle/Downloads/archive/Crema/1086_TAI_ANG_XX.wav,1086,angry,ANG,1086_TAI_ANG_XX.wav,True,96140,1611608526000000000
/Users/jordanacle/Downloads/archive/Crema/1086_TAI_HAP_XX.wav,1086,happy,HAP,1086_TAI_HAP_XX.wav,True,65176,1611608526000000000
/Users/jordanacle/Downloads/archive/Crema/1086_TAI_NEU_XX.wav,1086,neutral,NEU,1086_TAI_NEU_XX.wav,True,72862,1611608526000000000
/Users/jordanacle/Downloads/archive/Crema/1086_TIE_ANG_XX.wav,1086,angry,ANG,1086_TIE_ANG_XX.wav,True,96140,1611608526000000000
/Users/jordanacle/Downloads/archive/Crema/1086_TIE_HAP_XX.wav,1086,happy,HAP,1086_TIE_HAP_XX.wav,True,79056,1611608526000000000
/Users/jordanacle/Downloads/archive/Crema/1086_TIE_NEU_XX.wav,1086,neutral,NEU,1086_TIE_NEU_XX.wav,True,70514,1611608526000000000
/Users/jordanacle/Downloads/archive/Crema/1086_TSI_ANG_XX.wav,1086,angry,ANG,1086_TSI_ANG_XX.wav,True,92936,1611608526000000000
/Users/jordanacle/Downloads/archive/Crema/1086_TSI_FEA_XX.wav,1086,fear,FEA,1086_TSI_FEA_XX.wav,True,57702,1611608526000000000
/Users/jordanacle/Downloads/archive/Crema/1086_TSI_DIS_XX.wav,1086,disgust,DIS,1086_TSI_DIS_XX.wav,True,118562,1611608526000000000
/Users/jordanacle/Downloads/archive/Crema/1086_TSI_NEU_XX.wav,1086,neutral,NEU,1086_TSI_NEU_XX.wav,True,72862,1611608526000000000
/Users/jordanacle/Downloads/archive/Crema/1086_TSI_HAP_XX.wav,1086,happy,HAP,1086_TSI_HAP_XX.wav,True,81192,1611608526000000000
/Users/jordanacle/Downloads/archive/Crema/1086_WSI_DIS_XX.wav,1086,disgust,DIS,1086_WSI_DIS_XX.wav,True,120698,1611608526000000000
/Users/jordanacle/Downloads/archive/Crema/1086_TSI_SAD_XX.wav,1086,sad,SAD,1086_TSI_SAD_XX.wav,True,87598,1611608526000000000
/Users/jordanacle/Downloads/archive/Crema/1086_WSI_FEA_XX.wav,1086,fear,FEA,1086_WSI_FEA_XX.wav,True,75852,1611608526000000000
/Users/jordanacle/Downloads/archive/Crema/1086_WSI_HAP_XX.wav,1086,happy,HAP,1086_WSI_HAP_XX.wav,True,79056,1611608526000000000
/Users/jordanacle/Downloads/archive/Crema/1086_WSI_NEU_XX.wav,1086,neutral,NEU,1086_WSI_NEU_XX.wav,True,69446,1611608526000000000
/Users/jordanacle/Downloads/archive/Crema/1086_WSI_SAD_XX.wav,1086,sad,SAD,1086_WSI_SAD_XX.wav,True,72862,1611608526000000000
/Users/jordanacle/Downloads/archive/Crema/1087_DFA_DIS_XX.wav,1087,disgust,DIS,1087_DFA_DIS_XX.wav,True,97208,1611608526000000000
/Users/jordanacle/Downloads/archive/Crema/1087_DFA_FEA_XX.wav,1087,fear,FEA,1087_DFA_FEA_XX.wav,True,79056,1611608526000000000
/Users/jordanacle/Downloads/archive/Crema/1087_DFA_HAP_XX.wav,1087,happy,HAP,1087_DFA_HAP_XX.wav,True,81192,1611608526000000000
/Users/jordanacle/Downloads/archive/Crema/1087_DFA_NEU_XX.wav,1087,neutral,NEU,1087_DFA_NEU_XX.wav,True,76920,1611608526000000000
/Users/jordanacle/Downloads/archive/Crema/1087_IEO_ANG_HI.wav,1087,angry,ANG,1087_IEO_ANG_HI.wav,True,120698,1611608526000000000
/Users/jordanacle/Downloads/archive/Crema/1087_DFA_SAD_XX.wav,1087,sad,SAD,1087_DFA_SAD_XX.wav,True,75852,1611608526000000000
/Users/jordanacle/Downloads/archive/Crema/1087_IEO_ANG_LO.wav,1087,angry,ANG,1087_IEO_ANG_LO.wav,True,96140,1611608526000000000
/Users/jordanacle/Downloads/archive/Crema/1087_IEO_DIS_LO.wav,1087,disgust,DIS,1087_IEO_DIS_LO.wav,True,64108,1611608526000000000
/Users/jordanacle/Downloads/archive/Crema/1087_IEO_DIS_MD.wav,1087,disgust,DIS,1087_IEO_DIS_MD.wav,True,100410,1611608526000000000
/Users/jordanacle/Downloads/archive/Crema/1087_IEO_FEA_LO.wav,1087,fear,FEA,1087_IEO_FEA_LO.wav,True,64108,1611608526000000000
/Users/jordanacle/Downloads/archive/Crema/1087_IEO_FEA_MD.wav,1087,fear,FEA,1087_IEO_FEA_MD.wav,True,80124,1611608526000000000
/Users/jordanacle/Downloads/archive/Crema/1087_IEO_HAP_LO.wav,1087,happy,HAP,1087_IEO_HAP_LO.wav,True,76920,1611608526000000000
/Users/jordanacle/Downloads/archive/Crema/1087_IEO_HAP_HI.wav,1087,happy,HAP,1087_IEO_HAP_HI.wav,True,98276,1611608526000000000
/Users/jordanacle/Downloads/archive/Crema/1087_IEO_HAP_MD.wav,1087,happy,HAP,1087_IEO_HAP_MD.wav,True,105750,1611608526000000000
/Users/jordanacle/Downloads/archive/Crema/1087_IEO_NEU_XX.wav,1087,neutral,NEU,1087_IEO_NEU_XX.wav,True,81192,1611608526000000000
/Users/jordanacle/Downloads/archive/Crema/1087_IEO_SAD_LO.wav,1087,sad,SAD,1087_IEO_SAD_LO.wav,True,79056,1611608526000000000
/Users/jordanacle/Downloads/archive/Crema/1087_IEO_SAD_MD.wav,1087,sad,SAD,1087_IEO_SAD_MD.wav,True,90802,1611608526000000000
/Users/jordanacle/Downloads/archive/Crema/1087_IOM_DIS_XX.wav,1087,disgust,DIS,1087_IOM_DIS_XX.wav,True,81192,1611608526000000000
/Users/jordanacle/Downloads/archive/Crema/1087_IOM_ANG_XX.wav,1087,angry,ANG,1087_IOM_ANG_XX.wav,True,86530,1611608526000000000
/Users/jordanacle/Downloads/archive/Crema/1087_IOM_FEA_XX.wav,1087,fear,FEA,1087_IOM_FEA_XX.wav,True,59836,1611608526000000000
/Users/jordanacle/Downloads/archive/Crema/1087_IOM_HAP_XX.wav,1087,happy,HAP,1087_IOM_HAP_XX.wav,True,57702,1611608526000000000
/Users/jordanacle/Downloads/archive/Crema/1087_ITH_ANG_XX.wav,1087,angry,ANG,1087_ITH_ANG_XX.wav,True,77988,1611608526000000000
/Users/jordanacle/Downloads/archive/Crema/1087_IOM_SAD_XX.wav,1087,sad,SAD,1087_IOM_SAD_XX.wav,True,58770,1611608526000000000
/Users/jordanacle/Downloads/archive/Crema/1087_ITH_HAP_XX.wav,1087,happy,HAP,1087_ITH_HAP_XX.wav,True,58770,1611608526000000000
/Users/jordanacle/Downloads/archive/Crema/1087_ITS_ANG_XX.wav,1087,angry,ANG,1087_ITS_ANG_XX.wav,True,79056,1611608526000000000
/Users/jordanacle/Downloads/archive/Crema/1087_ITH_NEU_XX.wav,1087,neutral,NEU,1087_ITH_NEU_XX.wav,True,83328,1611608526000000000
/Users/jordanacle/Downloads/archive/Crema/1087_ITS_HAP_XX.wav,1087,happy,HAP,1087_ITS_HAP_XX.wav,True,65176,1611608526000000000
/Users/jordanacle/Downloads/archive/Crema/1087_ITS_DIS_XX.wav,1087,disgust,DIS,1087_ITS_DIS_XX.wav,True,100410,1611608526000000000
/Users/jordanacle/Downloads/archive/Crema/1087_ITS_NEU_XX.wav,1087,neutral,NEU,1087_ITS_NEU_XX.wav,True,70514,1611608526000000000
/Users/jordanacle/Downloads/archive/Crema/1087_IWL_ANG_XX.wav,1087,angry,ANG,1087_IWL_ANG_XX.wav,True,95072,1611608528000000000
/Users/jordanacle/Downloads/archive/Crema/1087_IWL_DIS_XX.wav,1087,disgust,DIS,1087_IWL_DIS_XX.wav,True,104682,1611608528000000000
/Users/jordanacle/Downloads/archive/Crema/1087_IWL_FEA_XX.wav,1087,fear,FEA,1087_IWL_FEA_XX.wav,True,96140,1611608528000000000
/Users/jordanacle/Downloads/archive/Crema/1087_IWL_NEU_XX.wav,1087,neutral,NEU,1087_IWL_NEU_XX.wav,True,90802,1611608528000000000
/Users/jordanacle/Downloads/archive/Crema/1087_IWW_DIS_XX.wav,1087,disgust,DIS,1087_IWW_DIS_XX.wav,True,68378,1611608528000000000
/Users/jordanacle/Downloads/archive/Crema/1087_IWL_SAD_XX.wav,1087,sad,SAD,1087_IWL_SAD_XX.wav,True,84394,1611608528000000000
/Users/jordanacle/Downloads/archive/Crema/1087_IWW_ANG_XX.wav,1087,angry,ANG,1087_IWW_ANG_XX.wav,True,90802,1611608528000000000
/Users/jordanacle/Downloads/archive/Crema/1087_IWW_FEA_XX.wav,1087,fear,FEA,1087_IWW_FEA_XX.wav,True,55566,1611608528000000000
/Users/jordanacle/Downloads/archive/Crema/1087_IWW_NEU_XX.wav,1087,neutral,NEU,1087_IWW_NEU_XX.wav,True,68378,1611608528000000000
/Users/jordanacle/Downloads/archive/Crema/1087_IWW_SAD_XX.wav,1087,sad,SAD,1087_IWW_SAD_XX.wav,True,67312,1611608528000000000
/Users/jordanacle/Downloads/archive/Crema/1087_MTI_ANG_XX.wav,1087,angry,ANG,1087_MTI_ANG_XX.wav,True,73718,1611608528000000000
/Users/jordanacle/Downloads/archive/Crema/1087_MTI_FEA_XX.wav,1087,fear,FEA,1087_MTI_FEA_XX.wav,True,82260,1611608528000000000
/Users/jordanacle/Downloads/archive/Crema/1087_MTI_DIS_XX.wav,1087,disgust,DIS,1087_MTI_DIS_XX.wav,True,92936,1611608528000000000
/Users/jordanacle/Downloads/archive/Crema/1087_MTI_HAP_XX.wav,1087,happy,HAP,1087_MTI_HAP_XX.wav,True,83328,1611608528000000000
/Users/jordanacle/Downloads/archive/Crema/1087_TAI_ANG_XX.wav,1087,angry,ANG,1087_TAI_ANG_XX.wav,True,96140,1611608528000000000
/Users/jordanacle/Downloads/archive/Crema/1087_MTI_SAD_XX.wav,1087,sad,SAD,1087_MTI_SAD_XX.wav,True,85462,1611608528000000000
/Users/jordanacle/Downloads/archive/Crema/1087_MTI_NEU_XX.wav,1087,neutral,NEU,1087_MTI_NEU_XX.wav,True,101478,1611608528000000000
/Users/jordanacle/Downloads/archive/Crema/1087_TAI_DIS_XX.wav,1087,disgust,DIS,1087_TAI_DIS_XX.wav,True,74786,1611608528000000000
/Users/jordanacle/Downloads/archive/Crema/1087_TAI_FEA_XX.wav,1087,fear,FEA,1087_TAI_FEA_XX.wav,True,64108,1611608528000000000
/Users/jordanacle/Downloads/archive/Crema/1087_TAI_HAP_XX.wav,1087,happy,HAP,1087_TAI_HAP_XX.wav,True,63040,1611608528000000000
/Users/jordanacle/Downloads/archive/Crema/1087_TAI_NEU_XX.wav,1087,neutral,NEU,1087_TAI_NEU_XX.wav,True,89734,1611608528000000000
/Users/jordanacle/Downloads/archive/Crema/1087_TIE_ANG_XX.wav,1087,angry,ANG,1087_TIE_ANG_XX.wav,True,86530,1611608528000000000
/Users/jordanacle/Downloads/archive/Crema/1087_TIE_NEU_XX.wav,1087,neutral,NEU,1087_TIE_NEU_XX.wav,True,76920,1611608528000000000
/Users/jordanacle/Downloads/archive/Crema/1087_TIE_HAP_XX.wav,1087,happy,HAP,1087_TIE_HAP_XX.wav,True,92936,1611608528000000000
/Users/jordanacle/Downloads/archive/Crema/1087_TSI_ANG_XX.wav,1087,angry,ANG,1087_TSI_ANG_XX.wav,True,108952,1611608528000000000
/Users/jordanacle/Downloads/archive/Crema/1087_TIE_SAD_XX.wav,1087,sad,SAD,1087_TIE_SAD_XX.wav,True,75852,1611608528000000000
/Users/jordanacle/Downloads/archive/Crema/1087_TSI_DIS_XX.wav,1087,disgust,DIS,1087_TSI_DIS_XX.wav,True,79056,1611608528000000000
/Users/jordanacle/Downloads/archive/Crema/1087_TSI_FEA_XX.wav,1087,fear,FEA,1087_TSI_FEA_XX.wav,True,74786,1611608528000000000
/Users/jordanacle/Downloads/archive/Crema/1087_TSI_HAP_XX.wav,1087,happy,HAP,1087_TSI_HAP_XX.wav,True,87598,1611608528000000000
/Users/jordanacle/Downloads/archive/Crema/1087_TSI_SAD_XX.wav,1087,sad,SAD,1087_TSI_SAD_XX.wav,True,84394,1611608528000000000
/Users/jordanacle/Downloads/archive/Crema/1087_WSI_DIS_XX.wav,1087,disgust,DIS,1087_WSI_DIS_XX.wav,True,108952,1611608528000000000
/Users/jordanacle/Downloads/archive/Crema/1087_WSI_FEA_XX.wav,1087,fear,FEA,1087_WSI_FEA_XX.wav,True,69446,1611608528000000000
/Users/jordanacle/Downloads/archive/Crema/1087_WSI_HAP_XX.wav,1087,happy,HAP,1087_WSI_HAP_XX.wav,True,61972,1611608528000000000
/Users/jordanacle/Downloads/archive/Crema/1087_WSI_NEU_XX.wav,1087,neutral,NEU,1087_WSI_NEU_XX.wav,True,76920,1611608528000000000
/Users/jordanacle/Downloads/archive/Crema/1087_WSI_SAD_XX.wav,1087,sad,SAD,1087_WSI_SAD_XX.wav,True,101478,1611608528000000000
/Users/jordanacle/Downloads/archive/Crema/1088_DFA_ANG_XX.wav,1088,angry,ANG,1088_DFA_ANG_XX.wav,True,63040,1611608528000000000
/Users/jordanacle/Downloads/archive/Crema/1088_DFA_DIS_XX.wav,1088,disgust,DIS,1088_DFA_DIS_XX.wav,True,72650,1611608528000000000
/Users/jordanacle/Downloads/archive/Crema/1088_DFA_HAP_XX.wav,1088,happy,HAP,1088_DFA_HAP_XX.wav,True,66244,1611608528000000000
/Users/jordanacle/Downloads/archive/Crema/1088_DFA_FEA_XX.wav,1088,fear,FEA,1088_DFA_FEA_XX.wav,True,66244,1611608528000000000
/Users/jordanacle/Downloads/archive/Crema/1088_DFA_NEU_XX.wav,1088,neutral,NEU,1088_DFA_NEU_XX.wav,True,68378,1611608528000000000
/Users/jordanacle/Downloads/archive/Crema/1088_IEO_ANG_HI.wav,1088,angry,ANG,1088_IEO_ANG_HI.wav,True,88666,1611608528000000000
/Users/jordanacle/Downloads/archive/Crema/1088_DFA_SAD_XX.wav,1088,sad,SAD,1088_DFA_SAD_XX.wav,True,91868,1611608528000000000
/Users/jordanacle/Downloads/archive/Crema/1088_IEO_ANG_LO.wav,1088,angry,ANG,1088_IEO_ANG_LO.wav,True,72650,1611608528000000000
/Users/jordanacle/Downloads/archive/Crema/1088_IEO_DIS_LO.wav,1088,disgust,DIS,1088_IEO_DIS_LO.wav,True,77988,1611608528000000000
/Users/jordanacle/Downloads/archive/Crema/1088_IEO_DIS_MD.wav,1088,disgust,DIS,1088_IEO_DIS_MD.wav,True,64108,1611608528000000000
/Users/jordanacle/Downloads/archive/Crema/1088_IEO_FEA_LO.wav,1088,fear,FEA,1088_IEO_FEA_LO.wav,True,68378,1611608528000000000
/Users/jordanacle/Downloads/archive/Crema/1088_IEO_FEA_MD.wav,1088,fear,FEA,1088_IEO_FEA_MD.wav,True,70514,1611608528000000000
/Users/jordanacle/Downloads/archive/Crema/1088_IEO_HAP_LO.wav,1088,happy,HAP,1088_IEO_HAP_LO.wav,True,53430,1611608528000000000
/Users/jordanacle/Downloads/archive/Crema/1088_IEO_HAP_HI.wav,1088,happy,HAP,1088_IEO_HAP_HI.wav,True,69446,1611608528000000000
/Users/jordanacle/Downloads/archive/Crema/1088_IEO_HAP_MD.wav,1088,happy,HAP,1088_IEO_HAP_MD.wav,True,68378,1611608528000000000
/Users/jordanacle/Downloads/archive/Crema/1088_IEO_SAD_LO.wav,1088,sad,SAD,1088_IEO_SAD_LO.wav,True,76920,1611608528000000000
/Users/jordanacle/Downloads/archive/Crema/1088_IOM_ANG_XX.wav,1088,angry,ANG,1088_IOM_ANG_XX.wav,True,80124,1611608528000000000
/Users/jordanacle/Downloads/archive/Crema/1088_IEO_SAD_MD.wav,1088,sad,SAD,1088_IEO_SAD_MD.wav,True,89734,1611608528000000000
/Users/jordanacle/Downloads/archive/Crema/1088_IOM_DIS_XX.wav,1088,disgust,DIS,1088_IOM_DIS_XX.wav,True,81192,1611608528000000000
/Users/jordanacle/Downloads/archive/Crema/1088_IOM_FEA_XX.wav,1088,fear,FEA,1088_IOM_FEA_XX.wav,True,69446,1611608528000000000
/Users/jordanacle/Downloads/archive/Crema/1088_IOM_HAP_XX.wav,1088,happy,HAP,1088_IOM_HAP_XX.wav,True,55566,1611608528000000000
/Users/jordanacle/Downloads/archive/Crema/1088_IOM_SAD_XX.wav,1088,sad,SAD,1088_IOM_SAD_XX.wav,True,73718,1611608528000000000
/Users/jordanacle/Downloads/archive/Crema/1088_ITH_ANG_XX.wav,1088,angry,ANG,1088_ITH_ANG_XX.wav,True,86530,1611608528000000000
/Users/jordanacle/Downloads/archive/Crema/1088_ITH_NEU_XX.wav,1088,neutral,NEU,1088_ITH_NEU_XX.wav,True,79056,1611608528000000000
/Users/jordanacle/Downloads/archive/Crema/1088_ITH_HAP_XX.wav,1088,happy,HAP,1088_ITH_HAP_XX.wav,True,73718,1611608528000000000
/Users/jordanacle/Downloads/archive/Crema/1088_ITS_ANG_XX.wav,1088,angry,ANG,1088_ITS_ANG_XX.wav,True,72650,1611608528000000000
/Users/jordanacle/Downloads/archive/Crema/1088_ITS_NEU_XX.wav,1088,neutral,NEU,1088_ITS_NEU_XX.wav,True,79056,1611608528000000000
/Users/jordanacle/Downloads/archive/Crema/1088_ITS_HAP_XX.wav,1088,happy,HAP,1088_ITS_HAP_XX.wav,True,68378,1611608528000000000
/Users/jordanacle/Downloads/archive/Crema/1088_IWL_ANG_XX.wav,1088,angry,ANG,1088_IWL_ANG_XX.wav,True,76920,1611608528000000000
/Users/jordanacle/Downloads/archive/Crema/1088_IWL_DIS_XX.wav,1088,disgust,DIS,1088_IWL_DIS_XX.wav,True,100410,1611608528000000000
/Users/jordanacle/Downloads/archive/Crema/1088_IWL_FEA_XX.wav,1088,fear,FEA,1088_IWL_FEA_XX.wav,True,107884,1611608528000000000
/Users/jordanacle/Downloads/archive/Crema/1088_IWW_ANG_XX.wav,1088,angry,ANG,1088_IWW_ANG_XX.wav,True,67312,1611608528000000000
/Users/jordanacle/Downloads/archive/Crema/1088_IWL_NEU_XX.wav,1088,neutral,NEU,1088_IWL_NEU_XX.wav,True,81192,1611608528000000000
/Users/jordanacle/Downloads/archive/Crema/1088_IWW_DIS_XX.wav,1088,disgust,DIS,1088_IWW_DIS_XX.wav,True,92936,1611608528000000000
/Users/jordanacle/Downloads/archive/Crema/1088_IWL_SAD_XX.wav,1088,sad,SAD,1088_IWL_SAD_XX.wav,True,99344,1611608528000000000
/Users/jordanacle/Downloads/archive/Crema/1088_IWW_FEA_XX.wav,1088,fear,FEA,1088_IWW_FEA_XX.wav,True,101478,1611608528000000000
/Users/jordanacle/Downloads/archive/Crema/1088_IWW_NEU_XX.wav,1088,neutral,NEU,1088_IWW_NEU_XX.wav,True,66244,1611608528000000000
/Users/jordanacle/Downloads/archive/Crema/1088_IWW_HAP_XX.wav,1088,happy,HAP,1088_IWW_HAP_XX.wav,True,63040,1611608528000000000
/Users/jordanacle/Downloads/archive/Crema/1088_IWW_SAD_XX.wav,1088,sad,SAD,1088_IWW_SAD_XX.wav,True,88666,1611608528000000000
/Users/jordanacle/Downloads/archive/Crema/1088_MTI_ANG_XX.wav,1088,angry,ANG,1088_MTI_ANG_XX.wav,True,86530,1611608528000000000
/Users/jordanacle/Downloads/archive/Crema/1088_MTI_DIS_XX.wav,1088,disgust,DIS,1088_MTI_DIS_XX.wav,True,94004,1611608528000000000
/Users/jordanacle/Downloads/archive/Crema/1088_MTI_FEA_XX.wav,1088,fear,FEA,1088_MTI_FEA_XX.wav,True,90802,1611608528000000000
/Users/jordanacle/Downloads/archive/Crema/1088_MTI_HAP_XX.wav,1088,happy,HAP,1088_MTI_HAP_XX.wav,True,90802,1611608528000000000
/Users/jordanacle/Downloads/archive/Crema/1088_MTI_SAD_XX.wav,1088,sad,SAD,1088_MTI_SAD_XX.wav,True,91868,1611608528000000000
/Users/jordanacle/Downloads/archive/Crema/1088_MTI_NEU_XX.wav,1088,neutral,NEU,1088_MTI_NEU_XX.wav,True,75852,1611608528000000000
/Users/jordanacle/Downloads/archive/Crema/1088_TAI_ANG_XX.wav,1088,angry,ANG,1088_TAI_ANG_XX.wav,True,100410,1611608528000000000
/Users/jordanacle/Downloads/archive/Crema/1088_TAI_DIS_XX.wav,1088,disgust,DIS,1088_TAI_DIS_XX.wav,True,91868,1611608528000000000
/Users/jordanacle/Downloads/archive/Crema/1088_TAI_HAP_XX.wav,1088,happy,HAP,1088_TAI_HAP_XX.wav,True,77988,1611608528000000000
/Users/jordanacle/Downloads/archive/Crema/1088_TAI_NEU_XX.wav,1088,neutral,NEU,1088_TAI_NEU_XX.wav,True,63040,1611608528000000000
/Users/jordanacle/Downloads/archive/Crema/1088_TAI_SAD_XX.wav,1088,sad,SAD,1088_TAI_SAD_XX.wav,True,82260,1611608528000000000
/Users/jordanacle/Downloads/archive/Crema/1088_TIE_ANG_XX.wav,1088,angry,ANG,1088_TIE_ANG_XX.wav,True,96140,1611608528000000000
/Users/jordanacle/Downloads/archive/Crema/1088_TIE_FEA_XX.wav,1088,fear,FEA,1088_TIE_FEA_XX.wav,True,96140,1611608528000000000
/Users/jordanacle/Downloads/archive/Crema/1088_TIE_DIS_XX.wav,1088,disgust,DIS,1088_TIE_DIS_XX.wav,True,96140,1611608528000000000
/Users/jordanacle/Downloads/archive/Crema/1088_TIE_HAP_XX.wav,1088,happy,HAP,1088_TIE_HAP_XX.wav,True,87598,1611608528000000000
/Users/jordanacle/Downloads/archive/Crema/1088_TIE_NEU_XX.wav,1088,neutral,NEU,1088_TIE_NEU_XX.wav,True,81192,1611608528000000000
/Users/jordanacle/Downloads/archive/Crema/1088_TIE_SAD_XX.wav,1088,sad,SAD,1088_TIE_SAD_XX.wav,True,85462,1611608528000000000
/Users/jordanacle/Downloads/archive/Crema/1088_TSI_ANG_XX.wav,1088,angry,ANG,1088_TSI_ANG_XX.wav,True,66244,1611608528000000000
/Users/jordanacle/Downloads/archive/Crema/1088_TSI_FEA_XX.wav,1088,fear,FEA,1088_TSI_FEA_XX.wav,True,101478,1611608528000000000
/Users/jordanacle/Downloads/archive/Crema/1088_TSI_DIS_XX.wav,1088,disgust,DIS,1088_TSI_DIS_XX.wav,True,76920,1611608528000000000
/Users/jordanacle/Downloads/archive/Crema/1088_TSI_HAP_XX.wav,1088,happy,HAP,1088_TSI_HAP_XX.wav,True,81192,1611608528000000000
/Users/jordanacle/Downloads/archive/Crema/1088_TSI_SAD_XX.wav,1088,sad,SAD,1088_TSI_SAD_XX.wav,True,75852,1611608528000000000
/Users/jordanacle/Downloads/archive/Crema/1088_WSI_ANG_XX.wav,1088,angry,ANG,1088_WSI_ANG_XX.wav,True,103614,1611608528000000000
/Users/jordanacle/Downloads/archive/Crema/1088_WSI_FEA_XX.wav,1088,fear,FEA,1088_WSI_FEA_XX.wav,True,98276,1611608528000000000
/Users/jordanacle/Downloads/archive/Crema/1088_WSI_DIS_XX.wav,1088,disgust,DIS,1088_WSI_DIS_XX.wav,True,64108,1611608528000000000
/Users/jordanacle/Downloads/archive/Crema/1088_WSI_HAP_XX.wav,1088,happy,HAP,1088_WSI_HAP_XX.wav,True,75852,1611608528000000000
/Users/jordanacle/Downloads/archive/Crema/1088_WSI_NEU_XX.wav,1088,neutral,NEU,1088_WSI_NEU_XX.wav,True,84394,1611608528000000000
/Users/jordanacle/Downloads/archive/Crema/1088_WSI_SAD_XX.wav,1088,sad,SAD,1088_WSI_SAD_XX.wav,True,84394,1611608528000000000
/Users/jordanacle/Downloads/archive/Crema/1089_DFA_DIS_XX.wav,1089,disgust,DIS,1089_DFA_DIS_XX.wav,True,85462,1611608528000000000
/Users/jordanacle/Downloads/archive/Crema/1089_DFA_FEA_XX.wav,1089,fear,FEA,1089_DFA_FEA_XX.wav,True,80124,1611608528000000000
/Users/jordanacle/Downloads/archive/Crema/1089_DFA_HAP_XX.wav,1089,happy,HAP,1089_DFA_HAP_XX.wav,True,79056,1611608528000000000
/Users/jordanacle/Downloads/archive/Crema/1089_DFA_NEU_XX.wav,1089,neutral,NEU,1089_DFA_NEU_XX.wav,True,67312,1611608528000000000
/Users/jordanacle/Downloads/archive/Crema/1089_IEO_ANG_HI.wav,1089,angry,ANG,1089_IEO_ANG_HI.wav,True,80124,1611608528000000000
/Users/jordanacle/Downloads/archive/Crema/1089_DFA_SAD_XX.wav,1089,sad,SAD,1089_DFA_SAD_XX.wav,True,70514,1611608528000000000
/Users/jordanacle/Downloads/archive/Crema/1089_IEO_ANG_LO.wav,1089,angry,ANG,1089_IEO_ANG_LO.wav,True,65176,1611608528000000000
/Users/jordanacle/Downloads/archive/Crema/1089_IEO_DIS_HI.wav,1089,disgust,DIS,1089_IEO_DIS_HI.wav,True,98276,1611608528000000000
/Users/jordanacle/Downloads/archive/Crema/1089_IEO_DIS_LO.wav,1089,disgust,DIS,1089_IEO_DIS_LO.wav,True,87598,1611608528000000000
/Users/jordanacle/Downloads/archive/Crema/1089_IEO_DIS_MD.wav,1089,disgust,DIS,1089_IEO_DIS_MD.wav,True,72862,1611608528000000000
/Users/jordanacle/Downloads/archive/Crema/1089_IEO_FEA_HI.wav,1089,fear,FEA,1089_IEO_FEA_HI.wav,True,74786,1611608528000000000
/Users/jordanacle/Downloads/archive/Crema/1089_IEO_FEA_LO.wav,1089,fear,FEA,1089_IEO_FEA_LO.wav,True,86530,1611608528000000000
/Users/jordanacle/Downloads/archive/Crema/1089_IEO_FEA_MD.wav,1089,fear,FEA,1089_IEO_FEA_MD.wav,True,105750,1611608528000000000
/Users/jordanacle/Downloads/archive/Crema/1089_IEO_HAP_HI.wav,1089,happy,HAP,1089_IEO_HAP_HI.wav,True,73718,1611608528000000000
/Users/jordanacle/Downloads/archive/Crema/1089_IEO_HAP_LO.wav,1089,happy,HAP,1089_IEO_HAP_LO.wav,True,65176,1611608528000000000
/Users/jordanacle/Downloads/archive/Crema/1089_IEO_NEU_XX.wav,1089,neutral,NEU,1089_IEO_NEU_XX.wav,True,76920,1611608528000000000
/Users/jordanacle/Downloads/archive/Crema/1089_IEO_HAP_MD.wav,1089,happy,HAP,1089_IEO_HAP_MD.wav,True,70514,1611608528000000000
/Users/jordanacle/Downloads/archive/Crema/1089_IEO_SAD_LO.wav,1089,sad,SAD,1089_IEO_SAD_LO.wav,True,86530,1611608528000000000
/Users/jordanacle/Downloads/archive/Crema/1089_IEO_SAD_MD.wav,1089,sad,SAD,1089_IEO_SAD_MD.wav,True,89734,1611608528000000000
/Users/jordanacle/Downloads/archive/Crema/1089_IOM_ANG_XX.wav,1089,angry,ANG,1089_IOM_ANG_XX.wav,True,90802,1611608528000000000
/Users/jordanacle/Downloads/archive/Crema/1089_IOM_DIS_XX.wav,1089,disgust,DIS,1089_IOM_DIS_XX.wav,True,99344,1611608528000000000
/Users/jordanacle/Downloads/archive/Crema/1089_IOM_HAP_XX.wav,1089,happy,HAP,1089_IOM_HAP_XX.wav,True,87598,1611608528000000000
/Users/jordanacle/Downloads/archive/Crema/1089_IOM_FEA_XX.wav,1089,fear,FEA,1089_IOM_FEA_XX.wav,True,82260,1611608528000000000
/Users/jordanacle/Downloads/archive/Crema/1089_IOM_SAD_XX.wav,1089,sad,SAD,1089_IOM_SAD_XX.wav,True,65176,1611608528000000000
/Users/jordanacle/Downloads/archive/Crema/1089_ITH_ANG_XX.wav,1089,angry,ANG,1089_ITH_ANG_XX.wav,True,97208,1611608528000000000
/Users/jordanacle/Downloads/archive/Crema/1089_IOM_NEU_XX.wav,1089,neutral,NEU,1089_IOM_NEU_XX.wav,True,70514,1611608528000000000
/Users/jordanacle/Downloads/archive/Crema/1089_ITH_HAP_XX.wav,1089,happy,HAP,1089_ITH_HAP_XX.wav,True,69446,1611608528000000000
/Users/jordanacle/Downloads/archive/Crema/1089_ITS_ANG_XX.wav,1089,angry,ANG,1089_ITS_ANG_XX.wav,True,88666,1611608528000000000
/Users/jordanacle/Downloads/archive/Crema/1089_ITH_NEU_XX.wav,1089,neutral,NEU,1089_ITH_NEU_XX.wav,True,65176,1611608528000000000
/Users/jordanacle/Downloads/archive/Crema/1089_ITS_HAP_XX.wav,1089,happy,HAP,1089_ITS_HAP_XX.wav,True,84394,1611608528000000000
/Users/jordanacle/Downloads/archive/Crema/1089_ITS_NEU_XX.wav,1089,neutral,NEU,1089_ITS_NEU_XX.wav,True,66244,1611608528000000000
/Users/jordanacle/Downloads/archive/Crema/1089_IWL_DIS_XX.wav,1089,disgust,DIS,1089_IWL_DIS_XX.wav,True,119630,1611608528000000000
/Users/jordanacle/Downloads/archive/Crema/1089_IWL_ANG_XX.wav,1089,angry,ANG,1089_IWL_ANG_XX.wav,True,96140,1611608528000000000
/Users/jordanacle/Downloads/archive/Crema/1089_IWL_NEU_XX.wav,1089,neutral,NEU,1089_IWL_NEU_XX.wav,True,77988,1611608528000000000
/Users/jordanacle/Downloads/archive/Crema/1089_IWL_FEA_XX.wav,1089,fear,FEA,1089_IWL_FEA_XX.wav,True,88666,1611608528000000000
/Users/jordanacle/Downloads/archive/Crema/1089_IWL_SAD_XX.wav,1089,sad,SAD,1089_IWL_SAD_XX.wav,True,90802,1611608528000000000
/Users/jordanacle/Downloads/archive/Crema/1089_IWW_ANG_XX.wav,1089,angry,ANG,1089_IWW_ANG_XX.wav,True,77988,1611608528000000000
/Users/jordanacle/Downloads/archive/Crema/1089_IWW_DIS_XX.wav,1089,disgust,DIS,1089_IWW_DIS_XX.wav,True,101478,1611608528000000000
/Users/jordanacle/Downloads/archive/Crema/1089_IWW_FEA_XX.wav,1089,fear,FEA,1089_IWW_FEA_XX.wav,True,81192,1611608528000000000
/Users/jordanacle/Downloads/archive/Crema/1089_IWW_NEU_XX.wav,1089,neutral,NEU,1089_IWW_NEU_XX.wav,True,102546,1611608528000000000
/Users/jordanacle/Downloads/archive/Crema/1089_IWW_SAD_XX.wav,1089,sad,SAD,1089_IWW_SAD_XX.wav,True,90802,1611608528000000000
/Users/jordanacle/Downloads/archive/Crema/1089_MTI_FEA_XX.wav,1089,fear,FEA,1089_MTI_FEA_XX.wav,True,90802,1611608528000000000
/Users/jordanacle/Downloads/archive/Crema/1089_MTI_DIS_XX.wav,1089,disgust,DIS,1089_MTI_DIS_XX.wav,True,145256,1611608528000000000
/Users/jordanacle/Downloads/archive/Crema/1089_MTI_HAP_XX.wav,1089,happy,HAP,1089_MTI_HAP_XX.wav,True,79056,1611608528000000000
/Users/jordanacle/Downloads/archive/Crema/1089_MTI_NEU_XX.wav,1089,neutral,NEU,1089_MTI_NEU_XX.wav,True,91868,1611608528000000000
/Users/jordanacle/Downloads/archive/Crema/1089_MTI_SAD_XX.wav,1089,sad,SAD,1089_MTI_SAD_XX.wav,True,90802,1611608528000000000
/Users/jordanacle/Downloads/archive/Crema/1089_TAI_ANG_XX.wav,1089,angry,ANG,1089_TAI_ANG_XX.wav,True,91868,1611608528000000000
/Users/jordanacle/Downloads/archive/Crema/1089_TAI_HAP_XX.wav,1089,happy,HAP,1089_TAI_HAP_XX.wav,True,79056,1611608528000000000
/Users/jordanacle/Downloads/archive/Crema/1089_TIE_ANG_XX.wav,1089,angry,ANG,1089_TIE_ANG_XX.wav,True,96140,1611608528000000000
/Users/jordanacle/Downloads/archive/Crema/1089_TAI_NEU_XX.wav,1089,neutral,NEU,1089_TAI_NEU_XX.wav,True,79056,1611608528000000000
/Users/jordanacle/Downloads/archive/Crema/1089_TIE_HAP_XX.wav,1089,happy,HAP,1089_TIE_HAP_XX.wav,True,96140,1611608528000000000
/Users/jordanacle/Downloads/archive/Crema/1089_TIE_NEU_XX.wav,1089,neutral,NEU,1089_TIE_NEU_XX.wav,True,95072,1611608528000000000
/Users/jordanacle/Downloads/archive/Crema/1089_TSI_ANG_XX.wav,1089,angry,ANG,1089_TSI_ANG_XX.wav,True,75852,1611608528000000000
/Users/jordanacle/Downloads/archive/Crema/1089_TIE_SAD_XX.wav,1089,sad,SAD,1089_TIE_SAD_XX.wav,True,102546,1611608528000000000
/Users/jordanacle/Downloads/archive/Crema/1089_TSI_DIS_XX.wav,1089,disgust,DIS,1089_TSI_DIS_XX.wav,True,96140,1611608528000000000
/Users/jordanacle/Downloads/archive/Crema/1089_TSI_FEA_XX.wav,1089,fear,FEA,1089_TSI_FEA_XX.wav,True,58770,1611608528000000000
/Users/jordanacle/Downloads/archive/Crema/1089_TSI_HAP_XX.wav,1089,happy,HAP,1089_TSI_HAP_XX.wav,True,74786,1611608528000000000
/Users/jordanacle/Downloads/archive/Crema/1089_TSI_NEU_XX.wav,1089,neutral,NEU,1089_TSI_NEU_XX.wav,True,74786,1611608528000000000
/Users/jordanacle/Downloads/archive/Crema/1089_TSI_SAD_XX.wav,1089,sad,SAD,1089_TSI_SAD_XX.wav,True,80124,1611608528000000000
/Users/jordanacle/Downloads/archive/Crema/1089_WSI_DIS_XX.wav,1089,disgust,DIS,1089_WSI_DIS_XX.wav,True,130308,1611608528000000000
/Users/jordanacle/Downloads/archive/Crema/1089_WSI_FEA_XX.wav,1089,fear,FEA,1089_WSI_FEA_XX.wav,True,73718,1611608528000000000
/Users/jordanacle/Downloads/archive/Crema/1089_WSI_NEU_XX.wav,1089,neutral,NEU,1089_WSI_NEU_XX.wav,True,82260,1611608528000000000
/Users/jordanacle/Downloads/archive/Crema/1089_WSI_HAP_XX.wav,1089,happy,HAP,1089_WSI_HAP_XX.wav,True,70514,1611608528000000000
/Users/jordanacle/Downloads/archive/Crema/1089_WSI_SAD_XX.wav,1089,sad,SAD,1089_WSI_SAD_XX.wav,True,85462,1611608528000000000
/Users/jordanacle/Downloads/archive/Crema/1090_DFA_ANG_XX.wav,1090,angry,ANG,1090_DFA_ANG_XX.wav,True,70514,1611608528000000000
/Users/jordanacle/Downloads/archive/Crema/1090_DFA_HAP_XX.wav,1090,happy,HAP,1090_DFA_HAP_XX.wav,True,60904,1611608528000000000
/Users/jordanacle/Downloads/archive/Crema/1090_DFA_NEU_XX.wav,1090,neutral,NEU,1090_DFA_NEU_XX.wav,True,57702,1611608528000000000
/Users/jordanacle/Downloads/archive/Crema/1090_IEO_ANG_LO.wav,1090,angry,ANG,1090_IEO_ANG_LO.wav,True,82260,1611608528000000000
/Users/jordanacle/Downloads/archive/Crema/1090_IEO_ANG_MD.wav,1090,angry,ANG,1090_IEO_ANG_MD.wav,True,77988,1611608528000000000
/Users/jordanacle/Downloads/archive/Crema/1090_IEO_DIS_HI.wav,1090,disgust,DIS,1090_IEO_DIS_HI.wav,True,59836,1611608528000000000
/Users/jordanacle/Downloads/archive/Crema/1090_IEO_DIS_LO.wav,1090,disgust,DIS,1090_IEO_DIS_LO.wav,True,59836,1611608528000000000
/Users/jordanacle/Downloads/archive/Crema/1090_IEO_DIS_MD.wav,1090,disgust,DIS,1090_IEO_DIS_MD.wav,True,84394,1611608528000000000
/Users/jordanacle/Downloads/archive/Crema/1090_IEO_FEA_HI.wav,1090,fear,FEA,1090_IEO_FEA_HI.wav,True,58770,1611608528000000000
/Users/jordanacle/Downloads/archive/Crema/1090_IEO_FEA_MD.wav,1090,fear,FEA,1090_IEO_FEA_MD.wav,True,64108,1611608528000000000
/Users/jordanacle/Downloads/archive/Crema/1090_IEO_FEA_LO.wav,1090,fear,FEA,1090_IEO_FEA_LO.wav,True,53430,1611608528000000000
/Users/jordanacle/Downloads/archive/Crema/1090_IEO_HAP_HI.wav,1090,happy,HAP,1090_IEO_HAP_HI.wav,True,64108,1611608528000000000
/Users/jordanacle/Downloads/archive/Crema/1090_IEO_NEU_XX.wav,1090,neutral,NEU,1090_IEO_NEU_XX.wav,True,53430,1611608528000000000
/Users/jordanacle/Downloads/archive/Crema/1090_IEO_HAP_MD.wav,1090,happy,HAP,1090_IEO_HAP_MD.wav,True,60904,1611608528000000000
/Users/jordanacle/Downloads/archive/Crema/1090_IEO_SAD_HI.wav,1090,sad,SAD,1090_IEO_SAD_HI.wav,True,57702,1611608528000000000
/Users/jordanacle/Downloads/archive/Crema/1090_IEO_SAD_LO.wav,1090,sad,SAD,1090_IEO_SAD_LO.wav,True,64108,1611608528000000000
/Users/jordanacle/Downloads/archive/Crema/1090_IOM_ANG_XX.wav,1090,angry,ANG,1090_IOM_ANG_XX.wav,True,80124,1611608528000000000
/Users/jordanacle/Downloads/archive/Crema/1090_IOM_DIS_XX.wav,1090,disgust,DIS,1090_IOM_DIS_XX.wav,True,87598,1611608528000000000
/Users/jordanacle/Downloads/archive/Crema/1090_IOM_FEA_XX.wav,1090,fear,FEA,1090_IOM_FEA_XX.wav,True,83328,1611608528000000000
/Users/jordanacle/Downloads/archive/Crema/1090_IOM_NEU_XX.wav,1090,neutral,NEU,1090_IOM_NEU_XX.wav,True,69446,1611608528000000000
/Users/jordanacle/Downloads/archive/Crema/1090_IOM_SAD_XX.wav,1090,sad,SAD,1090_IOM_SAD_XX.wav,True,86530,1611608528000000000
/Users/jordanacle/Downloads/archive/Crema/1090_ITH_ANG_XX.wav,1090,angry,ANG,1090_ITH_ANG_XX.wav,True,111088,1611608528000000000
/Users/jordanacle/Downloads/archive/Crema/1090_ITH_DIS_XX.wav,1090,disgust,DIS,1090_ITH_DIS_XX.wav,True,114292,1611608528000000000
/Users/jordanacle/Downloads/archive/Crema/1090_ITH_HAP_XX.wav,1090,happy,HAP,1090_ITH_HAP_XX.wav,True,68378,1611608530000000000
/Users/jordanacle/Downloads/archive/Crema/1090_ITH_FEA_XX.wav,1090,fear,FEA,1090_ITH_FEA_XX.wav,True,110020,1611608528000000000
/Users/jordanacle/Downloads/archive/Crema/1090_ITH_NEU_XX.wav,1090,neutral,NEU,1090_ITH_NEU_XX.wav,True,73718,1611608530000000000
/Users/jordanacle/Downloads/archive/Crema/1090_ITH_SAD_XX.wav,1090,sad,SAD,1090_ITH_SAD_XX.wav,True,85462,1611608530000000000
/Users/jordanacle/Downloads/archive/Crema/1090_ITS_DIS_XX.wav,1090,disgust,DIS,1090_ITS_DIS_XX.wav,True,91868,1611608530000000000
/Users/jordanacle/Downloads/archive/Crema/1090_ITS_FEA_XX.wav,1090,fear,FEA,1090_ITS_FEA_XX.wav,True,80124,1611608530000000000
/Users/jordanacle/Downloads/archive/Crema/1090_ITS_HAP_XX.wav,1090,happy,HAP,1090_ITS_HAP_XX.wav,True,94004,1611608530000000000
/Users/jordanacle/Downloads/archive/Crema/1090_ITS_SAD_XX.wav,1090,sad,SAD,1090_ITS_SAD_XX.wav,True,94004,1611608530000000000
/Users/jordanacle/Downloads/archive/Crema/1090_IWL_ANG_XX.wav,1090,angry,ANG,1090_IWL_ANG_XX.wav,True,105750,1611608530000000000
/Users/jordanacle/Downloads/archive/Crema/1090_ITS_NEU_XX.wav,1090,neutral,NEU,1090_ITS_NEU_XX.wav,True,81192,1611608530000000000
/Users/jordanacle/Downloads/archive/Crema/1090_IWL_FEA_XX.wav,1090,fear,FEA,1090_IWL_FEA_XX.wav,True,79056,1611608530000000000
/Users/jordanacle/Downloads/archive/Crema/1090_IWL_DIS_XX.wav,1090,disgust,DIS,1090_IWL_DIS_XX.wav,True,104682,1611608530000000000
/Users/jordanacle/Downloads/archive/Crema/1090_IWL_SAD_XX.wav,1090,sad,SAD,1090_IWL_SAD_XX.wav,True,82260,1611608530000000000
/Users/jordanacle/Downloads/archive/Crema/1090_IWL_HAP_XX.wav,1090,happy,HAP,1090_IWL_HAP_XX.wav,True,83328,1611608530000000000
/Users/jordanacle/Downloads/archive/Crema/1090_IWW_ANG_XX.wav,1090,angry,ANG,1090_IWW_ANG_XX.wav,True,91868,1611608530000000000
/Users/jordanacle/Downloads/archive/Crema/1090_IWW_DIS_XX.wav,1090,disgust,DIS,1090_IWW_DIS_XX.wav,True,72650,1611608530000000000
/Users/jordanacle/Downloads/archive/Crema/1090_IWW_FEA_XX.wav,1090,fear,FEA,1090_IWW_FEA_XX.wav,True,80124,1611608530000000000
/Users/jordanacle/Downloads/archive/Crema/1090_IWW_SAD_XX.wav,1090,sad,SAD,1090_IWW_SAD_XX.wav,True,91868,1611608530000000000
/Users/jordanacle/Downloads/archive/Crema/1090_IWW_HAP_XX.wav,1090,happy,HAP,1090_IWW_HAP_XX.wav,True,70514,1611608530000000000
/Users/jordanacle/Downloads/archive/Crema/1090_MTI_NEU_XX.wav,1090,neutral,NEU,1090_MTI_NEU_XX.wav,True,74786,1611608530000000000
/Users/jordanacle/Downloads/archive/Crema/1090_MTI_HAP_XX.wav,1090,happy,HAP,1090_MTI_HAP_XX.wav,True,89734,1611608530000000000
/Users/jordanacle/Downloads/archive/Crema/1090_MTI_ANG_XX.wav,1090,angry,ANG,1090_MTI_ANG_XX.wav,True,71582,1611608530000000000
/Users/jordanacle/Downloads/archive/Crema/1090_TAI_DIS_XX.wav,1090,disgust,DIS,1090_TAI_DIS_XX.wav,True,97208,1611608530000000000
/Users/jordanacle/Downloads/archive/Crema/1090_TAI_FEA_XX.wav,1090,fear,FEA,1090_TAI_FEA_XX.wav,True,77988,1611608530000000000
/Users/jordanacle/Downloads/archive/Crema/1090_TAI_HAP_XX.wav,1090,happy,HAP,1090_TAI_HAP_XX.wav,True,76920,1611608530000000000
/Users/jordanacle/Downloads/archive/Crema/1090_TAI_NEU_XX.wav,1090,neutral,NEU,1090_TAI_NEU_XX.wav,True,76920,1611608530000000000
/Users/jordanacle/Downloads/archive/Crema/1090_TAI_SAD_XX.wav,1090,sad,SAD,1090_TAI_SAD_XX.wav,True,80124,1611608530000000000
/Users/jordanacle/Downloads/archive/Crema/1090_TIE_DIS_XX.wav,1090,disgust,DIS,1090_TIE_DIS_XX.wav,True,128172,1611608530000000000
/Users/jordanacle/Downloads/archive/Crema/1090_TIE_FEA_XX.wav,1090,fear,FEA,1090_TIE_FEA_XX.wav,True,94004,1611608530000000000
/Users/jordanacle/Downloads/archive/Crema/1090_TIE_HAP_XX.wav,1090,happy,HAP,1090_TIE_HAP_XX.wav,True,79056,1611608530000000000
/Users/jordanacle/Downloads/archive/Crema/1090_TIE_NEU_XX.wav,1090,neutral,NEU,1090_TIE_NEU_XX.wav,True,77988,1611608530000000000
/Users/jordanacle/Downloads/archive/Crema/1090_TIE_SAD_XX.wav,1090,sad,SAD,1090_TIE_SAD_XX.wav,True,122834,1611608530000000000
/Users/jordanacle/Downloads/archive/Crema/1090_TSI_ANG_XX.wav,1090,angry,ANG,1090_TSI_ANG_XX.wav,True,91868,1611608530000000000
/Users/jordanacle/Downloads/archive/Crema/1090_TSI_DIS_XX.wav,1090,disgust,DIS,1090_TSI_DIS_XX.wav,True,104682,1611608530000000000
/Users/jordanacle/Downloads/archive/Crema/1090_TSI_FEA_XX.wav,1090,fear,FEA,1090_TSI_FEA_XX.wav,True,81192,1611608530000000000
/Users/jordanacle/Downloads/archive/Crema/1090_TSI_NEU_XX.wav,1090,neutral,NEU,1090_TSI_NEU_XX.wav,True,69446,1611608530000000000
/Users/jordanacle/Downloads/archive/Crema/1090_TSI_SAD_XX.wav,1090,sad,SAD,1090_TSI_SAD_XX.wav,True,82260,1611608530000000000
/Users/jordanacle/Downloads/archive/Crema/1090_WSI_ANG_XX.wav,1090,angry,ANG,1090_WSI_ANG_XX.wav,True,92936,1611608530000000000
/Users/jordanacle/Downloads/archive/Crema/1090_WSI_HAP_XX.wav,1090,happy,HAP,1090_WSI_HAP_XX.wav,True,73718,1611608530000000000
/Users/jordanacle/Downloads/archive/Crema/1090_WSI_NEU_XX.wav,1090,neutral,NEU,1090_WSI_NEU_XX.wav,True,75852,1611608530000000000
/Users/jordanacle/Downloads/archive/Crema/1091_DFA_DIS_XX.wav,1091,disgust,DIS,1091_DFA_DIS_XX.wav,True,85462,1611608530000000000
/Users/jordanacle/Downloads/archive/Crema/1091_DFA_ANG_XX.wav,1091,angry,ANG,1091_DFA_ANG_XX.wav,True,64108,1611608530000000000
/Users/jordanacle/Downloads/archive/Crema/1091_DFA_HAP_XX.wav,1091,happy,HAP,1091_DFA_HAP_XX.wav,True,64108,1611608530000000000
/Users/jordanacle/Downloads/archive/Crema/1091_DFA_NEU_XX.wav,1091,neutral,NEU,1091_DFA_NEU_XX.wav,True,64108,1611608530000000000
/Users/jordanacle/Downloads/archive/Crema/1091_IEO_ANG_LO.wav,1091,angry,ANG,1091_IEO_ANG_LO.wav,True,69446,1611608530000000000
/Users/jordanacle/Downloads/archive/Crema/1091_IEO_ANG_MD.wav,1091,angry,ANG,1091_IEO_ANG_MD.wav,True,74786,1611608530000000000
/Users/jordanacle/Downloads/archive/Crema/1091_IEO_DIS_HI.wav,1091,disgust,DIS,1091_IEO_DIS_HI.wav,True,90802,1611608530000000000
/Users/jordanacle/Downloads/archive/Crema/1091_IEO_FEA_HI.wav,1091,fear,FEA,1091_IEO_FEA_HI.wav,True,74786,1611608530000000000
/Users/jordanacle/Downloads/archive/Crema/1091_IEO_FEA_LO.wav,1091,fear,FEA,1091_IEO_FEA_LO.wav,True,80124,1611608530000000000
/Users/jordanacle/Downloads/archive/Crema/1091_IEO_DIS_LO.wav,1091,disgust,DIS,1091_IEO_DIS_LO.wav,True,85462,1611608530000000000
/Users/jordanacle/Downloads/archive/Crema/1091_IEO_HAP_MD.wav,1091,happy,HAP,1091_IEO_HAP_MD.wav,True,85462,1611608530000000000
/Users/jordanacle/Downloads/archive/Crema/1091_IEO_HAP_HI.wav,1091,happy,HAP,1091_IEO_HAP_HI.wav,True,64108,1611608530000000000
/Users/jordanacle/Downloads/archive/Crema/1091_IEO_NEU_XX.wav,1091,neutral,NEU,1091_IEO_NEU_XX.wav,True,58770,1611608530000000000
/Users/jordanacle/Downloads/archive/Crema/1091_IEO_SAD_HI.wav,1091,sad,SAD,1091_IEO_SAD_HI.wav,True,64108,1611608530000000000
/Users/jordanacle/Downloads/archive/Crema/1091_IEO_SAD_LO.wav,1091,sad,SAD,1091_IEO_SAD_LO.wav,True,69446,1611608530000000000
/Users/jordanacle/Downloads/archive/Crema/1091_IOM_ANG_XX.wav,1091,angry,ANG,1091_IOM_ANG_XX.wav,True,64108,1611608530000000000
/Users/jordanacle/Downloads/archive/Crema/1091_IOM_NEU_XX.wav,1091,neutral,NEU,1091_IOM_NEU_XX.wav,True,64108,1611608530000000000
/Users/jordanacle/Downloads/archive/Crema/1091_IOM_DIS_XX.wav,1091,disgust,DIS,1091_IOM_DIS_XX.wav,True,85462,1611608530000000000
/Users/jordanacle/Downloads/archive/Crema/1091_IOM_FEA_XX.wav,1091,fear,FEA,1091_IOM_FEA_XX.wav,True,96140,1611608530000000000
/Users/jordanacle/Downloads/archive/Crema/1091_IOM_SAD_XX.wav,1091,sad,SAD,1091_IOM_SAD_XX.wav,True,74786,1611608530000000000
/Users/jordanacle/Downloads/archive/Crema/1091_ITH_DIS_XX.wav,1091,disgust,DIS,1091_ITH_DIS_XX.wav,True,96140,1611608530000000000
/Users/jordanacle/Downloads/archive/Crema/1091_ITH_FEA_XX.wav,1091,fear,FEA,1091_ITH_FEA_XX.wav,True,85462,1611608530000000000
/Users/jordanacle/Downloads/archive/Crema/1091_ITH_HAP_XX.wav,1091,happy,HAP,1091_ITH_HAP_XX.wav,True,85462,1611608530000000000
/Users/jordanacle/Downloads/archive/Crema/1091_ITH_NEU_XX.wav,1091,neutral,NEU,1091_ITH_NEU_XX.wav,True,74786,1611608530000000000
/Users/jordanacle/Downloads/archive/Crema/1091_ITH_SAD_XX.wav,1091,sad,SAD,1091_ITH_SAD_XX.wav,True,96140,1611608530000000000
/Users/jordanacle/Downloads/archive/Crema/1091_ITS_ANG_XX.wav,1091,angry,ANG,1091_ITS_ANG_XX.wav,True,90802,1611608530000000000
/Users/jordanacle/Downloads/archive/Crema/1091_ITS_DIS_XX.wav,1091,disgust,DIS,1091_ITS_DIS_XX.wav,True,85462,1611608530000000000
/Users/jordanacle/Downloads/archive/Crema/1091_ITS_FEA_XX.wav,1091,fear,FEA,1091_ITS_FEA_XX.wav,True,85462,1611608530000000000
/Users/jordanacle/Downloads/archive/Crema/1091_ITS_HAP_XX.wav,1091,happy,HAP,1091_ITS_HAP_XX.wav,True,90802,1611608530000000000
/Users/jordanacle/Downloads/archive/Crema/1091_ITS_NEU_XX.wav,1091,neutral,NEU,1091_ITS_NEU_XX.wav,True,80124,1611608530000000000
/Users/jordanacle/Downloads/archive/Crema/1091_ITS_SAD_XX.wav,1091,sad,SAD,1091_ITS_SAD_XX.wav,True,83328,1611608530000000000
/Users/jordanacle/Downloads/archive/Crema/1091_IWL_ANG_XX.wav,1091,angry,ANG,1091_IWL_ANG_XX.wav,True,80124,1611608530000000000
/Users/jordanacle/Downloads/archive/Crema/1091_IWL_DIS_XX.wav,1091,disgust,DIS,1091_IWL_DIS_XX.wav,True,96140,1611608530000000000
/Users/jordanacle/Downloads/archive/Crema/1091_IWL_FEA_XX.wav,1091,fear,FEA,1091_IWL_FEA_XX.wav,True,85462,1611608530000000000
/Users/jordanacle/Downloads/archive/Crema/1091_IWL_HAP_XX.wav,1091,happy,HAP,1091_IWL_HAP_XX.wav,True,85462,1611608530000000000
/Users/jordanacle/Downloads/archive/Crema/1091_IWL_SAD_XX.wav,1091,sad,SAD,1091_IWL_SAD_XX.wav,True,80124,1611608530000000000
/Users/jordanacle/Downloads/archive/Crema/1091_IWW_ANG_XX.wav,1091,angry,ANG,1091_IWW_ANG_XX.wav,True,80124,1611608530000000000
/Users/jordanacle/Downloads/archive/Crema/1091_IWW_HAP_XX.wav,1091,happy,HAP,1091_IWW_HAP_XX.wav,True,96140,1611608530000000000
/Users/jordanacle/Downloads/archive/Crema/1091_IWW_FEA_XX.wav,1091,fear,FEA,1091_IWW_FEA_XX.wav,True,90802,1611608530000000000
/Users/jordanacle/Downloads/archive/Crema/1091_IWW_DIS_XX.wav,1091,disgust,DIS,1091_IWW_DIS_XX.wav,True,96140,1611608530000000000
/Users/jordanacle/Downloads/archive/Crema/1091_IWW_NEU_XX.wav,1091,neutral,NEU,1091_IWW_NEU_XX.wav,True,90802,1611608530000000000
/Users/jordanacle/Downloads/archive/Crema/1091_MTI_ANG_XX.wav,1091,angry,ANG,1091_MTI_ANG_XX.wav,True,74786,1611608530000000000
/Users/jordanacle/Downloads/archive/Crema/1091_IWW_SAD_XX.wav,1091,sad,SAD,1091_IWW_SAD_XX.wav,True,80124,1611608530000000000
/Users/jordanacle/Downloads/archive/Crema/1091_MTI_NEU_XX.wav,1091,neutral,NEU,1091_MTI_NEU_XX.wav,True,69446,1611608530000000000
/Users/jordanacle/Downloads/archive/Crema/1091_MTI_HAP_XX.wav,1091,happy,HAP,1091_MTI_HAP_XX.wav,True,90802,1611608530000000000
/Users/jordanacle/Downloads/archive/Crema/1091_MTI_SAD_XX.wav,1091,sad,SAD,1091_MTI_SAD_XX.wav,True,80124,1611608530000000000
/Users/jordanacle/Downloads/archive/Crema/1091_TAI_DIS_XX.wav,1091,disgust,DIS,1091_TAI_DIS_XX.wav,True,85462,1611608530000000000
/Users/jordanacle/Downloads/archive/Crema/1091_TAI_FEA_XX.wav,1091,fear,FEA,1091_TAI_FEA_XX.wav,True,80124,1611608530000000000
/Users/jordanacle/Downloads/archive/Crema/1091_TAI_HAP_XX.wav,1091,happy,HAP,1091_TAI_HAP_XX.wav,True,74786,1611608530000000000
/Users/jordanacle/Downloads/archive/Crema/1091_TAI_NEU_XX.wav,1091,neutral,NEU,1091_TAI_NEU_XX.wav,True,72650,1611608530000000000
/Users/jordanacle/Downloads/archive/Crema/1091_TAI_SAD_XX.wav,1091,sad,SAD,1091_TAI_SAD_XX.wav,True,69446,1611608530000000000
/Users/jordanacle/Downloads/archive/Crema/1091_TIE_DIS_XX.wav,1091,disgust,DIS,1091_TIE_DIS_XX.wav,True,120698,1611608530000000000
/Users/jordanacle/Downloads/archive/Crema/1091_TIE_FEA_XX.wav,1091,fear,FEA,1091_TIE_FEA_XX.wav,True,80124,1611608530000000000
/Users/jordanacle/Downloads/archive/Crema/1091_TIE_HAP_XX.wav,1091,happy,HAP,1091_TIE_HAP_XX.wav,True,90802,1611608530000000000
/Users/jordanacle/Downloads/archive/Crema/1091_TIE_SAD_XX.wav,1091,sad,SAD,1091_TIE_SAD_XX.wav,True,71582,1611608530000000000
/Users/jordanacle/Downloads/archive/Crema/1091_TIE_NEU_XX.wav,1091,neutral,NEU,1091_TIE_NEU_XX.wav,True,72862,1611608530000000000
/Users/jordanacle/Downloads/archive/Crema/1091_TSI_ANG_XX.wav,1091,angry,ANG,1091_TSI_ANG_XX.wav,True,69446,1611608530000000000
/Users/jordanacle/Downloads/archive/Crema/1091_TSI_FEA_XX.wav,1091,fear,FEA,1091_TSI_FEA_XX.wav,True,69446,1611608530000000000
/Users/jordanacle/Downloads/archive/Crema/1091_TSI_DIS_XX.wav,1091,disgust,DIS,1091_TSI_DIS_XX.wav,True,85462,1611608530000000000
/Users/jordanacle/Downloads/archive/Crema/1091_TSI_NEU_XX.wav,1091,neutral,NEU,1091_TSI_NEU_XX.wav,True,69446,1611608530000000000
/Users/jordanacle/Downloads/archive/Crema/1091_TSI_SAD_XX.wav,1091,sad,SAD,1091_TSI_SAD_XX.wav,True,85462,1611608530000000000
/Users/jordanacle/Downloads/archive/Crema/1091_WSI_ANG_XX.wav,1091,angry,ANG,1091_WSI_ANG_XX.wav,True,85462,1611608530000000000
/Users/jordanacle/Downloads/archive/Crema/1091_WSI_HAP_XX.wav,1091,happy,HAP,1091_WSI_HAP_XX.wav,True,69446,1611608530000000000
/Users/jordanacle/Downloads/archive/Crema/1091_WSI_NEU_XX.wav,1091,neutral,NEU,1091_WSI_NEU_XX.wav,True,74786,1611608530000000000
